26,30|1,0,14,10,15,10;0,-1,11,10,11,9;0,1,9,15,9,17;-1,0,8,15,7,15,7,13,6,13;-1,0,10,8,10,10,7,10;0,-1,15,13,15,11;1,0,10,17,10,16,12,16;1,0,13,11,14,11;0,1,10,13,10,12,8,12,8,14;-1,0,11,13,11,11,9,11;0,1,9,9,4,9,4,12,0,12,0,16,4,16,4,19;-1,0,20,12,20,9,17,9,17,7,13,7,13,2,9,2;1,0,3,26,8,26,8,23,12,23;0,1,19,23,15,23,15,20,13,20,13,16,14,16,14,18;0,1,11,20,12,20,12,18,10,18,10,21,14,21,14,23;1,0,7,4,7,1,12,1,12,0,14,0,14,2,15,2;1,0,17,0,17,3,14,3,14,5,15,5;0,-1,14,6,17,6,17,4,22,4,22,8,20,8,20,6;1,0,22,0,22,3,18,3,18,1,21,1;1,0,11,24,11,26,15,26,15,24,18,24;0,1,20,16,22,16,22,20,20,20,20,24;-1,0,16,8,16,9,12,9,12,4,10,4,10,6,5,6;0,-1,0,8,3,8,3,5,6,5,6,4;0,1,19,24,19,25,22,25,22,21,21,21,21,23;-1,0,0,6,2,6,2,1,6,1,6,3,3,3;-1,0,3,9,0,9,0,11,3,11,3,10,1,10;0,1,8,20,3,20,3,17,0,17,0,20,2,20,2,22;0,1,2,23,2,26,0,26,0,21,1,21,1,23;1,0,16,20,16,15,12,15,12,12,14,12,14,14,18,14;1,0,16,11,18,11,18,13,20,13;1,0,19,21,17,21,17,17,19,17,19,14,21,14;0,1,10,26,10,24,9,24,9,25;0,-1,0,2,0,5,1,5,1,1;0,-1,22,14,22,10,24,10,24,13,23,13,23,11;0,1,18,25,16,25,16,26,19,26,19,27;1,0,23,25,23,23,24,23,24,28,21,28,21,26,23,26;-1,0,10,27,8,27,8,28,13,28,13,27,11,27;1,0,21,12,21,9,22,9;0,-1,24,3,24,5,23,5,23,3;0,-1,23,0,24,0,24,2,23,2,23,1;-1,0,1,28,5,28,5,27,3,27;1,0,26,14,26,12,25,12,25,9,23,9,23,6,25,6;1,0,15,30,15,27,18,27,18,29,20,29;-1,0,14,30,14,29,9,29,9,30,7,30,7,29,5,29;0,1,26,27,26,25,25,25,25,29;-1,0,1,30,4,30,4,29,1,29;0,-1,26,2,26,5,25,5,25,1;1,0,25,24,26,24,26,22,23,22,23,21,24,21
24,28|1,0,13,10,14,10;0,1,10,16,10,17;0,1,8,17,8,18;0,1,10,15,9,15,9,18;0,1,9,13,9,14;1,0,13,13,12,13,12,14,13,14;1,0,11,10,12,10;1,0,11,13,11,15,13,15;1,0,11,11,13,11;1,0,12,7,10,7,10,9,12,9;0,1,13,12,10,12,10,14;0,-1,8,10,9,10,9,8;-1,0,10,10,10,11,7,11;0,-1,8,19,12,19,12,17,15,17,15,12,18,12,18,8;1,0,4,13,4,10,7,10,7,8,5,8,5,3,9,3;-1,0,17,11,17,10,15,10,15,7,20,7,20,2,16,2;0,-1,10,5,10,0,5,0,5,2,7,2,7,1;-1,0,6,23,6,26,11,26,11,23,7,23,7,18,2,18;0,-1,19,13,19,11,22,11,22,6,21,6,21,1;0,-1,4,21,0,21,0,17,3,17,3,14;0,-1,0,0,1,0,1,1,4,1,4,6,3,6,3,2;1,0,9,20,12,20,12,22,8,22,8,21,10,21;0,1,22,16,18,16,18,13,17,13,17,17,20,17,20,22;1,0,13,21,13,19,17,19,17,21,14,21,14,23,17,23;0,1,17,24,16,24,16,26,18,26,18,23,19,23,19,25;0,1,19,26,22,26,22,21,21,21,21,24;0,-1,9,4,6,4,6,7,7,7,7,6,11,6,11,1;0,-1,19,3,19,6,15,6,15,4,13,4,13,1;1,0,20,13,20,12,22,12,22,14,19,14,19,15,21,15;-1,0,2,4,0,4,0,9,2,9,2,6,1,6;-1,0,1,26,5,26,5,23,4,23;-1,0,0,10,3,10,3,12,2,12;0,-1,16,5,16,3,14,3,14,1;0,-1,13,7,14,7,14,5,12,5,12,1;-1,0,0,13,2,13,2,16,1,16;-1,0,5,21,5,20,2,20,2,19,6,19,6,22,3,22;0,1,13,23,12,23,12,24,15,24,15,25;-1,0,0,1,0,3,2,3,2,2,1,2;-1,0,4,24,4,25,3,25,3,23,1,23;-1,0,0,26,0,24,2,24,2,25,1,25;0,-1,24,16,24,12,23,12,23,7;1,0,15,2,15,1,18,1,18,0,22,0,22,5,23,5;-1,0,23,20,23,24,24,24,24,27,23,27;-1,0,24,28,22,28,22,27,18,27;0,-1,23,0,24,0,24,4,23,4,23,3;1,0,24,18,22,18,22,20,21,20,21,17,23,17;-1,0,17,28,12,28,12,27,9,27;-1,0,6,28,8,28,8,27,5,27
26,30|0,-1,13,9,13,8;0,-1,11,9,11,8;0,-1,11,10,12,10,12,9;0,1,8,15,8,18;0,1,10,17,9,17,9,19;-1,0,10,6,10,9,8,9;0,1,5,18,5,15,7,15,7,16;0,1,9,15,9,16,11,16,11,17;0,-1,13,11,13,10;0,1,10,14,11,14,11,15;-1,0,7,12,7,14,5,14;-1,0,10,10,8,10,8,11,7,11;1,0,16,10,14,10,14,9,15,9;0,-1,8,14,9,14,9,11;0,-1,11,12,11,11;0,-1,12,11,12,13,10,13,10,11;0,-1,16,9,16,7,11,7,11,4;0,1,11,24,8,24,8,19,4,19,4,14,2,14,2,18;0,-1,0,7,2,7,2,11,5,11,5,8,9,8,9,7;1,0,10,3,10,5,5,5,5,0,7,0,7,2,12,2;0,-1,12,5,17,5,17,8,19,8,19,3,15,3,15,1;-1,0,11,26,6,26,6,24,1,24;-1,0,16,26,12,26,12,25,7,25,7,22,4,22;1,0,9,20,9,23,11,23,11,20,15,20;1,0,20,20,20,16,18,16,18,11,14,11,14,13,17,13;0,1,10,19,11,19,11,18,14,18,14,14,17,14,17,17;1,0,12,0,16,0,16,2,20,2;-1,0,0,22,0,26,4,26,4,25,2,25;1,0,19,17,19,20,17,20,17,22,19,22;0,-1,19,9,19,11,20,11,20,6,21,6,21,2;-1,0,1,22,3,22,3,19,1,19;0,-1,1,0,1,5,3,5,3,9,4,9,4,5;0,1,22,11,21,11,21,16,22,16,22,21,20,21,20,22;-1,0,7,9,6,9,6,13,5,13,5,12,2,12;1,0,16,21,12,21,12,23,14,23;1,0,12,24,13,24,13,25,15,25;0,1,17,26,22,26,22,22,21,22,21,23;1,0,22,4,22,0,17,0,17,1,19,1;0,-1,2,2,2,4,4,4,4,3;-1,0,0,17,0,20,2,20,2,21,1,21;0,1,23,10,21,10,21,9,24,9,24,14,23,14,23,16;1,0,7,28,7,27,2,27,2,28,0,28,0,27,1,27;0,1,24,23,24,19,23,19,23,23;0,1,24,28,24,24,23,24,23,26;0,-1,22,5,22,7,21,7,21,8,23,8,23,6;0,-1,24,2,24,5,23,5,23,3;-1,0,16,30,16,28,21,28,21,30,25,30,25,29,23,29;0,1,13,30,8,30,8,27,12,27,12,28;-1,0,3,28,4,28,4,30,7,30,7,29,6,29
26,30|-1,0,7,17,6,17;1,0,12,9,13,9;-1,0,7,15,6,15;-1,0,8,16,7,16;1,0,11,10,14,10;-1,0,8,19,8,18,6,18;0,-1,6,7,6,9,8,9,8,7;-1,0,8,14,6,14;-1,0,9,16,9,15,8,15;0,-1,7,10,9,10,9,8;0,-1,9,11,6,11,6,10;0,-1,11,13,13,13,13,12;1,0,13,14,13,15,15,15;0,1,13,16,13,18;-1,0,12,14,9,14,9,13,7,13;1,0,9,18,12,18;0,1,11,16,12,16,12,17;1,0,8,17,10,17,10,15,12,15;-1,0,4,5,4,10,1,10,1,15,5,15,5,19,2,19;1,0,18,13,18,16,22,16,22,12,17,12,17,8,21,8;1,0,8,3,13,3,13,8,15,8,15,3,20,3;0,1,4,18,4,16,0,16,0,21,1,21,1,24;1,0,14,25,14,21,9,21,9,20,4,20,4,22,9,22;0,1,13,22,13,26,10,26,10,22,12,22,12,23;-1,0,17,4,19,4,19,7,22,7,22,2,20,2;0,-1,5,14,2,14,2,11,5,11,5,6,7,6,7,2;-1,0,15,2,11,2,11,1,6,1;1,0,9,0,14,0,14,1,19,1;-1,0,6,5,5,5,5,1,4,1,4,4,1,4;0,1,10,19,10,20,14,20,14,18,15,18,15,22;1,0,14,26,15,26,15,24,19,24;0,1,17,26,21,26,21,22,22,22,22,18,20,18,20,23;1,0,22,11,20,11,20,9,18,9,18,11,19,11;-1,0,0,4,0,9,3,9,3,6,2,6;-1,0,1,25,1,26,5,26,5,25,3,25;0,1,8,26,6,26,6,24,4,24,4,23,7,23,7,25;0,-1,4,0,0,0,0,3,2,3,2,1;1,0,15,23,16,23,16,22,18,22,18,17,20,17;0,1,8,25,8,23,9,23,9,24;-1,0,9,25,9,27,7,27;-1,0,14,28,14,27,10,27,10,28,6,28,6,27,4,27;0,-1,24,22,23,22,23,20,24,20,24,16,23,16,23,14;0,-1,24,4,23,4,23,7,24,7,24,10,23,10,23,8;0,1,23,28,21,28,21,27,24,27,24,23,22,23,22,24;0,-1,24,1,24,3,23,3,23,1;0,1,18,25,16,25,16,27;1,0,3,27,0,27,0,29,4,29;0,1,23,11,24,11,24,15,26,15,26,17,25,17,25,19;1,0,21,30,18,30,18,29,22,29;0,-1,22,1,21,1,21,0,26,0,26,4,25,4,25,1
35,40|-1,0,6,24,5,24;-1,0,10,34,9,34;-1,0,9,33,8,33;-1,0,7,26,6,26;1,0,27,9,28,9;1,0,29,15,30,15;1,0,27,16,28,16;-1,0,11,33,10,33;-1,0,12,34,11,34;0,-1,23,7,23,6;0,-1,23,9,23,8;-1,0,9,31,8,31;-1,0,9,28,8,28;1,0,27,14,30,14;1,0,29,10,29,12,30,12;1,0,28,12,28,13,29,13;-1,0,7,24,7,23,6,23;1,0,26,8,28,8;0,1,18,33,18,32,16,32,16,34;-1,0,8,29,8,30,10,30,10,32,7,32;-1,0,10,29,10,27,7,27;1,0,11,35,13,35,13,33,15,33;0,1,18,31,18,30,19,30,19,31;0,1,11,32,11,30,12,30,12,33;0,-1,22,7,22,6;-1,0,10,26,8,26,8,25,7,25;1,0,25,8,25,7,27,7,27,6,28,6;0,-1,27,10,26,10,26,9;0,-1,28,11,25,11,25,9,24,9,24,7;0,-1,26,12,24,12,24,10;-1,0,10,23,10,24,8,24;-1,0,13,30,13,32,15,32,15,30,14,30;0,-1,20,6,20,8,18,8,18,6;0,1,15,29,16,29,16,31;1,0,20,24,22,24;-1,0,13,11,14,11,14,13,12,13;1,0,28,15,26,15,26,13,27,13;-1,0,16,11,15,11;0,1,21,20,22,20,22,21;0,-1,22,11,22,8,21,8,21,5;-1,0,11,23,11,25,9,25;1,0,18,29,19,29;-1,0,9,22,7,22;-1,0,11,19,8,19,8,21,7,21;0,1,20,28,17,28,17,29;1,0,25,14,24,14,24,13,25,13;0,1,12,24,13,24,13,27,11,27,11,29;0,1,15,28,14,28,14,29;0,1,17,25,17,27;-1,0,17,10,16,10,16,9,13,9;-1,0,11,20,12,20,12,21,9,21;1,0,19,11,19,10,21,10;1,0,26,16,24,16,24,17,27,17;0,1,22,17,22,19,24,19,24,21;0,-1,11,17,12,17,12,14;-1,0,16,12,17,12,17,14,15,14;1,0,20,25,19,25,19,27,20,27;0,-1,20,12,18,12,18,9,17,9,17,7;0,1,14,25,14,27,16,27,16,28;-1,0,10,22,13,22,13,23,12,23;1,0,18,26,18,24,19,24;0,1,25,15,23,15,23,16;0,1,22,15,22,12,23,12,23,14;0,1,16,24,15,24,15,26;0,1,19,23,17,23,17,24;0,1,16,23,16,22,14,22,14,23;0,-1,13,17,13,18,10,18,10,17;-1,0,13,20,14,20,14,21,13,21;1,0,21,14,20,14,20,15,21,15;-1,0,21,12,21,13,19,13,19,14,18,14;-1,0,14,16,14,19,13,19;0,1,18,21,19,21,19,22;0,1,15,17,15,19,16,19,16,20;0,-1,21,17,21,16;1,0,17,15,19,15,19,16,20,16;1,0,16,18,19,18,19,17,20,17;0,1,21,19,18,19,18,20,17,20,17,22;0,-1,5,26,4,26,4,24,2,24,2,19,7,19,7,14;0,1,0,25,0,30,1,30,1,33;0,1,30,13,32,13,32,18;0,-1,27,4,30,4,30,9,35,9,35,14,34,14,34,12;1,0,27,24,24,24,24,28,28,28,28,30,32,30;1,0,20,5,20,2,16,2,16,0,21,0,21,1,24,1;-1,0,17,33,17,34,20,34,20,39,16,39;1,0,34,4,31,4,31,0,26,0,26,3,30,3;0,-1,10,9,10,6,7,6,7,1;0,1,6,32,6,27,1,27,1,29,4,29,4,34;-1,0,1,35,5,35,5,34,6,34,6,36,4,36;0,1,33,26,29,26,29,29,34,29,34,31,31,31,31,35;0,-1,12,9,11,9,11,13,9,13,9,9,6,9,6,6;-1,0,15,5,11,5,11,0,6,0,6,4,5,4;-1,0,16,40,12,40,12,39,9,39;-1,0,11,40,8,40,8,39,6,39;1,0,20,40,24,40,24,38,28,38,28,36,32,36;1,0,20,20,20,23,24,23,24,22,28,22,28,24,33,24;0,1,7,40,5,40,5,38,7,38,7,37,4,37,4,38;0,-1,32,0,32,3,34,3,34,1;1,0,35,37,35,35,32,35,32,34,34,34;0,-1,2,16,5,16,5,12,3,12,3,10,1,10,1,6;1,0,35,23,35,27,31,27,31,28,33,28;-1,0,3,7,3,5,1,5,1,0,4,0,4,4,3,4;1,0,35,7,35,5,34,5,34,8,31,8,31,7,33,7;0,1,30,40,34,40,34,36,33,36,33,38;-1,0,0,9,0,13,4,13,4,14,3,14;0,1,0,31,0,36,3,36,3,38;0,-1,15,0,12,0,12,4,13,4,13,2;1,0,25,18,25,21,26,21,26,20,29,20
25,28|0,1,11,18,11,19;-1,0,6,9,5,9;-1,0,9,15,8,15;0,-1,11,9,11,8;0,-1,6,8,9,8,9,6;-1,0,10,9,7,9,7,10,5,10;-1,0,8,13,8,11,5,11;-1,0,9,12,9,10,8,10;-1,0,9,16,8,16;-1,0,12,10,10,10;0,-1,13,8,12,8,12,7;0,1,9,14,10,14,10,16;0,-1,9,13,10,13,10,11;0,1,12,17,12,18,13,18,13,19;1,0,16,15,18,15;-1,0,13,9,12,9;1,0,15,15,15,16,17,16;0,1,16,13,16,14;1,0,14,11,14,8,15,8;0,1,14,15,13,15,13,17;0,-1,11,11,11,12,13,12,13,10;1,0,14,14,15,14,15,12,16,12;1,0,11,16,12,16,12,13,14,13;0,-1,8,24,8,20,3,20,3,15,1,15,1,10;1,0,2,0,4,0,4,5,9,5,9,2,12,2;-1,0,20,26,20,23,15,23,15,26,13,26,13,25,8,25;0,-1,19,19,22,19,22,14,17,14,17,12,19,12,19,10;0,-1,20,0,17,0,17,2,20,2,20,7,17,7,17,4;1,0,11,7,11,3,16,3,16,8,19,8;0,1,0,25,0,20,2,20,2,25;0,-1,2,6,2,9,0,9,0,7,1,7,1,4;1,0,9,19,9,24,11,24,11,21,14,21;0,-1,23,8,23,12,20,12,20,8,21,8,21,4;0,1,0,26,4,26,4,23,6,23,6,21,3,21,3,23;1,0,12,24,12,22,15,22,15,20,17,20;1,0,16,22,16,21,17,21,17,22,19,22;1,0,23,20,20,20,20,22,22,22;-1,0,0,3,0,0,1,0,1,3,3,3,3,1,2,1;0,1,19,26,18,26,18,24,16,24,16,25;0,-1,22,7,23,7,23,5,22,5,22,2;0,-1,5,0,5,4,7,4,7,3;0,-1,15,0,13,0,13,2,14,2,14,1;0,-1,8,4,8,2,7,2,7,1;0,1,7,21,7,24,5,24,5,25;1,0,23,23,23,26,21,26,21,25,22,25;-1,0,0,13,0,16,2,16,2,17,1,17;-1,0,0,19,0,18,2,18,2,19,1,19;0,-1,25,24,25,20,24,20,24,16;0,1,5,26,5,28,10,28,10,26,12,26,12,27;0,-1,25,19,25,15,24,15,24,13;0,1,21,21,24,21,24,26;0,-1,25,14,25,12,24,12,24,11;1,0,17,25,17,27,22,27
25,28|0,1,5,14,5,15;-1,0,6,10,5,10;0,-1,14,8,13,8,13,6;0,1,10,18,11,18,11,19;1,0,10,7,11,7,11,8,12,8;1,0,16,13,17,13;1,0,7,6,8,6,8,8,10,8;0,-1,5,12,6,12,6,11;0,1,9,18,9,16,10,16,10,17;0,1,12,15,12,16;-1,0,8,17,8,16,6,16;1,0,16,14,17,14;0,-1,10,11,9,11,9,10;1,0,14,14,14,15,17,15;0,-1,18,11,15,11,15,9;1,0,14,11,14,12,16,12;0,-1,8,11,8,9,7,9,7,7;0,-1,11,13,11,11;0,-1,5,13,7,13,7,10;0,-1,8,13,8,15,6,15,6,14;0,-1,10,13,10,12;1,0,13,12,13,10,14,10;0,1,9,15,11,15,11,17;0,-1,9,12,9,14,12,14,12,11;-1,0,21,9,21,13,19,13,19,18,23,18,23,20,20,20;1,0,2,21,2,26,4,26,4,22,9,22,9,25,14,25;0,-1,4,17,0,17,0,12,3,12,3,8;-1,0,17,12,20,12,20,8,15,8,15,3,13,3;-1,0,5,7,3,7,3,5,7,5,7,2,4,2;-1,0,5,16,5,17,7,17,7,18,4,18,4,20,1,20;0,-1,3,0,3,2,0,2,0,6,1,6,1,3;0,1,13,20,18,20,18,22,21,22,21,25;1,0,9,1,8,1,8,5,10,5,10,1,13,1;0,-1,14,1,17,1,17,3,16,3,16,7,18,7,18,2;0,1,0,20,0,22,1,22,1,24;0,-1,21,3,21,8,23,8,23,12,22,12,22,9;0,-1,22,4,22,3,23,3,23,7,22,7,22,5;1,0,15,0,19,0,19,2,20,2;1,0,22,19,19,19,19,21,21,21;0,1,23,23,22,23,22,26,20,26,20,23,18,23,18,24;0,1,12,26,7,26,7,23,5,23,5,24;1,0,22,13,23,13,23,14,20,14,20,17,21,17;1,0,21,2,23,2,23,0,20,0,20,1,22,1;-1,0,0,7,0,11,2,11,2,7,1,7;0,1,8,20,10,20,10,24,13,24,13,21,15,21,15,22;0,1,19,25,17,25,17,21,16,21,16,22;0,1,16,26,16,23,15,23,15,25;1,0,23,16,21,16,21,15,22,15;-1,0,0,0,2,0,2,1,1,1;-1,0,0,18,0,19,1,19,1,18,3,18,3,19,2,19;-1,0,10,27,10,28,6,28,6,27,1,27;1,0,15,26,15,28,11,28,11,27,14,27;0,1,25,16,24,16,24,19,25,19,25,24,23,24,23,27;0,-1,25,15,25,11,24,11,24,8
24,28|-1,0,9,19,8,19;-1,0,10,21,9,21;0,-1,17,9,17,8;0,-1,12,7,12,6;-1,0,10,19,10,20,7,20;0,-1,15,8,14,8,14,7;0,-1,14,10,14,9;0,-1,15,10,16,10,16,8;1,0,9,5,8,5,8,6,11,6;-1,0,11,21,11,18,10,18;-1,0,8,9,5,9;0,1,12,19,12,17,13,17,13,18;0,-1,13,9,13,7;0,-1,14,12,14,11;1,0,16,11,15,11,15,12,17,12;1,0,14,20,14,17,16,17;0,-1,7,13,7,10,9,10,9,7;0,-1,10,11,10,8;0,1,8,16,10,16,10,17;0,-1,12,10,12,8,11,8,11,7;0,1,12,15,11,15,11,16;0,-1,9,12,9,13,10,13,10,12;0,-1,15,16,15,13;0,-1,14,15,14,13;0,-1,11,13,11,11,13,11,13,10;0,1,10,14,13,14,13,16;-1,0,20,7,15,7,15,5,13,5,13,3,9,3;0,-1,4,16,4,21,8,21,8,26,3,26,3,22;-1,0,4,9,4,6,1,6,1,4,6,4,6,2,3,2;1,0,9,22,13,22,13,26,9,26,9,23,11,23;0,1,18,16,16,16,16,15,19,15,19,19,15,19,15,23;0,-1,14,26,14,24,16,24,16,21,21,21,21,16;0,-1,22,6,18,6,18,4,14,4,14,1;1,0,13,2,13,0,15,0,15,3,17,3;0,-1,5,3,1,3,1,2;1,0,22,15,21,15,21,11,17,11,17,10,21,10;0,-1,22,1,19,1,19,5,21,5,21,2;-1,0,8,4,8,2,12,2,12,1,11,1;0,-1,21,0,18,0,18,2,16,2,16,1;0,1,0,21,3,21,3,16,0,16,0,12,1,12,1,14;-1,0,7,4,7,0,10,0,10,1,9,1;0,1,0,23,0,26,2,26,2,22,1,22,1,25;-1,0,6,10,6,12,3,12,3,7,2,7;1,0,22,23,21,23,21,26,17,26,17,22,21,22;-1,0,0,17,0,20,2,20,2,18,1,18;-1,0,6,16,6,13,2,13,2,8,1,8;1,0,20,9,18,9,18,8,20,8;-1,0,4,0,6,0,6,1,2,1;0,-1,24,18,24,13,22,13,22,11,23,11,23,7;-1,0,24,28,22,28,22,24,24,24,24,27,23,27;0,-1,24,10,24,6,23,6,23,5;-1,0,12,27,13,27,13,28,11,28,11,27,9,27;0,-1,24,5,24,4,23,4,23,2;-1,0,10,28,8,28,8,27,6,27;1,0,23,16,22,16,22,19,23,19;-1,0,0,27,0,28,5,28,5,27,2,27
24,31|-1,0,8,24,7,24;-1,0,9,12,8,12;-1,0,7,21,5,21;0,-1,9,7,10,7,10,6;-1,0,10,21,8,21,8,22,5,22;1,0,13,5,13,7,16,7;1,0,14,10,14,8,15,8;-1,0,7,19,8,19,8,20,6,20;0,-1,9,8,11,8,11,6;0,-1,12,9,12,6;0,-1,12,10,13,10,13,8;-1,0,11,9,11,11,10,11;0,1,7,17,7,18;-1,0,9,19,9,18,8,18;-1,0,14,21,11,21;-1,0,9,13,7,13;0,-1,16,13,15,13,15,12;-1,0,10,18,10,20,9,20;0,-1,14,13,14,11;0,1,10,17,11,17,11,19;-1,0,8,15,8,14,6,14;0,1,9,14,9,16;0,-1,12,13,12,11;0,1,10,14,10,16;0,-1,14,14,13,14,13,12;0,1,11,12,11,15;1,0,12,14,12,15,14,15;0,-1,3,25,0,25,0,21,2,21,2,18,5,18,5,13;-1,0,22,7,22,4,20,4,20,1,16,1,16,4,11,4;0,-1,12,3,8,3,8,8,5,8,5,12,3,12,3,8;1,0,22,12,22,16,19,16,19,11,15,11,15,9,17,9;-1,0,5,3,2,3,2,7,7,7,7,6,4,6;-1,0,3,19,3,22,1,22,1,24,4,24,4,26,1,26;1,0,19,3,18,3,18,8,21,8;0,-1,1,6,0,6,0,2,3,2,3,1;1,0,12,27,7,27,7,25,12,25;1,0,22,29,22,27,19,27,19,22,14,22,14,24,18,24;0,1,9,29,13,29,13,25,16,25,16,26;0,1,0,26,0,28,5,28,5,26,6,26,6,28;0,-1,10,1,10,0,12,0,12,2,9,2,9,1;0,1,14,29,17,29,17,25,18,25,18,26;-1,0,1,20,0,20,0,17,4,17,4,14,2,14;1,0,16,10,18,10,18,9,21,9;-1,0,0,14,0,16,3,16,3,15,2,15;-1,0,0,0,2,0,2,1,1,1;1,0,11,20,12,20,12,19,16,19;1,0,20,17,20,20,22,20,22,25,20,25,20,22,21,22;0,-1,13,3,13,0,15,0,15,3,14,3,14,2;-1,0,0,7,0,8,2,8,2,11,1,11;0,-1,3,4,4,4,4,5,7,5,7,3;0,-1,20,0,22,0,22,3,21,3,21,2;0,-1,5,4,6,4,6,1;0,-1,3,0,5,0,5,2,4,2,4,1;0,-1,6,0,8,0,8,2,7,2,7,1;1,0,21,13,21,15,20,15,20,11,21,11;-1,0,0,13,2,13,2,12,1,12;0,1,24,9,24,13,23,13,23,18
31,38|-1,0,16,32,15,32;-1,0,6,22,5,22;0,1,15,24,15,25;1,0,22,29,23,29;0,1,14,25,14,26;0,1,23,26,23,27;0,1,13,26,13,27;-1,0,7,8,6,8;0,1,14,23,14,24;0,1,9,29,9,30;0,1,23,25,24,25,24,27;0,1,12,27,12,28;0,1,10,30,10,28,8,28,8,29;0,-1,10,8,10,6,9,6,9,5;0,1,20,31,20,30,22,30,22,31;-1,0,8,19,8,17,7,17;0,1,16,33,17,33,17,31,19,31,19,32;1,0,26,10,26,13,24,13,24,14,25,14;0,-1,5,12,5,10;1,0,20,28,22,28;0,1,7,26,8,26,8,27,11,27,11,29;-1,0,8,8,8,9,6,9;-1,0,7,10,9,10,9,7,8,7;0,1,11,25,9,25,9,26;1,0,24,8,24,10,25,10;1,0,19,29,21,29;1,0,24,24,23,24,23,23,24,23;-1,0,7,11,7,14,6,14;0,1,5,23,5,25,6,25,6,26;-1,0,19,30,18,30,18,29,16,29;1,0,24,17,24,16,25,16;1,0,23,14,23,15,24,15;-1,0,20,27,19,27,19,28,17,28;0,1,6,24,7,24,7,25;0,1,24,21,24,22,22,22,22,25;-1,0,8,25,8,23,7,23;1,0,19,26,20,26,20,23,21,23;0,1,18,22,18,23,17,23,17,24;0,1,11,24,12,24,12,26;-1,0,9,23,9,24,10,24,10,22,7,22;1,0,19,24,19,22,21,22;0,1,16,22,16,23;1,0,21,20,20,20,20,21,21,21;-1,0,7,15,9,15,9,16,7,16;-1,0,13,25,13,23,11,23;1,0,23,8,23,6,24,6;1,0,22,18,23,18;0,1,8,21,11,21,11,22;0,1,20,19,19,19,19,21;0,1,23,16,23,17;0,-1,13,7,14,7,14,6;0,1,9,18,9,20,7,20,7,21;1,0,22,13,23,13,23,12,25,12;0,1,15,21,15,23;1,0,22,14,21,14,21,12,22,12;0,-1,8,12,8,11;0,1,10,20,12,20,12,22;1,0,20,15,22,15;0,1,21,17,21,19;0,-1,22,7,22,6;0,-1,10,10,11,10,11,9;0,-1,11,11,11,12,9,12,9,11;0,1,14,22,14,20,13,20,13,22;0,-1,22,8,22,10,23,10,23,9;1,0,23,11,20,11,20,10,21,10;-1,0,9,17,11,17,11,19,10,19;1,0,17,20,18,20;1,0,18,19,16,19,16,21,18,21;0,-1,12,9,14,9,14,8;0,-1,19,11,19,9,20,9,20,7;0,1,12,19,15,19,15,20;-1,0,15,18,12,18;-1,0,13,15,11,15,11,13,10,13;-1,0,13,11,13,10,12,10;0,1,22,17,22,16,20,16,20,18;1,0,20,12,18,12,18,13,19,13;0,-1,12,12,12,14,14,14,14,11;-1,0,12,17,12,16,10,16;-1,0,14,38,14,36,12,36,12,38,7,38,7,37,5,37;0,1,5,13,5,17,0,17,0,19,2,19,2,24;0,-1,4,9,4,6,8,6,8,4;1,0,27,13,27,18,30,18,30,23,25,23,25,27,26,27;-1,0,29,33,29,38,24,38,24,35,19,35;-1,0,3,30,3,34,7,34,7,36,9,36,9,33,5,33;1,0,7,5,5,5,5,3,9,3;-1,0,18,4,20,4,20,0,17,0,17,2,13,2;0,-1,31,12,31,8,29,8,29,4;0,1,2,33,0,33,0,35,1,35,1,37;1,0,23,28,24,28,24,30,27,30;1,0,31,29,31,25,29,25,29,24,26,24,26,26,30,26;0,-1,23,4,21,4,21,0,25,0,25,5,27,5,27,1;0,-1,30,12,30,15,28,15,28,13;-1,0,15,0,12,0,12,1,10,1;-1,0,3,1,3,6,0,6,0,10,3,10,3,7,1,7;0,1,18,32,18,36,23,36,23,37;0,-1,27,7,27,10,28,10,28,6;1,0,26,3,26,0,28,0,28,1,29,1;-1,0,4,10,4,11,0,11,0,14,4,14,4,12,1,12;1,0,31,13,31,16,28,16,28,17,30,17;-1,0,4,31,7,31,7,27,4,27,4,25,1,25;1,0,19,34,19,33,23,33,23,31,24,31;0,1,15,38,17,38,17,35,16,35,16,37;1,0,30,7,30,5,31,5,31,2,28,2,28,3,30,3;-1,0,4,30,6,30,6,29,4,29;-1,0,1,21,1,23,0,23,0,27,3,27,3,29,1,29;0,-1,2,3,2,0,0,0,0,5,2,5,2,4;1,0,28,34,25,34,25,31,26,31;0,-1,11,4,11,2,9,2,9,1
25,30|0,-1,16,6,16,5;1,0,15,5,15,7,17,7;0,1,8,20,6,20,6,21;0,1,7,19,5,19,5,22;1,0,16,12,18,12;-1,0,14,6,11,6;-1,0,9,9,12,9,12,7,11,7;0,1,5,16,5,18;0,-1,16,8,14,8,14,7;0,-1,16,9,13,9,13,8;0,1,12,21,10,21,10,23;1,0,15,10,17,10;0,1,11,19,11,20,9,20,9,21;1,0,15,12,15,11,17,11;1,0,15,13,18,13;-1,0,6,18,6,15,5,15;1,0,15,14,16,14;0,-1,14,10,14,12,11,12,11,10;0,-1,6,14,8,14,8,12;1,0,13,19,13,18,14,18;0,1,7,18,8,18,8,19;-1,0,9,19,9,17,7,17;1,0,12,17,14,17;-1,0,10,13,9,13,9,15,7,15;0,1,10,17,10,18,12,18,12,19;-1,0,10,14,10,16,8,16;0,1,11,14,11,17;-1,0,14,16,12,16;0,-1,15,15,14,15,14,13;0,1,12,15,12,13,13,13,13,15;1,0,23,5,23,8,19,8,19,13,21,13;0,-1,11,26,11,28,7,28,7,27,2,27,2,25;1,0,7,8,7,6,4,6,4,1,9,1,9,3,14,3;0,1,23,18,22,18,22,14,19,14,19,17;0,1,5,8,5,12,1,12,1,15;0,1,0,23,2,23,2,18,3,18,3,16,1,16,1,18;0,-1,11,5,11,4,16,4,16,3;0,1,22,19,22,22,17,22,17,18,21,18,21,20;1,0,14,2,14,0,19,0,19,4,22,4;1,0,5,28,1,28,1,26,0,26,0,24,4,24;0,1,21,25,20,25,20,28,22,28,22,23,19,23,19,25;0,-1,1,8,2,8,2,11,0,11,0,7,3,7,3,5;0,-1,3,3,0,3,0,6,1,6,1,4;0,1,14,21,14,19,16,19,16,22,14,22,14,24;0,-1,8,0,10,0,10,2,12,2,12,1;0,1,11,22,11,23,12,23,12,25;0,1,15,23,18,23,18,25,14,25,14,27;1,0,23,0,20,0,20,1,21,1;0,-1,0,0,0,2,3,2,3,1;0,1,19,28,15,28,15,26,17,26,17,27;1,0,23,12,20,12,20,10,21,10;1,0,22,1,23,1,23,3,20,3,20,2,21,2;0,1,13,28,13,26,12,26,12,27;1,0,11,30,11,29,15,29,15,30,17,30,17,29,19,29;0,-1,25,11,25,13,24,13,24,8;1,0,24,30,21,30,21,29,24,29;1,0,22,13,23,13,23,17,24,17;1,0,25,26,25,23,23,23,23,26,24,26;-1,0,10,29,10,30,9,30,9,29,7,29;0,-1,25,8,25,6,24,6,24,1
25,28|0,1,12,17,12,18;-1,0,7,6,6,6;0,1,10,17,10,18;0,1,8,20,8,17,9,17,9,19;0,1,16,17,16,18;-1,0,6,7,8,7,8,8,7,8;0,1,14,17,13,17,13,18;0,1,15,14,15,17;-1,0,6,10,6,11,5,11;1,0,16,16,16,15,18,15;0,1,6,13,6,14;0,1,13,16,11,16,11,17;-1,0,7,14,7,12,5,12;0,1,8,16,8,14,9,14,9,16;0,1,10,14,10,16;0,1,13,14,14,14,14,16;-1,0,11,6,14,6,14,5,11,5;0,1,11,13,11,15;0,-1,7,11,7,9,9,9,9,7;0,1,9,11,9,13;-1,0,10,13,10,10,9,10;0,1,14,13,12,13,12,15;1,0,13,8,15,8;1,0,16,14,18,14;1,0,10,8,12,8,12,7,14,7;-1,0,11,12,11,9,10,9;0,1,12,11,12,12;1,0,15,9,16,9;-1,0,15,13,15,12,13,12;-1,0,12,10,13,10,13,9,12,9;1,0,14,9,14,10,16,10;-1,0,18,13,16,13,16,11,13,11;1,0,15,19,10,19,10,21,8,21,8,24,13,24;0,1,21,8,23,8,23,12,22,12,22,10,20,10,20,15;-1,0,3,3,3,8,6,8,6,9,4,9;-1,0,20,22,15,22,15,25,10,25;-1,0,0,19,0,14,3,14,3,9,1,9;-1,0,10,26,5,26,5,24,3,24;1,0,5,0,5,2,8,2,8,6,9,6,9,2,14,2;0,-1,20,7,21,7,21,6,19,6,19,10,17,10,17,7;0,-1,15,3,15,5,19,5,19,2;-1,0,2,10,0,10,0,8,2,8,2,3,1,3;0,-1,18,0,20,0,20,2,23,2,23,7,22,7,22,5;1,0,9,23,9,22,14,22,14,20,19,20;0,1,23,17,20,17,20,16,18,16,18,18,21,18,21,21;-1,0,4,26,2,26,2,24,1,24;0,1,21,25,21,23,17,23,17,25;0,1,20,26,20,24,19,24,19,25;-1,0,1,4,0,4,0,0,4,0,4,2,1,2;-1,0,7,25,7,23,6,23,6,20,1,20;-1,0,0,20,0,21,5,21,5,22,1,22;-1,0,0,11,0,13,2,13,2,11,1,11;0,-1,18,1,18,4,16,4,16,2;0,1,21,22,23,22,23,18,22,18,22,19;1,0,21,12,21,15,22,15;1,0,23,1,23,0,21,0,21,1,22,1;0,1,21,26,23,26,23,23,22,23,22,25;0,1,16,28,19,28,19,26,17,26,17,27;0,-1,25,22,25,19,24,19,24,14;0,-1,23,16,23,13,25,13,25,8,24,8,24,5;0,1,25,28,22,28,22,27,25,27,25,23,24,23,24,26;-1,0,5,27,5,28,10,28,10,27,8,27
28,30|0,1,10,19,10,20;-1,0,6,15,5,15;1,0,18,10,19,10;-1,0,7,18,7,16,6,16;-1,0,12,20,11,20;1,0,17,9,19,9;-1,0,10,17,8,17;0,1,6,12,6,14;-1,0,6,11,8,11,8,12,7,12;-1,0,11,19,11,18,10,18;0,-1,18,11,17,11,17,10;0,-1,18,12,19,12,19,11;0,1,13,17,13,20;0,-1,19,13,17,13,17,12;0,-1,19,17,19,15,18,15,18,14;0,1,8,16,8,14,7,14,7,15;0,-1,13,10,13,9;-1,0,9,12,9,13,8,13;0,1,9,16,11,16,11,17;-1,0,9,8,10,8,10,7,8,7;0,-1,16,13,16,11;0,-1,15,10,15,7;-1,0,12,6,11,6,11,9,8,9;0,1,14,16,12,16,12,19;0,-1,14,12,14,9;-1,0,10,12,10,11,9,11;0,-1,14,13,15,13,15,11;-1,0,9,15,10,15,10,14,9,14;-1,0,10,10,11,10,11,13,10,13;0,1,17,14,16,14,16,17;-1,0,14,15,11,15;0,-1,11,14,12,14,12,12;0,1,13,11,13,14,15,14,15,16;1,0,9,3,13,3,13,0,16,0,16,4,21,4;0,1,8,8,5,8,5,13,2,13,2,18;-1,0,6,26,6,25,11,25,11,26,16,26,16,24,11,24;0,1,24,2,23,2,23,6,20,6,20,9,21,9,21,13;-1,0,0,25,0,21,2,21,2,24,7,24,7,19,2,19;0,1,22,8,22,13,24,13,24,16,21,16,21,20;0,-1,1,19,1,17,0,17,0,15,1,15,1,11;0,-1,0,4,0,9,1,9,1,6;0,-1,22,0,22,3,17,3,17,1;1,0,21,26,17,26,17,22,22,22,22,17,23,17;0,-1,1,1,3,1,3,4,5,4,5,7,3,7,3,5;1,0,22,26,24,26,24,23,19,23,19,25,23,25;0,-1,8,6,8,3,6,3,6,7,7,7,7,6;0,-1,10,0,10,2,12,2,12,1;-1,0,4,21,3,21,3,23,5,23,5,20,2,20;0,-1,6,2,9,2,9,0,4,0,4,3,5,3,5,1;-1,0,2,11,2,12,4,12,4,10,1,10;-1,0,2,8,2,5,1,5,1,4,2,4,2,2,1,2;0,-1,20,0,20,2,18,2,18,1;-1,0,26,24,26,28,24,28,24,27,20,27;0,1,14,27,14,28,10,28,10,26,7,26,7,27;1,0,26,16,26,19,23,19,23,22,24,22;1,0,24,4,24,6,26,6,26,9,23,9,23,12,25,12;0,1,1,28,1,25,4,25,4,27;1,0,26,21,24,21,24,20,25,20;0,-1,26,3,26,5,25,5,25,1;0,1,2,28,2,26,3,26,3,27;1,0,26,12,26,10,24,10,24,11,25,11;1,0,6,30,10,30,10,29,15,29;0,-1,28,30,28,27,27,27,27,25
24,31|-1,0,6,20,5,20;0,1,10,23,10,24;0,1,10,22,11,22,11,24;0,1,13,20,13,22;0,-1,11,7,11,6;-1,0,6,21,6,22,5,22;0,1,9,22,9,21,12,21,12,22;-1,0,7,21,7,23,5,23;0,1,10,19,10,20;0,1,5,19,7,19,7,20;1,0,14,9,14,10,15,10;0,1,11,18,11,20;0,1,8,19,8,22;1,0,15,11,15,13,16,13;1,0,13,10,13,8,14,8;1,0,13,18,13,19,14,19;0,-1,13,11,12,11,12,9;0,-1,12,12,14,12,14,11;0,1,9,18,9,20;0,-1,9,8,9,7,7,7,7,5;0,-1,11,10,11,8,10,8,10,6;-1,0,7,9,5,9;0,-1,11,11,10,11,10,9;-1,0,5,10,8,10,8,8,5,8;1,0,12,19,12,17,14,17;0,1,6,14,6,16;-1,0,8,18,8,16,7,16;0,1,11,17,10,17,10,18;0,-1,8,13,8,11,9,11,9,9;-1,0,9,14,7,14,7,13,6,13;0,1,13,16,13,15,14,15,14,16;0,-1,12,13,10,13,10,12;1,0,10,14,13,14,13,13,14,13;-1,0,9,17,9,15,8,15;0,-1,10,15,10,16,12,16,12,15;-1,0,22,17,22,22,19,22,19,27,15,27,15,25,11,25;-1,0,17,4,17,0,12,0,12,2,9,2,9,4,4,4;0,-1,12,27,8,27,8,29,4,29,4,26,2,26,2,21;0,-1,0,9,0,6,2,6,2,3;1,0,15,15,18,15,18,12,16,12,16,8,18,8;-1,0,0,26,0,22,1,22,1,17,5,17,5,13,4,13;-1,0,0,11,0,14,4,14,4,15,3,15;1,0,21,6,21,11,17,11,17,10,18,10;1,0,22,10,22,14,19,14,19,12,21,12;0,-1,2,0,0,0,0,2,2,2,2,1;-1,0,6,0,6,3,3,3,3,6,4,6,4,10,3,10;0,-1,11,1,10,1,10,0,7,0,7,3,8,3,8,1;0,1,9,24,9,26,14,26,14,28;0,-1,20,6,20,10,19,10,19,6;1,0,22,3,22,0,18,0,18,4,19,4;1,0,9,6,8,6,8,5,11,5;1,0,16,7,12,7,12,5,13,5;0,1,3,27,3,29,0,29,0,27,2,27,2,28;1,0,20,29,20,28,22,28,22,23,20,23,20,25,21,25;1,0,16,26,16,24,18,24,18,19,15,19,15,16,18,16;1,0,21,3,21,1,20,1,20,4,21,4;1,0,13,4,13,1,15,1,15,5,19,5;1,0,18,17,17,17,17,18,19,18,19,16,20,16;0,-1,5,2,5,0,3,0,3,2,4,2,4,1;0,1,23,1,24,1,24,4,23,4,23,8;1,0,3,31,3,30,5,30,5,31,10,31,10,30,15,30;0,1,21,15,21,16,24,16,24,19,23,19,23,21;1,0,20,31,18,31,18,30,20,30;-1,0,0,30,0,31,2,31,2,30,1,30;1,0,24,29,24,31,21,31,21,29,23,29
34,41|0,1,9,29,9,30;0,1,8,29,8,30;0,-1,12,8,12,7;0,1,12,29,12,30;-1,0,15,6,14,6;0,-1,26,8,26,7;-1,0,9,15,8,15;1,0,28,12,29,12;-1,0,9,20,8,20;0,-1,28,10,27,10,27,8;0,-1,27,13,27,11,29,11,29,9;1,0,26,10,26,12,25,12,25,9,26,9;0,-1,16,7,16,6;-1,0,15,7,13,7,13,9,12,9;0,-1,14,9,14,8,17,8,17,6;1,0,23,5,23,7,25,7;-1,0,16,9,15,9;1,0,20,6,22,6,22,8,23,8;0,1,10,29,10,28,11,28,11,29;0,1,5,27,5,30,7,30,7,31;1,0,19,7,21,7;-1,0,14,33,14,35,13,35;0,-1,16,10,17,10,17,9;-1,0,11,12,11,14,8,14;-1,0,9,24,8,24;0,1,7,28,7,27,6,27,6,29;0,1,12,26,12,28;0,-1,7,19,7,18,9,18,9,16;1,0,19,6,18,6,18,8,21,8;-1,0,15,36,13,36;1,0,20,34,18,34,18,35,19,35;0,-1,20,10,20,9;0,1,14,28,13,28,13,29;-1,0,9,28,8,28,8,26,6,26;0,-1,17,11,18,11,18,9;0,-1,26,15,25,15,25,13;-1,0,16,11,15,11,15,10,14,10;0,1,13,26,14,26,14,27;0,-1,25,16,27,16,27,14;0,1,20,33,17,33,17,36;0,1,15,33,15,32,16,32,16,34;-1,0,12,16,10,16;0,-1,22,9,21,9,21,11,19,11,19,10;0,-1,13,13,12,13,12,12;0,1,16,31,17,31,17,32;-1,0,16,30,17,30,17,28,15,28;0,1,18,28,18,29,19,29,19,30;0,1,18,26,18,27,19,27,19,28;-1,0,9,27,9,25,8,25;0,1,12,24,12,25,10,25,10,27;0,-1,22,15,22,13,24,13,24,11;0,-1,24,16,23,16,23,14;1,0,25,17,23,17,23,18,24,18;1,0,18,12,19,12,19,13,21,13;0,-1,16,13,16,12;-1,0,7,21,9,21,9,23,6,23;1,0,23,19,22,19,22,20,23,20;0,-1,21,14,21,15,20,15,20,14;0,-1,22,17,22,18,21,18,21,16;0,-1,20,16,20,17,19,17,19,15;0,1,11,21,11,23,10,23,10,24;-1,0,13,15,11,15;0,1,8,19,10,19,10,21;-1,0,15,12,15,14,12,14;0,-1,14,15,16,15,16,14;0,1,16,26,15,26,15,27;-1,0,13,21,13,20,11,20;0,-1,17,15,17,14,18,14,18,13;-1,0,14,23,14,25,13,25;0,1,18,25,19,25,19,26,21,26,21,28;0,1,11,17,11,19,14,19,14,22;0,1,15,23,15,25;0,-1,18,18,18,15;1,0,17,26,17,24,20,24,20,22,21,22;1,0,16,25,16,22,17,22;0,-1,17,16,14,16,14,18,13,18,13,17;-1,0,16,17,16,18,15,18;1,0,18,20,19,20,19,18,20,18;1,0,17,17,17,19,15,19,15,21,18,21;1,0,14,32,12,32,12,35,8,35,8,37,10,37;-1,0,4,27,0,27,0,22,3,22,3,18,1,18;-1,0,25,33,21,33,21,38,16,38;0,-1,34,25,34,22,33,22,33,20,30,20,30,17;1,0,11,4,15,4,15,0,20,0,20,4,25,4;0,-1,1,16,6,16,6,12,9,12,9,9,6,9,6,5;0,-1,27,0,27,2,29,2,29,7,27,7,27,4;0,1,5,38,10,38,10,40,12,40,12,36,11,36,11,39;-1,0,11,34,9,34,9,32,4,32;0,-1,28,15,30,15,30,11,34,11,34,7,32,7,32,4;-1,0,9,0,5,0,5,1,1,1;0,-1,26,2,24,2,24,0,21,0,21,3,23,3,23,2;-1,0,6,35,4,35,4,36,7,36,7,34,4,34;0,-1,34,0,32,0,32,3,30,3,30,6,31,6,31,4;1,0,29,16,29,20,25,20,25,24,29,24,29,26,33,26;0,1,4,28,0,28,0,30,1,30,1,35;-1,0,0,37,4,37,4,38,1,38;0,-1,28,1,28,0,31,0,31,2,30,2,30,1;-1,0,15,37,13,37,13,41,8,41,8,39,5,39;-1,0,1,39,3,39,3,41,6,41,6,40,4,40;-1,0,0,8,0,10,5,10,5,12,3,12;1,0,23,36,23,39,19,39,19,41,14,41,14,39,18,39;-1,0,11,1,11,0,14,0,14,2,10,2,10,4,9,4;-1,0,11,11,11,8,8,8,8,4,5,4;0,1,34,33,34,37,33,37,33,40;-1,0,4,14,3,14,3,13,5,13,5,15,3,15;-1,0,2,20,0,20,0,15,2,15,2,13,1,13;-1,0,0,0,0,2,4,2,4,3,1,3;0,1,27,41,32,41,32,37,31,37,31,33,26,33,26,38;-1,0,0,14,0,11,2,11,2,12,1,12
25,29|0,1,9,20,9,21;0,1,8,20,8,21;-1,0,7,6,6,6;-1,0,7,5,6,5;-1,0,6,16,5,16;-1,0,8,8,7,8;-1,0,9,7,8,7;-1,0,6,11,5,11;0,1,10,19,10,20;-1,0,10,8,9,8;-1,0,9,19,6,19;-1,0,10,7,10,6,9,6;-1,0,6,17,7,17,7,15,6,15;-1,0,9,15,9,14,7,14;-1,0,7,10,6,10;-1,0,9,10,8,10,8,9,7,9;-1,0,8,16,8,18,6,18;1,0,15,17,17,17,17,15,18,15;0,-1,5,12,7,12,7,11;-1,0,11,21,11,18,9,18;0,-1,17,9,17,8,16,8,16,5;1,0,14,7,14,8,15,8;0,-1,13,8,13,7;0,1,12,19,12,22;-1,0,14,19,13,19;1,0,14,9,16,9;1,0,15,11,15,10,16,10;1,0,14,14,15,14;-1,0,9,13,6,13;-1,0,11,16,12,16,12,17,9,17;0,-1,9,11,10,11,10,10;0,1,8,11,8,12,11,12,11,15;1,0,14,16,14,15,15,15;-1,0,13,20,15,20,15,18,12,18;1,0,13,14,13,17,14,17;0,-1,14,13,14,12;0,1,13,13,13,12,12,12,12,15;0,-1,0,15,1,15,1,13,4,13,4,8;-1,0,15,26,15,23,10,23,10,27,8,27,8,26,6,26;-1,0,2,6,2,7,0,7,0,3,4,3,4,5,2,5;0,1,3,19,0,19,0,16,4,16,4,21;0,-1,16,11,16,14,17,14,17,10,19,10,19,7;-1,0,14,2,17,2,17,6,19,6,19,1,16,1;-1,0,1,24,4,24,4,26,2,26;0,1,19,16,19,12,23,12,23,17,20,17,20,20;0,-1,10,0,10,3,12,3,12,5,8,5,8,2;1,0,17,19,17,20,16,20,16,18,18,18,18,23,20,23;-1,0,11,4,9,4,9,0,6,0,6,2,4,2;0,-1,23,6,23,11,21,11,21,9;-1,0,0,14,0,11,3,11,3,9,2,9;0,1,21,23,21,20,22,20,22,24,19,24,19,25;0,-1,5,0,3,0,3,2,2,2,2,1;0,-1,20,3,22,3,22,5,20,5,20,8,21,8,21,7;-1,0,5,9,5,6,3,6,3,8,2,8;1,0,23,0,20,0,20,2,21,2;1,0,15,27,20,27,20,25,21,25;0,-1,16,3,16,4,13,4,13,1;0,1,11,26,14,26,14,24,12,24,12,25;-1,0,5,23,5,25,8,25,8,22,3,22,3,20,2,20;0,-1,11,0,12,0,12,2,11,2,11,1;0,-1,2,0,0,0,0,2,1,2,1,1;1,0,23,22,23,27,21,27,21,26,22,26;-1,0,4,23,2,23,2,21,1,21;1,0,23,18,23,19,21,19,21,18,22,18;1,0,7,27,6,27,6,28,11,28;1,0,14,29,12,29,12,28,14,28;0,1,24,22,24,19,25,19,25,23,24,23,24,27
26,32|-1,0,7,24,6,24;0,-1,14,6,14,5;0,1,10,24,10,25;0,-1,15,6,15,5;0,1,11,23,11,24;0,-1,15,8,15,7;0,-1,14,8,14,7;0,1,6,23,8,23,8,25;0,1,7,22,9,22,9,24;-1,0,12,5,12,8,11,8;-1,0,9,15,7,15;0,-1,12,9,13,9,13,6;0,1,5,17,5,18,6,18,6,19;-1,0,7,16,7,17,6,17;-1,0,9,18,7,18;-1,0,10,15,10,16,8,16;0,1,8,20,8,21,10,21,10,23;0,-1,19,9,19,10,18,10,18,9;-1,0,12,23,12,22,11,22;0,1,13,23,13,20,12,20,12,21;0,-1,10,10,11,10,11,9;1,0,17,9,17,11,19,11;0,-1,15,11,15,9;-1,0,11,21,11,20,9,20;-1,0,12,19,9,19;0,-1,14,11,14,9;0,-1,10,11,9,11,9,9;1,0,18,14,17,14,17,12,18,12;0,-1,13,11,13,10;-1,0,12,18,10,18,10,17,8,17;-1,0,9,14,9,13,8,13;0,-1,16,14,16,11;1,0,12,10,12,12,15,12;0,1,11,16,11,17;0,1,10,14,11,14,11,15;0,1,12,17,14,17,14,18;1,0,15,13,15,15,16,15;-1,0,12,16,12,13,10,13;0,1,14,15,14,13,13,13,13,15;0,-1,16,0,11,0,11,2,7,2,7,7,11,7,11,5;1,0,13,28,9,28,9,27,7,27,7,29,11,29;0,-1,14,19,17,19,17,15,19,15,19,12,22,12,22,9;0,1,7,8,7,9,5,9,5,12,2,12,2,17;0,1,5,20,5,24,4,24,4,20,2,20,2,22;1,0,20,0,20,3,16,3,16,5,19,5,19,8,23,8;1,0,9,30,13,30,13,29,18,29;-1,0,14,28,14,27,11,27,11,26,7,26,7,25,2,25;0,1,18,4,20,4,20,6,24,6,24,9,23,9,23,13;0,1,3,21,3,24,1,24,1,28;0,1,24,27,24,25,23,25,23,29;0,-1,0,18,1,18,1,16,0,16,0,11,4,11,4,9;0,-1,6,0,6,3,4,3,4,8,6,8,6,5;1,0,24,12,24,16,19,16,19,17,22,17;1,0,12,24,14,24,14,26,19,26,19,22,23,22;0,1,0,27,0,30,2,30,2,26,6,26,6,28;0,1,8,30,5,30,5,27,3,27,3,28;1,0,15,23,15,25,18,25,18,22,14,22,14,20,18,20;0,1,19,29,22,29,22,24,24,24,24,23,20,23,20,26;1,0,22,2,24,2,24,0,21,0,21,3,22,3;1,0,22,21,19,21,19,20,23,20;0,-1,0,4,0,9,1,9,1,4;1,0,23,17,24,17,24,19,20,19,20,18,22,18;0,-1,0,10,3,10,3,7,2,7,2,2;-1,0,3,5,3,2,5,2,5,1,3,1;-1,0,3,15,4,15,4,17,3,17,3,19,1,19;1,0,23,3,24,3,24,5,21,5,21,4,23,4;0,-1,14,4,14,2,19,2,19,1;-1,0,0,2,0,0,2,0,2,1,1,1;0,-1,26,25,26,22,24,22,24,20,25,20,25,17
26,33|0,-1,5,14,5,13;0,-1,5,16,5,15;-1,0,7,20,6,20;-1,0,7,19,6,19;0,1,17,23,17,24;0,-1,13,9,14,9,14,7;-1,0,8,8,8,10,7,10;-1,0,11,10,9,10;0,1,9,23,9,24;0,-1,16,12,16,11;0,1,10,24,10,26;0,1,16,23,15,23,15,24;0,-1,15,11,14,11,14,10;1,0,18,19,19,19;0,1,9,22,9,21,8,21,8,22;0,-1,8,12,7,12,7,11;0,-1,12,10,12,8,10,8,10,5;1,0,15,22,17,22;0,-1,9,13,6,13,6,11;0,-1,9,14,10,14,10,12;1,0,16,21,19,21;0,-1,8,16,6,16,6,14;0,1,13,23,11,23,11,26;0,1,11,22,14,22,14,24;-1,0,9,15,9,17,7,17;0,1,8,20,10,20,10,23;-1,0,9,18,6,18;0,-1,11,11,13,11,13,10;0,-1,8,19,10,19,10,16;1,0,11,12,14,12;0,1,11,18,11,21;1,0,19,18,17,18,17,20,19,20;-1,0,14,21,12,21;1,0,16,20,16,17,17,17;1,0,15,15,17,15;-1,0,12,13,12,14,11,14;-1,0,14,20,12,20;1,0,15,13,13,13,13,16,16,16;0,1,12,19,15,19,15,21;0,-1,15,18,12,18,12,16;0,-1,20,20,23,20,23,17,20,17,20,13;-1,0,17,31,13,31,13,29,8,29;1,0,3,3,7,3,7,0,10,0,10,4,14,4;0,1,2,21,0,21,0,17,1,17,1,20;1,0,23,8,18,8,18,3,15,3,15,1,19,1;0,1,1,31,1,29,0,29,0,25,2,25,2,29;1,0,15,30,15,25,20,25,20,21,22,21;0,1,24,17,24,21,23,21,23,23;0,1,1,5,5,5,5,4,7,4,7,6,3,6,3,11;0,1,7,8,5,8,5,12,2,12,2,17,5,17,5,18;-1,0,3,21,5,21,5,23,1,23;0,-1,19,0,23,0,23,4,24,4,24,6,22,6,22,2;1,0,14,6,16,6,16,10,21,10,21,13,23,13;0,1,10,27,6,27,6,24,3,24,3,25,5,25,5,30;1,0,16,28,16,26,19,26,19,27,17,27,17,30,21,30;1,0,20,31,24,31,24,27,20,27,20,29,22,29;1,0,24,11,24,14,21,14,21,15,23,15;0,1,6,30,9,30,9,31,4,31,4,26,3,26,3,30;0,-1,11,2,11,0,14,0,14,3,12,3,12,2;-1,0,6,2,6,0,5,0,5,2,3,2;-1,0,0,2,2,2,2,0,4,0,4,1,3,1;1,0,21,6,21,2,19,2,19,7,20,7;1,0,12,5,15,5,15,4,17,4,17,9,19,9;-1,0,0,10,2,10,2,6,1,6;1,0,24,22,24,26,21,26,21,24,22,24;-1,0,4,4,2,4,2,3,1,3;1,0,3,33,7,33,7,32,10,32;0,-1,25,22,25,18,26,18,26,16,25,16,25,12;1,0,12,30,12,33,15,33,15,32,20,32;0,-1,23,11,23,12,22,12,22,10,25,10,25,7
28,31|0,1,10,21,10,22;0,1,11,21,11,22;0,1,12,20,12,21;0,1,13,20,13,21;0,1,8,20,8,21;0,1,9,19,9,20;0,1,7,18,7,21;0,1,12,18,12,19;0,1,11,18,11,20;0,1,6,17,6,18;0,1,12,17,13,17,13,19;0,1,8,17,8,19;1,0,17,7,16,7,16,9,18,9;0,1,9,18,10,18,10,20;1,0,19,11,17,11,17,10,18,10;1,0,15,10,15,11,16,11;0,1,14,18,14,20;0,-1,14,7,14,6;0,-1,14,8,13,8,13,5;0,-1,12,7,12,5;0,-1,11,6,11,5;0,1,6,16,6,15,5,15,5,18;0,1,10,15,10,17;0,1,13,16,13,15,14,15,14,17;0,1,8,16,7,16,7,17;1,0,17,14,17,15,19,15;1,0,10,5,9,5,9,6,10,6;1,0,14,11,14,9,15,9;-1,0,8,15,7,15,7,14,6,14;-1,0,8,14,8,13,7,13;1,0,13,10,13,12,15,12;0,-1,11,7,8,7,8,6;0,1,6,10,7,10,7,12;1,0,12,15,12,13,15,13;-1,0,7,8,6,8;0,1,9,17,9,14,11,14,11,16;0,-1,5,11,5,9,8,9,8,8;1,0,12,12,12,9,13,9;-1,0,9,12,8,12;1,0,11,10,9,10,9,8,10,8;-1,0,9,13,11,13,11,11,8,11;-1,0,13,22,13,27,9,27,9,23,6,23,6,20,5,20;-1,0,12,0,8,0,8,5,5,5,5,8,2,8;0,-1,24,15,21,15,21,12,23,12,23,10,19,10,19,6;0,1,4,12,4,17,3,17,3,22;0,-1,15,4,13,4,13,1,16,1,16,5,21,5,21,2;0,1,8,24,8,27,5,27,5,23,3,23,3,25;1,0,13,0,18,0,18,1,22,1;1,0,19,25,14,25,14,27,16,27,16,26,21,26;0,1,4,7,1,7,1,12,3,12,3,16,2,16,2,21;-1,0,1,20,1,18,0,18,0,23,2,23,2,25,1,25;0,-1,24,6,24,9,20,9,20,7,23,7,23,3;-1,0,0,11,0,13,2,13,2,15,1,15;1,0,16,12,16,14,15,14,15,17,17,17,17,22,22,22;-1,0,2,2,2,3,7,3,7,1,2,1;0,1,19,27,24,27,24,23,23,23,23,25;0,-1,22,4,22,2,23,2,23,1;1,0,23,22,23,20,18,20,18,17,21,17;1,0,16,15,16,16,21,16;-1,0,0,0,0,4,4,4,4,6,3,6;1,0,24,17,24,19,19,19,19,18,22,18,22,16,23,16;1,0,24,14,22,14,22,13,23,13;-1,0,0,25,0,27,4,27,4,26,3,26;-1,0,9,28,9,29,5,29,5,28,3,28;0,-1,24,13,26,13,26,10,25,10,25,7;0,1,24,22,24,20,25,20,25,25;0,-1,26,9,26,5,24,5,24,1;1,0,22,28,21,28,21,29,23,29,23,28,25,28;0,-1,26,0,26,4,25,4,25,3;-1,0,4,29,3,29,3,31,8,31,8,30,4,30;-1,0,2,31,0,31,0,28,2,28,2,30,1,30
31,41|-1,0,6,30,5,30;-1,0,7,11,6,11;-1,0,7,31,6,31;0,-1,21,8,21,7;0,1,6,34,6,35;0,-1,22,8,22,7;0,1,10,35,10,36;0,-1,21,10,21,9;-1,0,8,32,7,32;0,1,9,35,9,36;-1,0,8,33,7,33;0,1,8,35,8,36;0,-1,20,9,20,8;0,-1,19,8,19,7;0,-1,18,6,18,5;0,-1,18,8,18,7;0,-1,19,9,19,10,18,10,18,9;0,-1,22,11,20,11,20,10;-1,0,9,10,8,10,8,12,6,12;-1,0,8,8,9,8,9,9,8,9;1,0,23,28,25,28;-1,0,7,27,7,29,6,29;0,-1,24,7,24,8,23,8,23,7;0,1,9,32,9,34,7,34,7,36;-1,0,7,30,9,30,9,28,8,28;0,-1,11,9,11,11,10,11,10,9;0,-1,23,9,25,9,25,8;-1,0,12,34,10,34,10,31,8,31;-1,0,9,27,8,27,8,26,7,26;-1,0,14,11,12,11;1,0,26,13,24,13,24,10,26,10;1,0,24,29,22,29,22,27,24,27;0,-1,16,6,15,6,15,7,12,7,12,6;0,-1,19,13,19,11;-1,0,9,12,10,12,10,13,8,13;1,0,21,27,21,26,23,26;0,1,9,24,9,26,10,26,10,28;0,1,15,33,15,34,13,34,13,35;1,0,22,35,20,35,20,33,22,33;0,-1,14,8,14,10,12,10,12,9;0,-1,15,8,17,8,17,5;0,-1,10,14,11,14,11,13;0,-1,11,15,9,15,9,14;1,0,17,34,19,34,19,32,22,32;0,1,18,30,18,33,16,33,16,35;0,-1,7,15,7,16,6,16,6,14;-1,0,16,30,15,30,15,29,14,29;0,-1,18,12,18,11;0,1,21,29,20,29,20,31;1,0,21,13,21,12,23,12,23,14,25,14;1,0,12,33,14,33,14,32,16,32;0,1,12,24,10,24,10,25;0,1,25,19,25,22,22,22,22,23;0,-1,15,10,15,9;0,-1,17,11,16,11,16,9;-1,0,16,12,17,12,17,13,16,13;-1,0,12,14,12,16,10,16;0,-1,20,13,20,14,18,14,18,13;0,1,11,19,11,17,9,17,9,19;1,0,19,24,19,22,20,22;1,0,21,14,21,15,24,15;0,-1,12,17,13,17,13,15;0,-1,18,16,17,16,17,14;0,1,15,31,17,31,17,29,19,29,19,31;0,-1,16,17,16,14;-1,0,14,24,14,23,12,23;0,1,17,28,17,27,14,27,14,28;0,1,26,17,24,17,24,18;1,0,20,15,20,17,22,17,22,16,25,16;1,0,18,28,18,25,20,25,20,28,21,28;1,0,19,19,20,19,20,20,22,20;1,0,18,19,18,18,21,18;0,1,14,22,14,20,12,20,12,22;0,-1,16,18,15,18,15,17;-1,0,16,25,17,25,17,26,15,26;-1,0,16,22,17,22,17,24,15,24;1,0,18,24,18,21,20,21;0,-1,12,19,12,18,14,18,14,15;-1,0,15,20,15,21,16,21,16,19,13,19;1,0,19,16,19,17,17,17,17,20,19,20;1,0,21,1,21,4,17,4,17,2,19,2;1,0,9,39,7,39,7,37,10,37,10,40,14,40;0,-1,0,31,0,27,3,27,3,22;-1,0,7,4,7,9,2,9,2,12,4,12,4,14,1,14;0,1,21,24,26,24,26,26,30,26,30,31;1,0,27,2,22,2,22,4,27,4,27,6,30,6;0,1,31,34,31,32,30,32,30,35;0,1,3,28,3,33,1,33,1,28,2,28,2,29;1,0,10,41,15,41,15,40,17,40;-1,0,13,6,14,6,14,1,9,1;1,0,16,39,16,36,21,36,21,37,23,37,23,40,26,40;-1,0,9,41,6,41,6,36,5,36;1,0,31,9,31,13,27,13,27,18,30,18;1,0,31,39,31,41,28,41,28,39,24,39,24,37,26,37;1,0,28,17,31,17,31,21,27,21,27,23,29,23;-1,0,7,1,7,0,5,0,5,2,10,2,10,3,5,3;0,1,0,38,0,34,1,34,1,36;-1,0,0,11,0,15,2,15,2,17,7,17,7,20,3,20;0,1,6,32,6,33,4,33,4,37,1,37,1,39;1,0,26,6,26,5,25,5,25,7,29,7;-1,0,3,0,3,4,6,4,6,5,2,5;1,0,31,4,31,7,30,7,30,9,26,9,26,8,27,8;0,-1,2,0,1,0,1,2,0,2,0,4,2,4,2,2;1,0,24,34,28,34,28,38,30,38;1,0,30,22,30,23,31,23,31,25,27,25,27,24,28,24;1,0,20,3,20,0,22,0,22,1,24,1;0,1,0,41,3,41,3,40,5,40,5,38,2,38,2,40;-1,0,6,22,6,23,5,23,5,25,7,25,7,21,5,21;0,-1,28,2,28,5,30,5,30,4,29,4,29,1;0,1,16,41,20,41,20,37,19,37,19,39
24,31|-1,0,7,22,6,22;-1,0,8,21,7,21;1,0,18,9,19,9;1,0,17,8,18,8;-1,0,7,23,6,23;0,-1,17,6,17,5;-1,0,10,21,9,21;-1,0,9,22,8,22;1,0,18,12,19,12;0,-1,16,6,16,5;0,-1,13,6,12,6,12,5;1,0,15,7,18,7;-1,0,6,10,8,10,8,9,7,9;-1,0,10,23,8,23,8,24,5,24;-1,0,9,7,9,8,7,8;-1,0,10,26,10,25,7,25;1,0,16,8,14,8,14,6,15,6;-1,0,9,24,11,24,11,22,10,22;1,0,18,11,18,10,15,10,15,9,17,9;0,-1,16,12,17,12,17,11;1,0,13,9,14,9;-1,0,11,11,9,11;1,0,8,6,8,5,11,5,11,7,13,7;1,0,15,12,15,13,16,13;0,1,5,17,7,17,7,19;0,-1,9,9,10,9,10,7;1,0,15,11,13,11,13,10,14,10;-1,0,8,16,6,16;0,1,9,18,8,18,8,20;-1,0,12,8,11,8,11,10,9,10;1,0,13,15,13,16,14,16;-1,0,7,14,7,12,6,12;0,-1,9,14,9,13,8,13,8,12;-1,0,10,13,10,15,7,15;0,1,8,17,10,17,10,19;-1,0,11,20,12,20,12,19,11,19;-1,0,13,19,13,21,11,21;0,-1,13,12,12,12,12,9;-1,0,11,13,11,12,10,12;1,0,14,13,14,14,16,14;-1,0,11,17,11,16,10,16;-1,0,12,13,13,13,13,14,11,14;-1,0,14,19,14,18,12,18;1,0,11,15,12,15,12,17,14,17;0,1,21,8,21,5,24,5,24,9,21,9,21,14;0,-1,4,19,6,19,6,21,3,21,3,16,5,16,5,12;0,1,5,22,3,22,3,26,7,26,7,27;1,0,5,11,5,7,7,7,7,4,12,4,12,1,14,1;1,0,19,13,19,18,22,18,22,13,23,13;0,-1,21,0,16,0,16,1,20,1,20,4,16,4,16,2;1,0,8,31,4,31,4,29,8,29;1,0,12,27,12,29,9,29,9,31,11,31,11,30,16,30;1,0,17,31,21,31,21,29,23,29;-1,0,2,25,2,26,0,26,0,24,2,24,2,20,1,20;-1,0,0,18,0,14,1,14,1,12,4,12,4,15,2,15;-1,0,12,0,7,0,7,1,4,1;0,-1,0,13,0,11,2,11,2,8;0,-1,2,7,4,7,4,11,3,11,3,9;0,-1,4,6,4,5,2,5,2,1;1,0,18,13,18,17,15,17,15,22,19,22;1,0,18,30,20,30,20,26,22,26;1,0,17,30,17,29,13,29,13,28,16,28,16,25,18,25;1,0,24,20,24,25,19,25,19,23,23,23;0,-1,3,6,0,6,0,10,1,10,1,7;1,0,21,27,24,27,24,31,22,31,22,30,23,30;1,0,23,4,23,3,21,3,21,1,23,1;1,0,23,17,23,14,24,14,24,12,22,12,22,10,23,10;0,-1,14,4,14,2,13,2,13,5,15,5,15,1;-1,0,11,26,11,28,9,28,9,26,8,26,8,28,6,28;0,1,0,30,0,27,2,27,2,29;0,-1,6,2,6,6,5,6,5,4,3,4,3,3;1,0,24,18,23,18,23,22,20,22,20,19,22,19;0,-1,1,3,1,2,0,2,0,5,1,5,1,4;0,-1,5,3,5,2,3,2,3,1
29,31|-1,0,9,22,8,22;0,1,10,22,10,23;-1,0,8,13,7,13;0,-1,23,13,23,12;-1,0,6,10,5,10;-1,0,8,11,7,11;-1,0,8,14,7,14;1,0,20,22,20,23,21,23;-1,0,11,5,10,5,10,6,9,6;-1,0,8,17,8,16,7,16;-1,0,9,13,10,13,10,12,7,12;0,1,12,23,11,23,11,25,13,25,13,26;1,0,20,21,23,21,23,19,24,19;-1,0,6,19,6,18,5,18;-1,0,9,14,9,15,6,15;0,-1,19,9,21,9,21,8;-1,0,9,21,7,21,7,20,5,20;0,1,17,24,17,23,16,23,16,24;-1,0,7,10,8,10,8,8,6,8;1,0,18,9,18,10,20,10;0,1,14,21,14,22;0,1,16,22,15,22,15,24;-1,0,11,11,9,11;-1,0,13,23,13,22,11,22;0,1,22,19,21,19,21,20,19,20,19,23;0,-1,16,9,16,10,17,10,17,8;-1,0,7,7,10,7,10,9,9,9;-1,0,9,20,9,19,7,19;0,-1,15,10,13,10,13,8;-1,0,10,21,10,18,7,18;0,1,15,21,15,20,17,20,17,22;-1,0,12,7,11,7,11,10,9,10;1,0,20,18,22,18,22,17,23,17;-1,0,10,15,10,16,9,16;0,-1,15,11,12,11,12,8;-1,0,11,15,11,14,10,14;0,-1,21,13,21,12,20,12,20,11;0,1,17,19,14,19,14,20;0,-1,13,13,13,12;-1,0,12,17,9,17;1,0,13,19,13,21,11,21,11,19,12,19;0,-1,11,18,13,18,13,16,12,16,12,15;-1,0,17,11,19,11,19,12,18,12;0,1,15,18,14,18,14,17,16,17,16,18;0,-1,19,17,17,17,17,15;-1,0,14,15,16,15,16,16,15,16;0,-1,3,20,3,18,1,18,1,14;1,0,4,13,4,8,0,8,0,3,5,3;-1,0,17,25,17,28,14,28,14,30,10,30,10,25,7,25;1,0,15,5,17,5,17,0,22,0,22,1,27,1;-1,0,7,2,7,4,12,4,12,0,16,0,16,1,13,1;-1,0,9,29,4,29,4,25,6,25,6,21,5,21;1,0,12,31,17,31,17,29,19,29;0,1,27,30,27,27,23,27,23,22,25,22,25,24;1,0,27,26,27,21,25,21,25,19,27,19;0,1,27,17,27,18,26,18,26,16,28,16,28,19;0,1,0,23,0,20,1,20,1,22;1,0,23,9,24,9,24,10,22,10,22,8,27,8;-1,0,4,17,4,21,3,21,3,26,1,26;0,1,29,19,29,23,28,23,28,25;-1,0,5,17,5,15,3,15,3,12,1,12;1,0,21,5,23,5,23,2,26,2;-1,0,4,30,4,31,0,31,0,29,3,29,3,27,1,27;1,0,24,3,24,7,27,7,27,2,28,2;0,-1,3,0,0,0,0,2,3,2,3,1;0,1,26,31,22,31,22,28,25,28,25,30;0,1,29,24,29,26,28,26,28,27;-1,0,2,22,2,19,1,19;0,-1,4,0,8,0,8,3,11,3,11,1;1,0,14,12,16,12,16,14,19,14;1,0,28,15,28,11,24,11,24,13,26,13;0,1,18,28,19,28,19,26,21,26,21,30;-1,0,1,9,1,11,3,11,3,10,2,10;0,-1,9,0,10,0,10,2,9,2,9,1;1,0,29,7,29,10,25,10,25,9,28,9;0,1,29,30,29,28,28,28,28,29
31,33|-1,0,6,20,5,20;-1,0,7,21,6,21;0,-1,17,6,17,5;0,1,14,22,14,23;0,-1,16,7,16,6;0,-1,15,7,15,6;0,1,13,22,13,23;1,0,17,7,18,7;0,1,14,20,14,21;1,0,26,13,25,13,25,11,26,11;1,0,19,8,19,9,20,9;-1,0,8,19,7,19;1,0,15,11,16,11;0,-1,15,9,15,8,14,8,14,6;1,0,18,9,18,8,17,8,17,10,19,10;0,-1,20,13,23,13,23,12;0,-1,14,11,14,10,16,10,16,8;0,-1,8,13,10,13,10,12;-1,0,11,12,11,14,9,14,9,15,8,15;-1,0,6,24,7,24,7,26,6,26;-1,0,13,8,13,9,12,9,12,11,11,11;0,-1,10,15,12,15,12,12;0,1,15,27,15,28;0,-1,14,15,14,12,13,12,13,10;-1,0,8,21,9,21,9,20,7,20;0,1,10,24,9,24,9,25;0,-1,21,14,21,15,20,15,20,14;0,1,13,21,12,21,12,23;0,-1,16,14,16,13,15,13,15,12;-1,0,8,26,8,23,6,23;-1,0,11,23,9,23,9,22,7,22;1,0,23,14,23,15,24,15;-1,0,17,26,17,25,15,25;0,1,13,19,13,20,10,20,10,22;0,-1,12,17,12,16,13,16,13,14;0,-1,16,17,16,15,19,15,19,14;-1,0,17,22,16,22;-1,0,8,17,8,18,7,18;0,1,6,16,9,16,9,19;0,1,11,19,11,16,10,16,10,19;0,-1,13,17,15,17,15,14;0,-1,16,18,17,18,17,16;-1,0,18,22,18,23,16,23;-1,0,16,21,15,21;1,0,20,16,20,18,18,18,18,20,20,20;0,1,14,19,14,18,12,18,12,19;0,1,16,20,15,20,15,19,17,19,17,20;0,-1,0,23,3,23,3,19,5,19,5,16,3,16,3,11;-1,0,12,6,12,2,17,2,17,0,21,0,21,4,18,4;1,0,12,32,12,33,10,33,10,31,15,31;1,0,26,10,26,8,23,8,23,6,18,6,18,5,19,5;-1,0,13,4,13,7,12,7,12,8,10,8;0,1,28,7,28,5,31,5,31,8,28,8,28,13;-1,0,18,33,18,30,13,30,13,26,9,26,9,31,5,31;1,0,29,15,25,15,25,18,23,18,23,22,28,22;0,-1,1,12,1,9,5,9,5,13,7,13,7,11;0,-1,11,6,8,6,8,9,11,9,11,10,7,10,7,6;0,1,4,23,4,21,5,21,5,24,2,24,2,26;0,-1,3,1,3,3,8,3,8,5,11,5,11,3;-1,0,4,31,4,27,8,27,8,29,5,29;-1,0,0,32,3,32,3,29,2,29;1,0,10,25,11,25,11,24,13,24;0,1,31,20,31,22,30,22,30,27;0,-1,5,2,5,0,0,0,0,4,2,4,2,2;0,1,30,31,30,28,27,28,27,32;0,1,29,26,29,23,25,23,25,24,20,24,20,29;0,1,23,33,28,33,28,29,29,29,29,32;-1,0,2,21,2,18,4,18,4,17,2,17;0,-1,8,0,6,0,6,2,9,2,9,4,10,4,10,1;-1,0,5,5,4,5,4,4,6,4,6,6,2,6;0,1,16,28,19,28,19,30,21,30,21,25,22,25,22,27;0,-1,27,9,27,7,26,7,26,5;0,-1,31,4,31,0,30,0,30,3,26,3,26,1;0,-1,28,4,25,4,25,7,24,7,24,4;-1,0,1,17,1,18,0,18,0,16,2,16,2,15,1,15;0,-1,25,0,22,0,22,3,25,3,25,1;1,0,30,12,30,16,26,16,26,19,29,19
30,28|1,0,24,17,25,17;0,1,11,20,11,21;0,-1,5,11,5,10;1,0,24,19,25,19;0,1,12,20,12,21;-1,0,14,21,13,21;-1,0,14,22,13,22;1,0,23,18,24,18;0,1,13,18,13,19;-1,0,10,8,9,8;-1,0,16,21,15,21;0,1,12,16,12,19;1,0,23,17,23,16,24,16;0,-1,11,9,11,8;-1,0,15,22,15,23,14,23;0,-1,12,9,13,9,13,7,14,7,14,5;-1,0,19,8,18,8;0,-1,13,11,13,10,10,10,10,9;-1,0,10,20,9,20,9,19,8,19;0,-1,18,10,17,10,17,9;0,1,14,19,15,19,15,20;0,1,16,20,18,20,18,22;1,0,19,14,21,14;0,1,10,19,10,18,11,18,11,19;1,0,22,19,23,19;-1,0,9,18,9,16,8,16;1,0,20,12,20,11,21,11;1,0,22,18,22,15,23,15;0,-1,6,11,6,9;1,0,18,14,18,12,19,12;0,1,18,19,21,19,21,20,22,20,22,23;1,0,19,15,19,16,21,16;0,-1,8,11,7,11,7,10;0,1,9,15,11,15,11,17;0,-1,17,12,17,11,19,11,19,9;0,-1,9,13,6,13,6,12,9,12,9,11;1,0,21,17,19,17,19,18,21,18;0,1,10,11,10,14,12,14,12,15;1,0,17,19,17,18,18,18;0,-1,13,12,12,12,12,11;0,1,15,18,16,18,16,19;-1,0,16,11,14,11;-1,0,13,15,13,13,12,13;-1,0,14,16,15,16,15,17,13,17;1,0,15,12,16,12;0,-1,17,13,14,13,14,12;1,0,17,14,17,15,18,15;1,0,16,17,16,15,14,15,14,14,16,14;0,-1,29,18,29,15,26,15,26,11;0,1,13,26,9,26,9,21,7,21,7,23;-1,0,5,9,5,7,9,7,9,2,7,2;0,-1,10,7,10,4,14,4,14,1;0,-1,1,19,1,24,6,24,6,21,2,21,2,16;1,0,23,25,18,25,18,26,16,26,16,24,19,24;0,-1,16,4,18,4,18,0,13,0,13,3,10,3,10,1;0,-1,28,19,28,16,25,16,25,13,22,13,22,9;-1,0,0,5,0,0,3,0,3,3,8,3,8,6,6,6;1,0,19,0,19,3,20,3,20,7,25,7,25,3,28,3;-1,0,1,1,1,4,5,4,5,6,4,6;0,1,15,27,13,27,13,28,8,28,8,25,6,25,6,26;0,1,25,21,30,21,30,23,28,23,28,27;1,0,28,5,30,5,30,0,27,0,27,2,29,2;-1,0,0,6,0,9,4,9,4,11,2,11;-1,0,7,26,7,27,3,27;1,0,23,8,23,11,25,11,25,8,28,8;0,-1,26,0,26,2,24,2,24,6,21,6,21,3;0,-1,25,1,25,0,23,0,23,2,20,2,20,1;-1,0,6,28,1,28,1,25,5,25,5,26,3,26;1,0,29,3,29,4,26,4,26,7,28,7;-1,0,6,15,6,17,8,17,8,18,5,18,5,13,4,13;1,0,30,16,30,14,27,14,27,12,29,12;0,1,25,24,25,26,20,26,20,27;1,0,19,20,20,20,20,24,23,24,23,20,24,20;0,1,27,25,26,25,26,28,30,28,30,24,29,24,29,26;1,0,29,7,30,7,30,10,26,10,26,9,29,9;0,-1,8,0,6,0,6,2,5,2,5,1;-1,0,0,12,0,15,3,15,3,18,4,18,4,14,1,14;0,-1,10,0,12,0,12,2,11,2,11,1
35,36|-1,0,6,20,5,20;-1,0,15,31,14,31;-1,0,6,21,5,21;0,1,13,28,13,29;1,0,28,18,29,18;-1,0,7,19,6,19;-1,0,7,18,6,18;-1,0,8,17,6,17;0,1,12,26,12,28;1,0,27,23,29,23;1,0,28,19,29,19;0,1,8,28,10,28,10,29,8,29,8,30;0,-1,29,12,28,12,28,9;1,0,28,22,29,22;1,0,28,20,29,20;-1,0,5,22,5,23,7,23,7,22,6,22;1,0,27,22,27,21,30,21;0,1,9,27,11,27,11,28;0,1,25,23,25,25,27,25,27,27;-1,0,8,19,8,20,7,20;0,1,6,25,7,25,7,28;0,1,25,22,26,22,26,23;-1,0,9,19,9,21,7,21;-1,0,9,22,9,23,8,23;1,0,26,21,25,21,25,20,27,20;1,0,21,23,21,24,23,24;0,-1,18,7,18,5;0,-1,23,6,22,6,22,8,19,8,19,7;1,0,24,9,26,9,26,7,27,7;0,1,26,19,23,19,23,20;0,1,19,28,19,26,20,26,20,28;1,0,17,30,15,30,15,29,18,29;0,1,6,24,8,24,8,27;0,1,29,15,29,16,30,16,30,17;0,-1,21,10,22,10,22,9;1,0,27,15,28,15,28,14,30,14;0,1,27,19,27,17,25,17,25,18;-1,0,9,24,9,26,11,26,11,24,10,24;-1,0,10,11,11,11,11,9,10,9;0,-1,13,8,12,8,12,6,14,6,14,5;-1,0,16,28,15,28,15,27,13,27;0,1,18,28,18,26,17,26,17,28;0,-1,16,9,17,9,17,6;0,-1,13,9,14,9,14,7;1,0,25,10,27,10,27,13,29,13;0,1,18,25,21,25,21,27;0,-1,25,11,25,12,24,12,24,10;1,0,16,27,16,25,17,25;0,1,16,24,15,24,15,26;0,1,15,23,14,23,14,25;0,1,13,24,12,24,12,25;1,0,24,15,24,14,27,14;0,-1,20,9,18,9,18,8;-1,0,10,13,9,13;-1,0,7,16,9,16,9,18,8,18;0,-1,21,13,21,12,23,12,23,9;0,1,10,15,10,16;-1,0,12,11,12,13,11,13,11,12,10,12;1,0,23,14,23,16,25,16;0,1,18,21,18,22,20,22,20,24;0,1,18,18,18,20;-1,0,14,22,13,22,13,23,11,23;1,0,22,18,23,18;1,0,21,14,22,14,22,13,24,13;1,0,22,16,22,17,24,17;1,0,19,12,19,10,20,10;0,-1,12,9,12,10,15,10,15,9;0,1,11,20,13,20,13,21;-1,0,13,13,13,15,11,15,11,14,9,14;0,1,14,21,14,19,15,19,15,22;0,1,15,18,13,18,13,19;0,-1,19,13,18,13,18,10;-1,0,13,12,15,12,15,11,13,11;0,1,17,16,17,19,16,19,16,20;0,1,14,17,16,17,16,18;1,0,19,17,21,17;0,-1,16,11,16,13,17,13,17,11;0,-1,22,15,20,15,20,14;-1,0,15,15,15,16,13,16;-1,0,17,14,15,14,15,13,14,13;0,1,21,16,18,16,18,15,16,15,16,16;0,1,31,13,31,17,34,17,34,22;-1,0,0,14,0,17,2,17,2,20,4,20,4,23,3,23;0,1,20,36,15,36,15,32,11,32,11,34;-1,0,23,0,18,0,18,2,13,2,13,5,11,5;0,1,10,34,7,34,7,29,6,29,6,34;-1,0,0,9,0,13,5,13,5,8,9,8,9,12,7,12;1,0,17,35,17,33,19,33,19,29,21,29;0,1,30,20,33,20,33,24,35,24,35,29,33,29,33,33;1,0,27,9,27,8,28,8,28,5,33,5;-1,0,10,35,10,36,14,36,14,35,13,35;0,1,3,22,1,22,1,20,0,20,0,23,2,23,2,26;0,1,30,30,30,28,25,28,25,26,23,26,23,30;0,-1,4,12,1,12,1,9,3,9,3,4;0,1,3,26,3,24,4,24,4,27,2,27,2,28;0,1,3,34,5,34,5,36,0,36,0,33,2,33,2,35;-1,0,2,11,4,11,4,7,7,7,7,3,2,3;1,0,14,3,14,4,19,4,19,1,21,1;1,0,27,0,25,0,25,2,20,2,20,3,21,3;0,-1,35,6,35,4,32,4,32,3;0,1,21,34,24,34,24,29,27,29,27,30;1,0,24,35,21,35,21,36,25,36,25,35,28,35;0,-1,2,5,2,7,1,7,1,2;1,0,26,31,26,30,25,30,25,32,29,32,29,34,32,34;0,-1,33,3,34,3,34,0,31,0,31,4,30,4,30,3;1,0,30,36,33,36,33,34,34,34;1,0,35,14,35,10,34,10,34,6,29,6,29,8,33,8;-1,0,0,27,0,32,3,32,3,33,5,33,5,31,3,31;0,-1,12,1,14,1,14,0,10,0,10,4,12,4,12,3;0,-1,0,5,0,0,2,0,2,2,5,2,5,1;0,-1,10,7,8,7,8,4,9,4,9,1
27,33|-1,0,8,27,7,27;-1,0,7,11,6,11;-1,0,7,9,6,9;-1,0,8,10,7,10;-1,0,7,25,6,25;-1,0,15,6,14,6;0,1,17,25,17,26;0,1,5,20,5,22,6,22,6,23;0,1,17,23,17,24,18,24,18,25;0,1,16,23,16,25,14,25,14,28;0,-1,22,10,22,8,20,8,20,6;1,0,20,10,21,10;0,1,15,22,18,22,18,23;1,0,17,5,17,7,19,7;1,0,16,5,16,8,17,8;-1,0,9,27,9,26,7,26;-1,0,8,23,8,22,7,22;0,1,17,20,19,20,19,21;-1,0,9,23,9,24,7,24;0,-1,19,11,19,10;0,-1,20,11,22,11,22,13,20,13,20,12;0,-1,15,9,15,8;-1,0,8,13,8,12,6,12;0,-1,16,9,16,10,17,10,17,9;0,1,11,24,11,25;-1,0,12,19,11,19;-1,0,10,9,8,9,8,8,7,8;0,-1,15,10,15,12,18,12,18,9;0,1,12,25,12,23,10,23,10,24;-1,0,10,10,9,10,9,11,8,11;-1,0,7,21,9,21,9,20,6,20;-1,0,12,21,11,21,11,22,9,22;0,1,12,22,14,22,14,23;-1,0,13,8,10,8,10,7,8,7;-1,0,13,21,13,20,11,20;0,-1,10,11,11,11,11,9;-1,0,16,21,14,21;0,1,12,17,9,17,9,18;0,1,19,19,18,19,18,18,17,18,17,19;-1,0,13,16,11,16;-1,0,9,12,9,14,7,14;-1,0,16,20,14,20,14,19,13,19;0,-1,10,15,10,12,12,12,12,9;-1,0,15,19,15,18,13,18;0,-1,13,12,13,10,14,10,14,8;0,-1,12,15,12,14,14,14,14,11;1,0,19,15,19,16,21,16;0,1,17,17,19,17,19,18;-1,0,16,18,16,17,13,17;0,-1,18,16,18,15,17,15,17,13;-1,0,15,13,16,13,16,16,14,16;0,-1,8,16,4,16,4,13,0,13,0,8,1,8,1,3;-1,0,18,31,13,31,13,28,9,28;-1,0,3,29,3,26,5,26,5,24,3,24;0,1,1,20,0,20,0,18,2,18,2,22;-1,0,27,6,27,2,22,2,22,0,18,0,18,1,13,1;0,1,2,23,2,26,0,26,0,21,1,21,1,23;1,0,23,30,18,30,18,29,14,29,14,30,17,30;1,0,22,16,22,14,27,14,27,10,23,10,23,8,26,8;0,1,0,27,0,29,2,29,2,27,1,27,1,28;0,-1,4,7,4,10,1,10,1,12,5,12,5,9;0,-1,16,4,16,3,12,3,12,1;0,-1,6,6,6,8,5,8,5,7;-1,0,2,7,2,5,3,5,3,0,6,0,6,2,4,2;-1,0,2,4,2,1,1,1;1,0,23,23,27,23,27,25,24,25,24,30,25,30;-1,0,10,29,10,32,13,32,13,33,9,33,9,30,4,30;-1,0,4,31,7,31,7,33,3,33,3,31,1,31;1,0,18,2,18,5,21,5,21,7,23,7;1,0,19,32,16,32,16,33,20,33,20,31,23,31;1,0,24,31,24,33,21,33,21,32,22,32;1,0,26,30,27,30,27,33,25,33,25,31,26,31;-1,0,10,19,8,19,8,17,4,17;0,-1,15,5,15,4,14,4,14,5,10,5,10,1;-1,0,0,30,0,33,2,33,2,32,1,32;-1,0,7,18,5,18,5,19,3,19,3,17,2,17;1,0,17,27,19,27,19,22,20,22;1,0,26,19,26,22,21,22,21,18,25,18;-1,0,1,17,0,17,0,16,3,16,3,14,2,14;1,0,25,6,26,6,26,3,24,3,24,7,26,7;1,0,27,21,27,17,23,17,23,15,26,15
28,35|-1,0,6,16,5,16;0,-1,18,6,18,5;-1,0,6,15,5,15;0,-1,12,7,12,6;-1,0,5,20,6,20,6,18,5,18;-1,0,8,30,9,30,9,28,8,28;-1,0,9,26,7,26;-1,0,5,13,6,13,6,14,5,14;0,-1,17,7,19,7,19,5;-1,0,9,16,7,16,7,17,6,17;-1,0,12,29,10,29,10,27,8,27;-1,0,6,23,6,24,7,24,7,25,6,25;0,-1,11,5,11,7,9,7,9,5;-1,0,10,9,8,9,8,6,7,6;0,1,8,25,8,24,9,24,9,25;-1,0,12,28,11,28,11,26,10,26;0,1,12,25,12,27;0,-1,17,8,16,8,16,5;0,-1,15,9,15,6;1,0,17,27,14,27,14,25,15,25;0,-1,11,8,14,8,14,6;0,-1,19,10,18,10,18,8;0,-1,9,10,11,10,11,9;0,-1,7,14,7,11,6,11,6,10;-1,0,8,18,7,18;-1,0,10,23,7,23,7,22,5,22;0,1,12,24,13,24,13,27;0,-1,23,10,23,11,22,11,22,10;-1,0,8,19,7,19,7,21,6,21;0,1,11,22,11,24,10,24,10,25;-1,0,9,18,9,17,8,17;0,-1,21,5,21,8,20,8,20,5;0,1,15,21,15,22,18,22,18,24;0,1,13,23,13,21,12,21,12,23;-1,0,9,11,9,12,8,12,8,15,7,15;0,-1,10,11,12,11,12,9;0,1,15,20,14,20,14,22;1,0,20,9,21,9,21,12,23,12;-1,0,10,14,10,15,9,15;-1,0,9,13,12,13,12,12,10,12;0,-1,15,11,17,11,17,9;0,-1,10,16,10,17,11,17,11,14;0,1,10,18,10,20,8,20,8,21;0,-1,21,13,21,15,22,15,22,14;0,-1,13,13,13,15,16,15,16,13;0,1,11,21,11,19,13,19,13,20;0,-1,20,15,20,12,18,12,18,11;-1,0,15,16,12,16,12,18,11,18;-1,0,17,15,19,15,19,13,18,13;0,1,18,18,17,18,17,21;1,0,19,18,19,16,17,16,17,17,18,17;1,0,16,17,14,17,14,19,15,19;1,0,8,2,13,2,13,0,18,0,18,2,20,2;0,-1,4,22,0,22,0,18,2,18,2,15;0,1,18,33,13,33,13,28,15,28,15,29;0,1,4,33,4,29,3,29,3,24,5,24,5,29;0,-1,3,21,3,17,4,17,4,14,2,14,2,13;0,-1,7,8,5,8,5,6,1,6,1,2;1,0,24,26,24,22,20,22,20,17,23,17;1,0,8,35,8,31,11,31,11,35,16,35,16,34,21,34;1,0,28,16,28,13,25,13,25,9,22,9,22,7,24,7;0,1,2,29,0,29,0,25,2,25,2,27;0,-1,28,12,28,9,26,9,26,5,22,5,22,3;1,0,14,29,14,30,19,30;1,0,19,1,19,0,21,0,21,1,23,1;1,0,26,18,26,14,24,14,24,18,21,18,21,19,23,19;0,1,5,32,6,32,6,28,7,28,7,32;0,1,27,34,27,32,25,32,25,29,23,29,23,31;0,-1,28,2,28,4,26,4,26,1;-1,0,10,1,12,1,12,0,9,0,9,1,5,1;1,0,25,16,25,21,21,21,21,20,22,20;1,0,20,29,16,29,16,28,18,28;-1,0,0,31,3,31,3,35,7,35,7,34,6,34;0,1,0,35,2,35,2,32,1,32,1,33;0,1,21,27,21,29,22,29,22,34;0,1,24,30,24,32,23,32,23,33;1,0,28,25,26,25,26,20,27,20;-1,0,1,13,1,16,0,16,0,12,5,12,5,11,3,11;0,-1,0,2,0,0,2,0,2,5,4,5,4,4;1,0,28,30,28,27,24,27,24,28,22,28,22,27,23,27;-1,0,8,11,8,10,7,10,7,9,5,9;-1,0,2,10,4,10,4,8,2,8
29,31|0,1,16,25,16,26;0,1,15,24,15,25;0,1,14,23,14,24;0,1,13,23,13,24;1,0,18,25,19,25;-1,0,9,6,8,6;1,0,21,5,22,5;1,0,23,23,22,23,22,22,23,22;1,0,21,22,20,22,20,24,21,24;1,0,22,9,24,9;1,0,23,14,24,14;-1,0,10,6,11,6,11,7,9,7;0,1,19,23,19,24,17,24,17,25;0,1,18,21,18,23;1,0,20,6,22,6;0,1,21,19,21,20,19,20,19,22;0,1,23,19,23,21;0,1,16,21,16,20,17,20,17,21;1,0,18,6,19,6;0,1,18,17,20,17,20,19;1,0,9,24,11,24,11,23,12,23;1,0,9,23,10,23,10,22,13,22;1,0,19,7,21,7;-1,0,15,6,12,6,12,5,9,5;0,-1,18,10,18,7;-1,0,6,21,6,20,5,20;-1,0,9,22,9,21,7,21,7,19,5,19;0,1,10,17,11,17,11,19;0,1,24,20,24,18,22,18,22,20;0,-1,14,8,14,7,16,7,16,6;-1,0,9,20,8,20,8,18,7,18;1,0,19,8,21,8,21,10,24,10;0,-1,16,9,17,9,17,8;0,1,22,15,22,17;0,-1,18,11,20,11,20,10;0,-1,15,10,15,8;1,0,22,14,22,12,24,12;0,1,20,16,21,16,21,17;1,0,19,13,21,13,21,11,23,11;-1,0,11,16,9,16,9,17,7,17;1,0,18,13,18,14,21,14;1,0,18,15,21,15;0,-1,12,11,13,11,13,9;0,-1,10,11,8,11,8,9;0,-1,8,13,8,12,11,12,11,10;0,1,13,19,15,19,15,20;0,1,15,18,12,18,12,20;0,-1,9,15,10,15,10,13;0,-1,12,14,12,15,11,15,11,13;0,-1,16,13,16,12,14,12,14,9;0,-1,14,15,13,15,13,17,12,17,12,16;0,1,19,16,16,16,16,18;-1,0,17,13,17,15,15,15,15,16,14,16;0,1,27,8,26,8,26,4,29,4,29,8,28,8,28,11;-1,0,17,26,18,26,18,27,13,27,13,29,8,29;0,1,4,12,4,16,1,16,1,20;0,1,27,31,27,26,24,26,24,21,27,21,27,25;-1,0,8,2,8,5,6,5,6,7,3,7;0,-1,14,3,18,3,18,5,20,5,20,4,25,4,25,2;0,-1,2,10,0,10,0,5,3,5,3,2;1,0,26,15,27,15,27,19,25,19,25,14,27,14;-1,0,0,29,2,29,2,31,6,31,6,28,3,28;0,1,28,16,29,16,29,21,28,21,28,24;0,1,23,26,23,24,22,24,22,27;0,1,13,31,11,31,11,30,14,30,14,28,15,28,15,30;1,0,27,12,27,11,25,11,25,13,27,13;0,1,29,22,29,25,28,25,28,27;1,0,4,0,0,0,0,1,5,1;0,-1,5,0,10,0,10,2,14,2,14,1;0,1,21,26,19,26,19,28,22,28,22,29;1,0,14,0,16,0,16,2,18,2,18,1,21,1;-1,0,12,24,12,25,10,25,10,26,14,26,14,25,13,25;-1,0,7,28,8,28,8,23,6,23,6,26,4,26;-1,0,4,17,2,17,2,21,5,21,5,23,4,23;-1,0,0,20,0,22,2,22,2,24,5,24,5,25,1,25;-1,0,7,6,7,11,6,11;1,0,20,2,20,3,22,3,22,1,23,1;0,1,24,29,24,31,26,31,26,27,24,27,24,28;1,0,23,2,23,3,24,3,24,1,25,1;0,1,18,30,18,28,16,28,16,30;0,-1,26,0,26,3,27,3,27,2;0,1,23,29,23,31,21,31,21,29,20,29,20,30;0,-1,27,0,29,0,29,3,28,3,28,2
29,34|-1,0,12,29,11,29;-1,0,7,23,6,23;0,-1,12,9,12,8;-1,0,7,22,6,22;0,-1,20,6,20,5;0,-1,24,10,24,9;-1,0,6,20,5,20;0,1,11,27,11,28;0,-1,12,11,12,10;-1,0,6,19,5,19;0,1,12,27,12,28;0,-1,20,8,20,7;-1,0,9,22,8,22;0,-1,16,6,16,5;-1,0,8,24,7,24;0,-1,23,9,23,8,21,8,21,6;1,0,24,12,23,12,23,13,24,13;0,-1,12,13,12,12;1,0,20,9,22,9;-1,0,9,27,9,26,7,26;1,0,22,11,24,11;-1,0,10,27,10,25,7,25;-1,0,10,22,10,23,8,23;-1,0,15,9,15,6,13,6;0,-1,16,10,16,7,17,7,17,5;0,1,10,24,11,24,11,26;0,-1,18,11,17,11,17,8;-1,0,9,15,9,16,7,16;0,-1,12,14,10,14,10,12;-1,0,15,12,15,13,14,13;-1,0,7,18,7,21,6,21;0,-1,14,14,14,16,12,16,12,15;0,1,15,24,15,25;0,-1,10,15,10,17,11,17,11,15;0,1,6,17,8,17,8,20;0,1,13,25,13,27;-1,0,9,18,12,18,12,19,9,19;-1,0,18,12,16,12;-1,0,13,20,11,20,11,21,10,21;0,1,14,26,14,24,12,24,12,26;1,0,23,10,21,10,21,12,22,12;-1,0,18,13,16,13;1,0,19,15,21,15,21,13,22,13;0,-1,20,11,20,13,19,13,19,11;-1,0,13,21,13,22,11,22;1,0,18,16,18,14,20,14;0,-1,16,15,16,16,17,16,17,14;0,-1,16,18,17,18,17,17;1,0,15,23,15,22,16,22;-1,0,14,21,14,23,11,23;0,-1,13,17,15,17,15,16;-1,0,14,18,13,18;0,1,13,19,14,19,14,20;0,1,20,17,18,17,18,19,15,19,15,21;0,1,0,19,0,23,2,23,2,27;0,-1,28,8,25,8,25,5,21,5,21,4,16,4,16,3;0,1,15,34,15,32,10,32,10,29,8,29,8,33;0,-1,4,10,4,8,9,8,9,3,12,3,12,1;0,1,25,13,25,9,28,9,28,11;0,1,23,16,21,16,21,17,25,17,25,22,28,22,28,25;1,0,12,0,17,0,17,2,22,2;0,1,0,13,0,18,1,18,1,20,3,20,3,23;1,0,24,3,24,2,26,2,26,4,23,4,23,1,26,1;0,1,29,34,29,32,27,32,27,28,25,28,25,31;0,1,5,26,3,26,3,24,6,24,6,27;-1,0,7,33,7,29,5,29,5,33,1,33;0,-1,22,0,27,0,27,2,29,2,29,7,27,7,27,6;-1,0,11,13,11,9,9,9,9,11,4,11;0,-1,1,11,1,16,3,16,3,14;0,-1,0,12,0,10,3,10,3,6;0,-1,3,2,0,2,0,5,4,5,4,1;1,0,29,13,26,13,26,17,27,17;1,0,28,14,28,18,26,18,26,21,28,21;1,0,29,24,29,20,27,20,27,19,28,19;0,1,15,31,15,26,16,26,16,23,17,23,17,26;0,1,18,29,18,31,16,31,16,27,17,27,17,28;0,1,18,24,20,24,20,21,19,21,19,18,21,18,21,23;-1,0,7,27,8,27,8,28,3,28;0,1,22,22,22,25,19,25,19,27;0,1,16,34,19,34,19,30,21,30,21,33;1,0,19,29,20,29,20,26,21,26;1,0,22,31,24,31,24,26,27,26;0,1,27,33,28,33,28,34,26,34,26,32,22,32,22,33;0,-1,8,5,5,5,5,2,9,2,9,1
35,37|-1,0,6,13,5,13;-1,0,6,12,5,12;0,1,30,25,30,26;0,1,30,23,30,24;1,0,28,24,29,24;1,0,27,28,28,28;1,0,27,27,28,27;1,0,28,26,29,26;1,0,25,27,26,27;-1,0,7,14,6,14;1,0,27,26,27,25,29,25;1,0,26,26,26,24,27,24;0,1,13,31,12,31,12,29,14,29,14,30;-1,0,8,18,7,18;-1,0,7,15,6,15;-1,0,9,18,9,19,7,19,7,21,6,21;0,1,16,31,16,29,15,29,15,31;0,1,27,20,27,21;1,0,25,26,24,26,24,28,26,28;-1,0,9,16,9,17,7,17,7,16,6,16;-1,0,10,23,10,21,8,21,8,22,6,22;0,1,17,29,17,30;-1,0,12,21,12,20,11,20;-1,0,10,24,12,24,12,22,11,22;-1,0,11,18,10,18,10,15,8,15;0,1,9,27,9,25,10,25,10,28;0,1,29,23,29,21,30,21,30,22;0,-1,6,6,6,8,8,8,8,7;0,1,26,21,26,23;-1,0,12,18,13,18,13,19,11,19;0,1,5,11,7,11,7,13;0,-1,23,12,23,11,24,11,24,10;-1,0,8,12,10,12,10,14,8,14;0,1,14,28,15,28,15,27,16,27,16,28;0,1,18,27,19,27,19,30;0,-1,7,10,6,10,6,9,9,9,9,6;0,1,24,23,24,24,25,24,25,25;0,-1,8,10,8,11,10,11,10,9;0,-1,15,8,12,8,12,6;0,1,22,28,20,28,20,29,21,29,21,32;0,1,20,26,20,27,23,27,23,28;0,1,29,18,29,20,28,20,28,22;0,-1,17,10,17,8;-1,0,12,13,13,13,13,14,12,14;-1,0,13,15,13,16,12,16;1,0,22,12,22,13,23,13,23,15,26,15;0,1,11,26,13,26,13,28;1,0,28,18,26,18,26,19,28,19;-1,0,14,18,14,17,13,17;0,1,24,22,24,21,25,21,25,23;-1,0,16,13,14,13;-1,0,11,12,12,12,12,11,11,11;-1,0,14,27,14,25,11,25;0,1,13,23,13,24,15,24,15,26;-1,0,13,10,11,10;0,-1,24,17,26,17,26,16;1,0,24,20,26,20;0,-1,14,11,14,9,11,9,11,7;-1,0,18,7,19,7,19,5,18,5;0,-1,20,9,19,9,19,8;0,-1,15,9,15,11,18,11,18,8;0,1,17,23,17,24,16,24,16,25;-1,0,23,26,21,26,21,24,19,24;-1,0,16,23,15,23,15,20,14,20;0,1,23,21,23,22;-1,0,21,9,21,10,19,10;-1,0,16,20,16,19,15,19;0,1,14,14,14,16,15,16,15,18;-1,0,15,15,17,15,17,12,15,12;1,0,25,18,23,18,23,19,25,19;0,1,21,23,21,21,22,21,22,23;0,-1,19,12,21,12,21,11,22,11,22,10;-1,0,18,14,18,16,16,16;0,1,17,22,17,21,16,21,16,22;-1,0,18,19,18,20,17,20;0,1,18,21,18,22,19,22,19,23;1,0,23,16,23,17,22,17,22,20,23,20;0,-1,20,13,21,13,21,15,22,15,22,14;1,0,20,16,22,16;-1,0,19,15,19,17,17,17;0,1,21,19,21,20;-1,0,20,19,20,21,19,21,19,18,16,18;0,-1,2,11,2,13,0,13,0,18,2,18,2,16;1,0,8,2,6,2,6,5,9,5,9,3,12,3;-1,0,18,33,17,33,17,31,19,31,19,34,14,34;1,0,14,3,14,0,17,0,17,1,22,1,22,4,25,4;1,0,23,29,26,29,26,32,29,32,29,28,32,28;0,-1,1,23,3,23,3,19,0,19,0,24,4,24,4,19;1,0,35,29,35,27,33,27,33,29,30,29,30,30,31,30;1,0,10,34,10,31,6,31,6,35,9,35;0,1,31,32,31,37,26,37,26,33,21,33,21,36;1,0,30,17,27,17,27,13,25,13,25,10,27,10;-1,0,0,7,0,10,5,10,5,5,2,5;0,-1,28,10,29,10,29,5,33,5,33,3;-1,0,0,5,0,0,4,0,4,1,2,1;0,-1,28,5,28,9,26,9,26,4,29,4,29,1;1,0,28,3,26,3,26,0,30,0,30,1,31,1;0,-1,35,2,35,4,34,4,34,1;0,1,15,37,11,37,11,34,12,34,12,36;0,1,3,12,3,14,5,14,5,15;-1,0,9,29,10,29,10,30,8,30,8,29,5,29;0,1,3,26,3,31,5,31,5,33;0,-1,17,4,13,4,13,0,9,0,9,2,12,2,12,1;-1,0,3,33,3,37,8,37,8,36,4,36;-1,0,4,28,4,26,6,26,6,28,8,28,8,25,6,25;-1,0,5,22,5,25,4,25;1,0,33,14,33,16,35,16,35,18,30,18,30,20,33,20;0,1,1,28,0,28,0,25,2,25,2,29;1,0,35,19,35,24,31,24,31,21,32,21,32,23,34,23;0,1,20,37,25,37,25,34,24,34,24,36;0,1,32,37,32,33,35,33,35,30,32,30,32,31;0,1,2,30,1,30,1,29,0,29,0,31,1,31,1,34
31,32|0,1,12,24,12,25;-1,0,6,16,5,16;0,1,13,22,13,23;0,1,12,22,12,23;1,0,25,18,26,18;-1,0,6,18,5,18;0,1,11,23,11,24;0,1,14,25,14,26;0,1,14,19,14,20;1,0,25,16,26,16;0,-1,25,12,25,9;1,0,22,11,24,11;1,0,24,21,24,20,25,20;1,0,22,18,23,18;0,1,8,26,8,23,9,23,9,25;0,-1,24,8,24,10,21,10,21,9;0,1,12,21,11,21,11,22;-1,0,16,27,17,27,17,26,15,26;1,0,20,9,20,11,21,11;0,1,9,21,9,22,10,22,10,24;1,0,24,17,25,17;-1,0,5,19,7,19,7,17,6,17;0,-1,25,14,24,14,24,13;1,0,21,16,24,16,24,15,26,15;0,1,15,25,18,25,18,26;0,1,21,20,20,20,20,22;1,0,17,7,17,8,20,8;-1,0,7,15,8,15,8,16,7,16;1,0,25,22,23,22,23,19,25,19;-1,0,8,21,8,22,7,22,7,20,6,20;1,0,20,13,20,14,21,14;1,0,17,9,19,9,19,12,20,12;0,1,22,21,22,19,19,19,19,20;0,1,9,20,9,18,8,18,8,20;0,-1,16,6,16,7,14,7,14,5;1,0,15,9,16,9;1,0,13,7,13,8,15,8;-1,0,10,16,10,17,8,17;1,0,12,7,11,7,11,9,14,9;-1,0,11,12,10,12,10,13,8,13;1,0,23,17,20,17,20,15,22,15;0,1,13,21,13,20,10,20,10,21;1,0,17,15,17,13,19,13;1,0,15,12,15,10,17,10;-1,0,12,11,9,11;-1,0,12,17,11,17,11,15,9,15;0,1,15,24,15,23,17,23,17,24;-1,0,12,19,10,19;-1,0,13,19,13,18,10,18;-1,0,12,13,12,12,14,12,14,10,11,10;0,1,13,17,14,17,14,18;0,1,16,22,18,22,18,23;-1,0,18,21,16,21;-1,0,15,16,14,16;-1,0,15,17,16,17,16,18,15,18;0,1,14,13,14,15;1,0,15,13,15,14,16,14,16,16,18,16;1,0,9,31,9,26,12,26,12,29,17,29;0,1,2,13,0,13,0,18,3,18,3,20;1,0,28,28,23,28,23,32,18,32,18,29,21,29;0,1,20,2,23,2,23,5,26,5,26,1,30,1,30,3;0,1,6,13,6,10,4,10,4,14;0,1,27,13,27,16,30,16,30,18;1,0,30,23,26,23,26,19,29,19;-1,0,3,25,5,25,5,29,7,29,7,24,3,24;1,0,26,31,26,29,24,29,24,32,27,32,27,29,29,29;0,1,5,21,0,21,0,26,4,26,4,28,3,28,3,30;-1,0,31,13,31,9,27,9,27,7,22,7,22,4,18,4;0,-1,23,9,23,8,21,8,21,5,16,5,16,4;-1,0,17,0,17,1,12,1,12,6,10,6,10,3,8,3;-1,0,4,29,4,31,2,31;0,-1,4,9,2,9,2,7,6,7,6,3;0,-1,20,1,24,1,24,4,25,4,25,1;1,0,26,8,26,10,28,10,28,14,30,14;-1,0,8,4,9,4,9,6,7,6,7,2,4,2;0,1,31,31,31,26,30,26,30,30;-1,0,1,0,1,3,5,3,5,6,2,6;1,0,27,6,27,3,28,3,28,5,30,5;0,1,0,27,0,32,5,32,5,30,7,30,7,31;0,1,17,32,17,30,13,30,13,31;-1,0,0,7,0,10,3,10,3,12,2,12;0,1,10,29,10,27,11,27,11,29;-1,0,0,19,0,20,2,20,2,19,1,19;-1,0,1,9,1,6,0,6,0,5,4,5,4,4,3,4;0,1,31,32,29,32,29,30,28,30,28,31;1,0,19,23,20,23,20,24,24,24;0,-1,21,3,18,3,18,1
30,36|0,1,9,27,9,28;-1,0,11,29,10,29;-1,0,11,28,10,28;0,1,6,25,6,26;0,1,8,25,8,26;0,1,9,25,9,26;-1,0,8,9,7,9;-1,0,14,29,13,29;-1,0,9,8,8,8;0,-1,5,12,6,12,6,10;0,1,5,25,5,24,7,24,7,25;-1,0,10,8,11,8,11,6,9,6;-1,0,12,9,9,9;-1,0,13,28,12,28,12,27,10,27;0,-1,17,7,16,7,16,6;0,1,15,27,14,27,14,28;0,-1,9,11,7,11,7,10;0,-1,12,5,12,7,13,7,13,5;0,-1,12,8,14,8,14,7;-1,0,12,10,11,10,11,11,10,11;-1,0,10,26,11,26,11,24,8,24;1,0,21,10,21,12,23,12;-1,0,9,21,7,21,7,23,6,23;0,-1,9,12,12,12,12,11;-1,0,11,23,8,23;0,1,19,25,19,27,17,27,17,28;0,-1,14,9,15,9,15,8,18,8,18,7;0,1,14,26,13,26,13,27;-1,0,11,19,10,19;0,-1,6,14,6,15,7,15,7,13;0,-1,22,13,20,13,20,11;0,-1,9,14,10,14,10,13;0,1,17,25,17,26,16,26,16,28;0,-1,10,15,8,15,8,14;1,0,16,9,19,9;-1,0,10,22,11,22,11,20,10,20;-1,0,9,18,10,18,10,16,7,16;-1,0,12,16,12,13,11,13;0,1,15,26,15,25,12,25,12,26;0,1,20,23,20,24;-1,0,14,24,15,24,15,23,13,23;0,1,11,18,12,18,12,21;-1,0,15,22,17,22,17,21,15,21;-1,0,14,16,13,16;1,0,16,25,16,24,18,24;0,1,11,17,13,17,13,20;0,-1,19,14,19,12;-1,0,20,22,18,22,18,23,17,23;0,1,14,17,14,19;0,-1,18,10,17,10,17,12,14,12,14,11;0,1,15,17,15,20;0,-1,17,13,17,14,18,14,18,11;0,-1,21,15,21,14;0,1,16,18,16,19,18,19,18,20;0,-1,20,18,17,18,17,15;0,1,14,15,15,15,15,16;-1,0,14,14,13,14;0,1,13,13,16,13,16,16;-1,0,3,15,1,15,1,20,4,20,4,24,2,24;1,0,11,4,11,0,16,0,16,3,21,3;1,0,9,32,9,29,7,29,7,33,10,33,10,30,12,30;0,-1,4,9,4,4,7,4,7,1;1,0,17,30,18,30,18,31,16,31,16,29,21,29;0,-1,22,11,22,8,19,8,19,4,24,4,24,1;0,1,7,28,8,28,8,27,6,27,6,29,2,29,2,32;0,1,0,20,0,25,1,25,1,29;0,-1,27,34,27,33,25,33,25,29,27,29,27,24;0,1,28,9,26,9,26,14,22,14,22,15,24,15,24,17;0,1,25,25,25,23,21,23,21,28,23,28,23,31;0,-1,3,5,1,5,1,10,3,10,3,6;0,-1,10,0,6,0,6,1,4,1,4,3,1,3,1,1;0,1,24,29,24,32,23,32,23,33;1,0,25,20,25,22,24,22,24,19,26,19,26,23,27,23;0,1,15,29,15,31,12,31,12,33;0,-1,28,7,28,4,27,4,27,8,25,8,25,4;0,-1,25,3,27,3,27,0,23,0,23,3,22,3,22,1;0,1,24,34,19,34,19,32,14,32,14,33;-1,0,5,7,5,5,7,5,7,8,5,8,5,11,3,11;1,0,27,13,27,10,28,10,28,15,25,15,25,17,26,17;0,1,0,34,0,33,3,33,3,30,6,30,6,33;0,-1,18,2,17,2,17,0,19,0,19,2,21,2,21,1;-1,0,0,18,0,14,2,14,2,11,1,11;0,1,4,33,4,31,5,31,5,33;1,0,19,19,20,19,20,21,23,21,23,18,26,18;0,-1,2,0,2,2,3,2,3,1;1,0,28,29,28,32,26,32,26,31,27,31;0,1,28,20,28,18,27,18,27,16,29,16,29,20;1,0,29,29,29,31,30,31,30,28,28,28,28,24,29,24
29,35|0,1,10,29,10,30;0,-1,13,6,13,5;1,0,19,5,20,5;0,-1,18,6,18,5;-1,0,12,25,11,25;0,-1,17,8,17,7;1,0,22,9,23,9;1,0,20,6,21,6;0,-1,18,8,18,7;0,-1,16,9,16,6;0,-1,20,8,20,7,19,7,19,6;0,-1,15,7,14,7,14,5;1,0,21,7,23,7,23,8,24,8;-1,0,11,26,11,28,10,28;0,-1,12,9,12,8;-1,0,13,24,12,24;-1,0,12,27,12,29,11,29;0,-1,18,11,18,9,19,9,19,8;-1,0,7,6,10,6,10,9,9,9;1,0,23,10,21,10,21,8,22,8;-1,0,8,17,7,17;0,-1,14,8,13,8,13,7;0,-1,14,9,15,9,15,8;1,0,20,10,20,11,22,11;-1,0,9,11,7,11;-1,0,8,13,5,13;0,1,12,26,13,26,13,27;0,1,15,27,15,26,14,26,14,28;-1,0,8,10,10,10,10,12,8,12;-1,0,13,25,14,25,14,23,12,23;-1,0,16,26,16,25,15,25;0,-1,17,11,17,9;0,1,14,22,15,22,15,24;0,-1,12,11,12,10,11,10,11,8;0,1,17,24,17,26;-1,0,12,12,11,12;0,1,15,21,15,20,13,20,13,22;0,1,5,19,5,21,6,21,6,22;-1,0,7,15,7,16,6,16;0,-1,16,10,13,10,13,9;0,1,6,20,6,18,7,18,7,21;0,1,16,22,16,24;0,-1,17,12,19,12,19,11;-1,0,9,16,8,16,8,14,6,14;0,-1,12,13,13,13,13,12;-1,0,9,17,9,18,8,18;0,-1,19,14,19,13;0,-1,8,20,8,19,10,19,10,16;-1,0,16,11,14,11;0,-1,16,12,16,13,14,13,14,12;1,0,22,15,20,15,20,12,21,12;0,1,17,21,17,23,18,23,18,26;0,-1,18,16,18,13;-1,0,14,14,12,14;-1,0,12,15,12,16,11,16;0,1,13,18,11,18,11,20;-1,0,13,15,13,17,11,17;1,0,15,14,17,14;1,0,14,17,14,15,17,15;0,-1,5,14,5,18,4,18,4,13,1,13,1,9;0,-1,29,13,25,13,25,8,28,8,28,3;1,0,1,32,1,35,6,35,6,33,11,33,11,30,14,30;-1,0,14,4,12,4,12,0,17,0,17,1,15,1;1,0,14,31,14,32,16,32,16,29,18,29,18,27,23,27;-1,0,7,27,7,23,10,23,10,25,9,25,9,28,6,28;-1,0,7,5,7,1,2,1,2,3,4,3,4,6,2,6;0,-1,18,0,20,0,20,4,24,4,24,7,26,7,26,2;1,0,12,33,14,33,14,35,9,35,9,34,13,34;-1,0,6,23,6,24,5,24,5,28,4,28;0,1,19,35,17,35,17,30,18,30,18,31;0,1,21,31,25,31,25,26,20,26,20,23,25,23,25,25;-1,0,1,7,4,7,4,8,9,8,9,7,7,7;1,0,22,34,25,34,25,35,21,35,21,33,26,33;-1,0,2,17,2,16,0,16,0,18,3,18,3,14,2,14;1,0,21,3,23,3,23,1,26,1;-1,0,3,28,3,29,0,29,0,24,4,24,4,27,2,27;1,0,25,0,27,0,27,1,28,1;1,0,24,9,24,12,22,12,22,14,25,14;0,1,25,15,23,15,23,18,26,18,26,14,28,14,28,15;0,1,29,31,29,26,28,26,28,31;0,-1,12,7,12,5,11,5,11,3;-1,0,0,7,0,5,3,5,3,4,1,4;1,0,20,34,18,34,18,32,20,32;-1,0,3,19,1,19,1,23,5,23,5,22,4,22;0,-1,9,2,11,2,11,0,8,0,8,5,10,5,10,4;1,0,27,19,24,19,24,20,28,20;1,0,28,35,26,35,26,34,28,34;1,0,29,25,29,21,26,21,26,25,27,25;0,-1,0,1,0,3,1,3,1,1
31,34|0,1,5,22,5,23;0,1,6,22,6,23;-1,0,6,21,5,21;-1,0,6,10,5,10;0,1,6,19,6,20;0,1,21,22,21,23;0,1,19,24,19,25;0,1,7,23,7,24;0,1,20,22,20,23;1,0,17,24,18,24;-1,0,11,26,10,26;0,1,16,24,16,25,18,25,18,26;0,1,14,25,14,24,15,24,15,27;1,0,22,12,23,12,23,11,24,11;0,1,19,21,19,23;0,1,12,26,12,24,13,24,13,26;0,-1,7,8,7,6,9,6,9,5;0,1,20,20,20,21;1,0,13,22,14,22,14,23,15,23;-1,0,11,25,8,25,8,22,7,22;0,1,18,21,18,19,19,19,19,20;0,-1,19,8,19,7;0,-1,8,7,8,9,6,9,6,8;0,1,22,17,22,19,21,19,21,21;1,0,11,23,13,23;0,-1,10,9,10,7;0,-1,19,10,19,9;-1,0,9,23,9,21,8,21;0,-1,10,10,9,10,9,8;0,1,16,18,17,18,17,20;0,1,6,18,5,18,5,20;1,0,10,24,10,22,12,22;0,-1,6,11,7,11,7,10;0,-1,16,10,16,8,18,8,18,7;0,1,9,20,10,20,10,21;0,-1,9,12,9,11,8,11,8,10;1,0,22,7,20,7,20,9,23,9;1,0,12,21,14,21;1,0,21,10,21,11,22,11;0,-1,6,14,5,14,5,12;0,-1,16,11,17,11,17,10;-1,0,11,20,11,19,8,19;-1,0,11,18,9,18;0,-1,16,12,18,12,18,11;0,-1,13,12,13,10,11,10,11,8;1,0,20,15,20,14,23,14;0,1,21,17,21,18,20,18,20,19;1,0,21,12,20,12,20,13,21,13;0,-1,19,14,19,11,20,11,20,10;0,1,11,16,11,17;0,-1,10,11,11,11,11,13,12,13,12,12;-1,0,9,14,7,14,7,15,5,15;0,1,19,18,19,16,20,16,20,17;1,0,18,13,18,15,19,15;1,0,15,20,12,20,12,19,15,19;0,1,10,17,8,17,8,15,9,15,9,16;0,-1,18,18,18,16;0,1,9,13,10,13,10,16;-1,0,14,17,14,18,13,18;-1,0,17,17,15,17;0,-1,13,15,11,15,11,14;-1,0,21,31,21,27,16,27,16,30,11,30,11,27,7,27;-1,0,11,1,15,1,15,6,10,6,10,3,6,3;0,-1,21,15,25,15,25,10,29,10,29,6,27,6,27,1;0,-1,0,29,0,24,2,24,2,19;0,1,0,17,4,17,4,21,3,21,3,24,5,24,5,25;-1,0,7,19,7,17,5,17,5,16,3,16,3,13,1,13;0,1,5,26,5,27,1,27,1,30;0,-1,16,1,20,1,20,6,16,6,16,3;0,1,8,28,8,30,5,30,5,28,2,28,2,29;-1,0,8,31,11,31,11,32,7,32,7,31,2,31;0,-1,8,4,8,5,4,5,4,2;-1,0,0,5,0,8,4,8,4,10,1,10;0,-1,10,2,10,0,5,0,5,2,6,2,6,1;1,0,24,19,24,23,22,23,22,27,24,27;1,0,29,28,28,28,28,30,25,30,25,27,26,27;-1,0,3,11,0,11,0,16,2,16,2,15,1,15;1,0,29,16,29,19,27,19,27,24,23,24,23,25,24,25;0,1,17,30,20,30,20,28,19,28,19,29;1,0,28,21,28,25,25,25,25,26,28,26;0,-1,25,9,28,9,28,8,25,8,25,6;1,0,22,22,22,20,23,20,23,18,26,18,26,13,27,13;1,0,15,32,15,31,20,31,20,32,23,32,23,31,27,31;0,-1,22,10,24,10,24,6,21,6,21,3;-1,0,3,3,1,3,1,0,4,0,4,1,3,1;0,-1,21,1,26,1,26,5,23,5,23,4;0,-1,29,3,29,5,28,5,28,3;0,-1,26,0,29,0,29,2,28,2,28,1;1,0,27,15,29,15,29,12,26,12,26,11,27,11;-1,0,0,0,0,4,1,4,1,7,3,7,3,4,2,4;-1,0,31,26,30,26,30,28,31,28,31,33,27,33
35,42|1,0,29,15,30,15;0,1,5,33,5,34;0,1,5,31,5,32;0,1,6,33,6,34;-1,0,6,26,5,26;-1,0,7,27,6,27;-1,0,7,32,6,32;1,0,28,17,29,17;-1,0,7,31,6,31;0,-1,23,6,23,5;0,-1,22,6,22,5;-1,0,8,33,7,33;0,1,7,35,7,36;0,-1,21,6,21,5;-1,0,6,25,5,25;-1,0,9,32,8,32;-1,0,8,28,7,28;0,-1,27,9,27,6;-1,0,6,30,8,30,8,29,7,29;1,0,27,16,30,16;0,-1,29,11,29,12,27,12,27,10;0,-1,22,9,22,7,24,7,24,5;0,-1,26,7,26,9,25,9,25,7;-1,0,8,31,10,31,10,30,9,30;0,1,15,36,14,36,14,37;1,0,24,9,24,10,26,10;1,0,24,11,25,11;0,1,7,34,8,34,8,36;0,1,13,36,10,36,10,37;-1,0,11,32,10,32,10,33,9,33;-1,0,5,24,7,24,7,23,6,23;0,-1,26,12,23,12,23,9;1,0,21,11,22,11;-1,0,11,31,12,31,12,33,11,33;0,1,14,35,16,35,16,36;1,0,20,6,18,6,18,7,21,7;1,0,21,10,19,10,19,12,21,12;0,-1,16,7,16,8,17,8,17,7;0,-1,25,13,25,15,28,15,28,13;1,0,18,10,18,8,20,8;0,-1,27,18,27,17;-1,0,9,27,8,27;0,1,17,33,17,32,18,32,18,34;1,0,23,13,23,15,24,15;1,0,16,13,16,11,18,11;0,-1,16,9,15,9,15,7;-1,0,9,36,9,34,12,34,12,35,10,35;-1,0,13,35,13,33,15,33,15,34,14,34;0,1,8,26,10,26,10,28,9,28,9,29;0,1,9,25,7,25,7,26;0,-1,19,20,20,20,20,19;0,1,13,30,15,30,15,32,16,32,16,34;0,1,18,30,16,30,16,31;0,-1,21,17,21,15,22,15,22,14;0,-1,15,11,15,10,17,10,17,9;-1,0,10,25,10,24,8,24;0,1,17,29,17,28,18,28,18,29;0,1,15,28,15,27,16,27,16,29;1,0,22,17,22,19,23,19;0,-1,13,11,14,11,14,9;0,1,8,23,10,23,10,21,9,21,9,22;0,1,11,26,11,28,13,28,13,29;0,1,11,23,11,24;0,1,8,20,9,20,9,19,10,19,10,20;0,-1,22,20,21,20,21,18;1,0,15,14,13,14,13,12,15,12;0,-1,22,21,22,22,20,22,20,21;1,0,15,15,13,15,13,17,16,17;0,-1,11,13,11,16,12,16,12,15;-1,0,12,25,12,22,11,22;0,-1,9,17,10,17,10,14;0,1,14,28,14,26,12,26,12,27;-1,0,17,25,17,26,15,26,15,25,13,25;0,-1,9,18,11,18,11,20,13,20,13,18;0,1,13,23,14,23,14,24;-1,0,18,26,18,27,17,27;0,1,15,21,13,21,13,22,15,22,15,24;0,1,21,28,21,25,20,25,20,26;0,1,20,23,20,24,19,24,19,26;0,-1,14,18,14,19,16,19,16,18;-1,0,17,19,17,20,14,20;1,0,18,20,18,21,19,21;0,-1,19,23,19,22,17,22,17,21;0,1,11,37,12,37,12,39,17,39,17,35,22,35,22,38;0,-1,24,4,21,4,21,0,17,0,17,5,20,5,20,1;-1,0,4,33,4,37,9,37,9,42,5,42,5,40,1,40;0,-1,35,18,35,20,31,20,31,15;0,-1,0,27,3,27,3,31,0,31,0,36,3,36,3,33;0,-1,11,3,15,3,15,6,10,6,10,1;0,-1,30,14,30,12,34,12,34,7,29,7,29,4;0,-1,4,21,1,21,1,26,4,26,4,24;1,0,25,0,23,0,23,1,28,1;0,1,19,38,21,38,21,36,18,36,18,39,22,39,22,41;-1,0,3,25,2,25,2,22,5,22,5,20,1,20;1,0,29,1,30,1,30,5,31,5;-1,0,2,37,2,39,4,39,4,38,8,38,8,39,5,39;0,1,30,17,30,18,28,18,28,20,23,20,23,24;1,0,19,34,19,33,20,33,20,29,24,29,24,33,29,33;0,-1,30,6,34,6,34,4;1,0,35,6,35,2,33,2,33,4,31,4,31,1,32,1;0,1,32,33,35,33,35,28,30,28,30,31;0,1,32,42,32,41,28,41,28,37,23,37,23,40;-1,0,8,18,8,13,10,13,10,12,6,12,6,10,3,10;-1,0,15,0,15,2,11,2,11,0,7,0,7,2,5,2;0,1,10,40,10,42,11,42,11,40,13,40,13,41;-1,0,5,4,2,4,2,0,6,0,6,1,3,1;-1,0,11,8,14,8,14,7,10,7;1,0,34,17,34,19,32,19,32,16,34,16;1,0,26,30,26,32,30,32,30,35,34,35;0,1,24,40,24,42,21,42,21,40,20,40,20,41;-1,0,9,9,11,9,11,11,8,11,8,7,5,7;-1,0,7,18,7,13,6,13,6,14,3,14;0,-1,0,23,0,19,1,19,1,14;1,0,22,28,22,25,25,25,25,27,28,27,28,23,33,23
31,31|0,-1,5,9,5,8;0,-1,6,8,6,7;0,-1,5,11,5,10;0,-1,6,10,6,9;1,0,25,16,26,16;1,0,25,18,26,18;1,0,24,17,25,17;0,-1,6,12,6,11;1,0,24,15,25,15;1,0,23,14,24,14;1,0,23,17,23,16,24,16;0,1,13,23,14,23,14,25;0,-1,12,6,13,6,13,5;0,1,11,21,11,22,12,22,12,23;0,1,15,24,16,24,16,25;-1,0,8,15,8,14,7,14;0,1,18,21,18,24,19,24,19,26;-1,0,8,13,7,13;0,-1,17,7,16,7,16,6;0,-1,13,8,14,8,14,5;-1,0,9,15,9,18,7,18;1,0,22,18,24,18;0,1,24,19,24,22,23,22,23,23;-1,0,17,25,17,23,15,23,15,22,13,22;-1,0,12,16,10,16;1,0,22,21,23,21;-1,0,11,15,10,15,10,14,9,14;0,1,11,20,12,20,12,21;0,-1,19,10,20,10,20,9;0,1,12,19,13,19,13,21;-1,0,8,9,7,9;0,-1,8,7,7,7,7,6;1,0,22,17,22,15,23,15;0,1,16,20,16,22;0,-1,17,10,17,8,15,8,15,7;1,0,23,19,21,19,21,20,23,20;0,-1,16,11,16,9;-1,0,8,12,7,12;1,0,19,22,22,22;-1,0,12,15,12,14,11,14;0,1,8,11,9,11,9,13;0,1,11,12,11,13;0,1,14,19,14,21;1,0,11,7,9,7,9,6,11,6;0,-1,15,9,12,9,12,8;1,0,20,19,20,21,21,21;0,1,21,18,19,18,19,21;0,1,15,21,15,19,17,19,17,22;0,1,9,9,9,10,7,10,7,11;-1,0,11,11,10,11,10,8,7,8;0,1,21,16,21,17,18,17,18,19;0,-1,15,10,15,11,13,11,13,10;0,1,11,10,12,10,12,13;1,0,21,11,22,11,22,10,23,10;0,-1,15,12,15,14,13,14,13,12;0,1,19,16,17,16,17,18;-1,0,14,16,14,18,13,18;0,-1,15,18,15,15;1,0,16,18,16,15,19,15,19,14,20,14;0,-1,22,12,20,12,20,11;-1,0,19,11,17,11;1,0,17,12,19,12;-1,0,16,12,16,13,18,13,18,14,16,14;1,0,27,14,27,16,29,16,29,19,25,19,25,21,26,21;-1,0,13,0,18,0,18,1,14,1;-1,0,13,26,17,26,17,31,12,31,12,29,9,29;1,0,4,0,4,5,9,5,9,1,12,1,12,3,14,3;0,1,0,10,0,14,2,14,2,18,5,18,5,20;1,0,24,23,24,28,21,28,21,27,19,27,19,29,22,29;-1,0,12,28,8,28,8,25,5,25,5,30,2,30;1,0,20,4,20,6,17,6,17,3,21,3,21,8,24,8;0,-1,26,15,26,13,31,13,31,10,30,10,30,5;0,1,27,24,31,24,31,20,29,20,29,23;0,-1,31,1,29,1,29,4,25,4,25,1;0,-1,2,12,5,12,5,17,3,17,3,15;0,1,30,28,29,28,29,31,31,31,31,27,28,27,28,29;0,1,26,20,28,20,28,23,25,23,25,25;-1,0,6,6,3,6,3,4,1,4;1,0,23,31,23,29,25,29,25,26,28,26;-1,0,13,24,13,25,12,25,12,27,10,27,10,24,6,24;0,-1,2,10,2,8,0,8,0,3,3,3,3,2;1,0,31,15,28,15,28,14,29,14;0,1,4,21,1,21,1,18,0,18,0,22,1,22,1,24;0,-1,19,0,19,2,22,2,22,7,24,7,24,4;-1,0,9,21,5,21,5,22,3,22,3,27,1,27;0,1,4,26,4,28,1,28,1,29;-1,0,2,2,1,2,1,0,3,0,3,1,2,1;0,1,28,30,28,31,27,31,27,27,26,27,26,28;0,-1,6,0,6,4,8,4,8,2;1,0,26,24,26,25,30,25;0,1,7,26,6,26,6,29,8,29,8,30;0,-1,23,0,23,3,24,3,24,2;0,-1,26,0,26,3,28,3,28,1
32,35|-1,0,6,18,5,18;-1,0,6,17,5,17;-1,0,8,19,7,19;-1,0,8,20,7,20;0,1,12,29,12,30;-1,0,15,30,14,30;-1,0,8,17,7,17;0,1,13,28,13,29;-1,0,11,29,11,28,10,28,10,29,9,29;0,1,14,28,14,29;-1,0,7,10,7,11,8,11,8,13,7,13;0,1,6,24,7,24,7,27;0,1,7,22,7,23,8,23,8,26;-1,0,14,5,14,8,11,8,11,7,10,7;0,-1,10,13,10,11,9,11,9,9;0,1,12,26,12,28;-1,0,10,23,9,23;0,-1,26,12,26,10,25,10,25,8;-1,0,9,17,9,18,8,18;1,0,26,20,24,20,24,19,25,19;-1,0,13,11,13,10,12,10;-1,0,9,25,11,25,11,27,10,27;1,0,26,18,25,18,25,16,27,16;0,-1,20,8,19,8,19,7;-1,0,10,19,9,19,9,21,7,21;-1,0,12,25,14,25,14,27,13,27;0,-1,8,15,10,15,10,14;1,0,24,18,23,18,23,17,24,17;-1,0,12,14,12,15,11,15;0,-1,17,7,15,7,15,6;-1,0,18,7,18,8,16,8;-1,0,10,17,10,16,7,16;-1,0,9,22,11,22,11,24,9,24;-1,0,12,24,12,21,10,21;0,1,16,26,16,27;0,-1,16,13,16,11;-1,0,11,9,14,9,14,12,13,12;-1,0,14,22,14,21,13,21;0,1,20,26,18,26,18,27;0,-1,12,13,15,13,15,12;0,1,21,21,21,20,23,20,23,22;-1,0,11,20,11,18,10,18;1,0,17,27,17,25,19,25;-1,0,15,14,13,14;-1,0,18,14,16,14;-1,0,15,26,15,24,14,24;0,-1,23,10,21,10,21,9;-1,0,17,15,14,15;1,0,16,25,16,24,18,24;-1,0,17,10,20,10,20,9,17,9;0,1,14,19,14,20;-1,0,22,12,21,12,21,11,19,11;1,0,24,10,24,11,25,11;0,-1,21,16,21,13,23,13,23,11;0,1,15,23,18,23,18,21,19,21,19,23;-1,0,16,22,15,22;0,-1,12,19,12,17,11,17,11,16;1,0,22,15,24,15,24,12,25,12;1,0,22,18,22,16,24,16;-1,0,15,19,15,18,13,18,13,20,12,20;1,0,21,17,21,19,23,19;-1,0,16,18,16,21,15,21;1,0,19,14,19,17,20,17;-1,0,17,19,17,16,15,16;0,-1,6,23,6,19,4,19,4,14,2,14,2,11;-1,0,24,8,21,8,21,6,16,6,16,4,12,4;-1,0,10,34,10,30,6,30,6,25,5,25;1,0,18,28,23,28,23,24,27,24,27,20,29,20;0,-1,11,0,9,0,9,5,4,5,4,8,1,8,1,6;0,1,32,17,30,17,30,19,32,19,32,23,29,23,29,25;0,1,3,19,1,19,1,23,3,23,3,26;0,1,12,35,17,35,17,34,19,34,19,29,22,29,22,34;0,-1,5,9,0,9,0,5,3,5,3,7,2,7,2,6;0,1,5,29,5,26,4,26,4,30,1,30,1,34;0,-1,2,0,2,4,5,4,5,1;1,0,23,7,23,3,21,3,21,0,24,0,24,2,28,2;0,-1,29,17,29,19,28,19,28,16,31,16,31,15;1,0,31,12,27,12,27,7,24,7,24,4,29,4;0,1,24,30,24,25,26,25,26,29,30,29,30,31;0,-1,31,4,31,9,28,9,28,7,30,7,30,5;-1,0,0,15,3,15,3,18,2,18;-1,0,1,18,0,18,0,16,2,16,2,17,1,17;0,-1,0,0,0,4,1,4,1,2;1,0,27,0,27,1,32,1,32,3,29,3,29,2,31,2;0,1,24,33,24,35,27,35,27,32,31,32,31,34;1,0,28,23,28,27,31,27;-1,0,0,32,0,27,2,27,2,25,1,25;0,-1,20,4,22,4,22,5,17,5,17,2;0,-1,20,0,19,0,19,4,18,4,18,3;0,-1,18,1,16,1,16,0,13,0,13,3,16,3,16,2;0,1,7,31,8,31,8,33,4,33,4,31,6,31,6,32;1,0,30,15,28,15,28,14,31,14;0,-1,8,2,8,4,7,4,7,2;0,1,2,33,2,31,3,31,3,33
28,38|-1,0,11,33,10,33;-1,0,10,32,9,32;1,0,21,11,22,11;1,0,22,12,23,12;-1,0,9,28,8,28;0,1,14,30,14,31;0,1,17,31,16,31,16,33;0,1,19,28,18,28,18,31;-1,0,8,31,8,30,7,30;0,1,16,30,15,30,15,33;-1,0,9,31,10,31,10,30,9,30;0,1,21,26,21,27,20,27,20,28;0,-1,8,10,8,7,10,7,10,5;1,0,21,12,21,13,22,13;-1,0,9,27,10,27,10,29,7,29;0,1,11,32,11,30,12,30,12,32;0,1,15,28,15,29,17,29,17,30;-1,0,8,11,6,11,6,12,5,12;0,1,11,27,11,29,13,29,13,32;0,1,18,27,16,27,16,28;-1,0,10,11,10,12,7,12;-1,0,12,8,10,8;0,1,18,26,19,26,19,27;1,0,20,12,20,14,22,14;0,1,15,27,14,27,14,29;1,0,20,16,19,16,19,17,20,17;0,1,22,24,22,25,20,25,20,26;1,0,19,13,19,11,20,11;0,-1,22,10,20,10,20,7;0,-1,18,7,18,8,19,8,19,7;-1,0,13,9,13,7,11,7;1,0,18,14,19,14;1,0,17,15,20,15;-1,0,10,16,9,16;1,0,17,25,19,25,19,24,21,24;-1,0,8,22,8,24,10,24,10,26,9,26;0,-1,14,7,15,7,15,6;1,0,17,14,17,13,18,13;-1,0,13,28,13,26,11,26;0,-1,14,9,14,8,16,8,16,6;1,0,17,7,17,9,19,9;0,-1,14,10,15,10,15,9;0,1,22,22,21,22,21,23;0,-1,14,13,14,12,13,12,13,10;-1,0,9,18,11,18,11,17,9,17;-1,0,12,11,11,11,11,13,8,13;0,-1,9,15,9,14,12,14,12,13;0,-1,21,20,20,20,20,18;-1,0,17,26,14,26,14,25,11,25;0,-1,11,15,13,15,13,14;-1,0,11,21,11,23,10,23;1,0,20,22,18,22,18,23,20,23;-1,0,11,24,14,24,14,23,12,23;-1,0,15,21,15,22,12,22;1,0,19,10,16,10,16,11,18,11;1,0,18,19,18,21,21,21;0,1,17,19,17,20;-1,0,15,11,15,14,14,14;1,0,17,16,18,16;1,0,16,18,18,18;1,0,16,16,16,17,18,17;0,1,16,19,16,21;-1,0,17,12,16,12,16,15,14,15;-1,0,13,16,13,18,12,18,12,16,11,16;1,0,15,18,14,18,14,16,15,16;1,0,15,20,13,20,13,19,15,19;0,-1,28,19,25,19,25,17,28,17,28,13,27,13,27,11;0,-1,5,37,5,32,1,32,1,28,4,28,4,24;0,1,12,33,12,34,15,34,15,35,19,35,19,37;0,-1,6,21,7,21,7,24,5,24,5,20,2,20,2,15;0,-1,21,6,18,6,18,2,13,2,13,4,8,4,8,2;-1,0,2,10,2,13,7,13,7,14,2,14;0,-1,1,16,0,16,0,13,1,13,1,11;1,0,24,19,24,17,22,17,22,21,23,21,23,25,24,25;-1,0,5,4,5,7,7,7,7,10,6,10,6,9,1,9;0,-1,1,10,0,10,0,5,3,5,3,1;1,0,27,16,27,15,26,15,26,11,23,11,23,10,27,10;0,-1,28,12,28,9,26,9,26,5;1,0,18,36,18,38,23,38,23,36,25,36;0,-1,24,0,28,0,28,1,23,1,23,5,19,5,19,3;-1,0,6,35,8,35,8,38,4,38,4,37,3,37;0,1,24,38,25,38,25,37,28,37,28,32,27,32,27,36;-1,0,3,38,2,38,2,36,4,36,4,34,2,34;0,-1,3,0,0,0,0,4,1,4,1,1;1,0,24,24,24,21,25,21,25,25,27,25;0,1,9,38,11,38,11,36,16,36,16,37;0,-1,1,8,1,7,4,7,4,5;0,-1,12,0,12,3,10,3,10,1;0,1,0,30,0,34,1,34,1,37;0,-1,9,6,9,5,7,5,7,1;-1,0,3,24,3,27,0,27,0,23,4,23,4,21,1,21;1,0,16,34,17,34,17,32,21,32,21,28,24,28;0,-1,18,1,18,0,22,0,22,2,19,2,19,1;1,0,26,3,26,2,28,2,28,4,24,4,24,2,25,2;1,0,28,26,28,31,26,31,26,33,25,33,25,30,27,30;0,-1,10,0,6,0,6,3,5,3,5,1
31,38|0,1,5,28,5,29;-1,0,9,9,8,9;0,-1,21,7,21,6;0,1,5,26,5,27;0,-1,20,7,20,6;0,1,9,30,9,31;0,-1,13,6,13,5;1,0,23,11,24,11;0,-1,14,6,14,5;-1,0,9,17,8,17;0,1,11,29,10,29,10,30;0,-1,19,5,19,6,18,6,18,5;0,1,14,29,12,29,12,30;1,0,21,12,23,12,23,14,24,14;-1,0,6,26,6,25,5,25;-1,0,8,30,8,29,6,29;0,-1,15,8,15,6,17,6,17,5;1,0,21,8,21,9,23,9;0,-1,21,10,20,10,20,8;-1,0,6,15,7,15,7,16,6,16;-1,0,8,14,7,14;0,1,12,26,12,28;0,-1,13,7,11,7,11,6;-1,0,13,8,11,8,11,10,9,10;0,1,16,29,16,27,14,27,14,28;1,0,19,11,22,11,22,10,23,10;1,0,19,12,19,13,21,13;0,-1,19,7,19,9,17,9,17,8;0,1,11,28,11,26,10,26,10,28;-1,0,6,21,6,24,5,24;0,-1,13,11,13,9;0,-1,15,9,14,9,14,7;-1,0,7,20,9,20,9,19,7,19;-1,0,10,12,10,11,9,11,9,12,8,12;0,-1,11,14,11,12,12,12,12,11;-1,0,9,29,9,28,6,28;0,-1,14,10,16,10,16,7;1,0,18,11,17,11,17,10,19,10;-1,0,7,25,7,27,6,27;-1,0,11,19,10,19;0,1,10,25,8,25,8,27;-1,0,11,20,10,20;0,-1,13,13,14,13,14,11;0,-1,19,14,18,14,18,12;-1,0,7,22,9,22,9,21,7,21;0,-1,16,13,16,11;-1,0,7,23,8,23,8,24,7,24;1,0,19,17,17,17,17,16,19,16;-1,0,8,15,9,15,9,13,6,13;1,0,17,18,18,18;0,-1,15,12,15,14,17,14,17,12;-1,0,10,16,8,16;-1,0,10,21,10,23,9,23;-1,0,10,13,10,15,11,15,11,17,10,17;-1,0,12,25,11,25,11,24,9,24;0,-1,14,14,14,15,12,15,12,13;1,0,17,15,15,15,15,18,16,18;-1,0,12,23,11,23;1,0,13,27,13,25,16,25;0,-1,14,20,14,18;1,0,12,16,12,17,13,17;-1,0,12,18,11,18;-1,0,12,19,12,21,11,21;-1,0,12,24,13,24,13,22,11,22;1,0,15,20,17,20,17,19,18,19;0,-1,16,23,16,22,15,22,15,21;0,1,13,18,13,21,14,21,14,24;1,0,2,29,2,31,6,31,6,36,9,36,9,34,11,34;-1,0,21,0,21,2,16,2,16,5,15,5,15,4,10,4;0,1,0,22,2,22,2,18,5,18,5,14,1,14,1,19;0,1,29,14,28,14,28,9,29,9,29,5,27,5,27,10;0,1,29,20,27,20,27,15,23,15,23,18;0,-1,1,6,1,11,0,11,0,13,2,13,2,10;0,1,0,25,3,25,3,21,4,21,4,26,1,26,1,31;1,0,10,35,14,35,14,30,16,30,16,33,21,33;0,1,24,22,24,25,28,25,28,30,23,30,23,33;0,-1,2,4,5,4,5,0,7,0,7,3,12,3,12,1;1,0,19,35,24,35,24,31,25,31,25,35,28,35;1,0,21,3,17,3,17,4,21,4;0,-1,26,2,24,2,24,0,29,0,29,4,27,4,27,1;-1,0,12,6,12,5,8,5;0,1,5,35,0,35,0,32,3,32,3,34;1,0,28,33,28,31,26,31,26,33,27,33;0,-1,26,10,24,10,24,9,26,9,26,7,22,7,22,2;0,-1,15,3,13,3,13,0,8,0,8,2,9,2,9,1;-1,0,0,24,0,23,2,23,2,24,1,24;0,-1,0,6,0,3,2,3,2,2;0,-1,0,0,3,0,3,3,4,3,4,2;1,0,23,19,23,20,18,20,18,21,23,21;0,-1,26,3,26,6,23,6,23,3;1,0,24,17,24,19,25,19,25,24,26,24;1,0,29,28,29,24,28,24,28,23,26,23,26,22,28,22;0,-1,14,0,14,2,15,2,15,1;0,1,20,34,17,34,17,35;1,0,26,19,26,21,28,21;0,1,15,31,15,34,16,34,16,35;0,1,31,18,31,20,30,20,30,23
35,40|-1,0,6,27,5,27;-1,0,6,28,5,28;-1,0,7,29,6,29;-1,0,8,30,7,30;-1,0,9,31,8,31;-1,0,8,17,7,17;-1,0,8,15,7,15;-1,0,9,17,9,16,8,16;1,0,28,15,30,15;1,0,27,16,29,16;0,-1,26,8,25,8,25,5;1,0,26,34,26,33,27,33,27,32,28,32;-1,0,11,31,10,31,10,32,8,32;0,-1,29,9,27,9,27,7;0,-1,7,11,8,11,8,7;-1,0,10,10,10,9,9,9;1,0,25,16,25,14,26,14;1,0,24,9,26,9;1,0,27,12,30,12;1,0,27,11,30,11;-1,0,14,35,11,35,11,33,9,33;0,-1,25,10,23,10,23,9;1,0,27,10,26,10,26,13,27,13;1,0,23,13,25,13;0,1,6,23,6,26,7,26,7,28;1,0,24,34,21,34,21,33,22,33;1,0,26,18,27,18,27,17,29,17;-1,0,10,15,9,15;0,-1,29,22,27,22,27,21;0,-1,9,7,10,7,10,6;0,-1,20,12,18,12,18,10;0,1,29,23,29,26,28,26,28,28;-1,0,14,34,12,34,12,32,11,32;0,1,17,35,15,35,15,32,13,32,13,33;0,1,12,28,9,28,9,30;1,0,15,7,13,7,13,9,15,9;1,0,26,31,26,30,27,30;1,0,26,32,25,32,25,28,27,28;1,0,12,6,11,6,11,7,12,7;1,0,24,15,24,17,26,17;0,-1,9,8,12,8,12,12,16,12,16,10;1,0,24,27,27,27;0,1,12,26,9,26,9,27,8,27,8,29;1,0,25,11,25,12,22,12,22,14,24,14;-1,0,17,31,17,34,16,34,16,31,15,31;1,0,20,32,21,32;1,0,18,35,21,35;1,0,21,13,21,15,23,15;0,-1,20,15,20,13;0,1,10,25,8,25,8,26;-1,0,11,9,11,11,9,11;-1,0,20,34,18,34,18,30,17,30;0,-1,19,13,19,14,17,14,17,13;-1,0,13,27,16,27,16,28,13,28;-1,0,11,25,11,24,7,24;-1,0,11,12,10,12,10,13,8,13;-1,0,14,13,11,13,11,14,7,14;0,-1,25,18,23,18,23,16;0,1,24,30,24,28,22,28,22,29;0,1,10,23,12,23,12,25;1,0,26,25,26,24,28,24;0,-1,17,16,17,15,16,15,16,14;1,0,25,24,25,23,28,23;0,1,15,26,17,26,17,27;0,-1,7,18,10,18,10,17;0,1,20,27,20,31,19,31,19,33;0,1,19,25,19,26;-1,0,13,17,13,15,11,15;0,1,23,27,21,27,21,31;1,0,23,25,23,24,24,24;0,-1,15,14,15,17,16,17,16,16;0,1,7,19,8,19,8,21,9,21,9,23;1,0,23,20,23,19,24,19;0,-1,9,20,12,20,12,18;0,-1,17,21,15,21,15,20,17,20,17,19;1,0,22,24,20,24,20,26,23,26;0,-1,12,21,13,21,13,18,14,18,14,14;0,1,10,22,14,22,14,25;0,-1,23,21,23,23,24,23,24,21;0,1,15,25,18,25,18,26;-1,0,16,23,18,23,18,24,15,24;1,0,22,22,22,19,21,19,21,18,22,18;0,1,21,23,19,23,19,24;0,-1,19,22,21,22,21,21,18,21,18,19;-1,0,2,32,2,29,4,29,4,25,1,25;0,-1,32,19,35,19,35,15,34,15,34,10;-1,0,5,14,4,14,4,17,6,17,6,13,4,13;-1,0,21,5,16,5,16,0,11,0,11,5,8,5;0,-1,20,0,24,0,24,2,26,2,26,6,27,6,27,5;1,0,35,31,31,31,31,33,28,33,28,35,30,35;-1,0,32,32,32,33,35,33,35,37,33,37;1,0,8,33,8,34,4,34,4,39,6,39;0,-1,1,7,4,7,4,12,0,12,0,15,1,15,1,13;0,-1,3,11,3,9,0,9,0,4,1,4,1,1;1,0,18,40,15,40,15,36,18,36,18,39,20,39;1,0,33,40,33,38,31,38,31,37,28,37,28,39,32,39;0,-1,32,6,35,6,35,4,31,4,31,9,34,9,34,7;0,-1,30,9,30,6,29,6,29,4,27,4,27,3;0,1,0,32,0,30,1,30,1,35;0,-1,0,0,5,0,5,4,10,4,10,3;0,-1,33,3,33,0,30,0,30,2,27,2,27,1;1,0,33,28,33,30,29,30,29,27,30,27;0,1,0,33,0,37,1,37,1,39;0,-1,19,0,17,0,17,4,18,4,18,1;1,0,32,28,32,26,30,26,30,24,34,24;0,1,11,40,7,40,7,37,11,37,11,39;-1,0,3,15,2,15,2,18,5,18,5,21,1,21;0,1,9,34,9,36,13,36,13,37;0,1,4,32,3,32,3,30,5,30,5,33,2,33,2,35;1,0,34,18,34,16,31,16,31,21,28,21,28,20,30,20;0,1,29,36,24,36,24,38;0,-1,10,0,10,1,9,1,9,3,8,3,8,1;0,1,19,36,20,36,20,37,22,37,22,35,23,35,23,37;-1,0,0,26,3,26,3,28,1,28;-1,0,5,26,5,23,4,23;0,1,6,40,3,40,3,37,2,37,2,39;1,0,33,23,31,23,31,22,34,22
33,37|0,-1,21,6,21,5;0,1,6,26,6,27;-1,0,6,24,5,24;-1,0,7,25,6,25;0,-1,20,7,20,6;-1,0,7,23,6,23;-1,0,12,32,11,32;-1,0,9,29,8,29;-1,0,8,22,7,22;-1,0,10,30,9,30;1,0,26,12,27,12;0,-1,23,7,23,6;1,0,26,11,27,11;0,-1,22,8,22,7;-1,0,10,22,9,22;-1,0,8,23,8,24,7,24;-1,0,13,30,11,30,11,31,9,31;-1,0,11,23,9,23;0,1,11,28,10,28,10,29;-1,0,15,31,12,31;-1,0,11,21,11,20,10,20;-1,0,9,24,9,25,8,25;0,1,15,30,16,30,16,31;0,-1,24,7,24,8,25,8,25,6;0,-1,15,11,15,10,14,10,14,9;0,-1,16,7,18,7,18,6;0,-1,18,9,18,8,19,8,19,7;0,-1,21,9,21,7;-1,0,10,18,10,17,9,17;0,1,8,28,7,28,7,26,8,26,8,27;0,-1,28,10,28,9,27,9,27,8;0,-1,16,11,17,11,17,8;0,1,10,27,9,27,9,28;-1,0,11,27,11,26,9,26;0,-1,16,12,14,12,14,11;0,-1,20,8,20,10,22,10,22,9;-1,0,12,22,11,22;-1,0,12,20,12,19,10,19;0,-1,12,16,11,16,11,13;-1,0,13,23,12,23,12,25,10,25;0,-1,23,8,23,9,26,9,26,6;0,-1,18,11,18,13,17,13,17,12;0,-1,15,15,15,13;-1,0,12,17,11,17;-1,0,14,30,14,29,12,29;0,1,16,29,16,26,17,26,17,27;0,-1,19,12,19,10;-1,0,13,19,13,18,11,18;0,-1,19,14,20,14,20,11;0,-1,19,15,16,15,16,13;0,-1,14,15,14,16,13,16,13,14;1,0,15,24,15,25,17,25;0,-1,20,16,20,15;1,0,13,27,13,28,15,28;1,0,27,10,25,10,25,13,27,13;-1,0,14,19,14,17,13,17;0,1,16,20,16,22;0,1,13,24,13,26,12,26,12,28;0,-1,16,18,16,17,15,17,15,16;-1,0,14,22,13,22,13,21,12,21;0,1,14,21,15,21,15,23,14,23,14,26;0,-1,24,12,24,10;0,-1,24,14,24,13,23,13,23,11;0,1,21,19,21,20;1,0,21,11,22,11,22,14,23,14;0,-1,23,15,21,15,21,17,19,17,19,16;-1,0,15,20,13,20;0,-1,15,19,17,19,17,17;-1,0,18,16,18,19,19,19,19,20,18,20;1,0,22,0,22,3,24,3,24,0,27,0,27,1,30,1;0,-1,10,32,7,32,7,29,5,29,5,26,4,26,4,24;-1,0,14,8,14,4,16,4,16,0,21,0,21,4,19,4;0,-1,0,24,1,24,1,22,5,22,5,19;-1,0,13,2,10,2,10,0,7,0,7,1,3,1;1,0,15,34,17,34,17,29,19,29,19,24,22,24;-1,0,6,22,6,17,4,17;1,0,28,11,28,12,30,12,30,14,27,14,27,17,30,17;0,-1,7,2,5,2,5,6,0,6,0,11,1,11,1,9;0,1,28,30,31,30,31,27,26,27,26,24,31,24,31,26;-1,0,4,3,4,5,2,5,2,1,1,1;1,0,23,5,25,5,25,3,29,3;0,1,31,12,33,12,33,14,31,14,31,17,32,17,32,20;0,-1,28,8,28,6,31,6,31,2;0,1,32,23,28,23,28,22,25,22,25,25,22,25,22,26;1,0,26,28,26,30,24,30,24,28,20,28,20,31,24,31;-1,0,3,23,3,25,0,25,0,27,4,27,4,28,3,28;1,0,33,30,33,35,31,35,31,37,26,37,26,36,30,36;-1,0,17,36,12,36,12,33,7,33;-1,0,0,13,0,17,1,17,1,21,4,21,4,20,2,20;-1,0,6,35,6,37,9,37,9,34,11,34,11,35,10,35;-1,0,4,34,0,34,0,31,5,31,5,35,3,35;0,-1,33,9,33,11,32,11,32,6;0,1,20,35,20,32,18,32,18,35;0,1,17,37,21,37,21,32,22,32,22,35;-1,0,6,33,6,30,5,30;-1,0,5,37,2,37,2,35,1,35;0,-1,9,1,8,1,8,5,12,5,12,3,14,3,14,1;-1,0,13,9,9,9,9,12,5,12;0,-1,33,0,33,5,32,5,32,3
31,34|-1,0,6,12,5,12;1,0,25,21,26,21;1,0,25,22,26,22;-1,0,7,11,6,11;-1,0,9,11,8,11;1,0,25,23,26,23;1,0,25,24,26,24;-1,0,8,12,7,12;1,0,24,26,25,26;1,0,24,19,25,19;-1,0,8,13,7,13;-1,0,9,10,7,10,7,8,6,8;-1,0,9,12,9,14,6,14;-1,0,7,17,6,17,6,15,5,15;-1,0,8,18,8,19,7,19;-1,0,8,8,8,7,6,7;-1,0,9,19,9,20,7,20;-1,0,9,7,9,9,8,9;1,0,23,20,25,20;0,1,20,25,19,25,19,27;-1,0,10,13,11,13,11,11,10,11;-1,0,9,18,9,17,8,17;-1,0,13,12,12,12,12,10,11,10;-1,0,10,19,10,21,7,21;0,-1,21,10,20,10,20,8;0,1,22,24,22,25,23,25,23,26;0,1,10,25,10,23,11,23,11,25;0,1,10,22,8,22,8,24;0,1,26,25,24,25,24,22,23,22,23,24;-1,0,11,21,13,21,13,22,11,22;0,1,17,26,17,29;-1,0,10,17,10,16,7,16;-1,0,8,15,11,15,11,18,10,18;1,0,17,5,17,7,19,7;1,0,22,18,24,18;-1,0,13,24,12,24;-1,0,15,15,14,15;-1,0,13,17,12,17;-1,0,12,28,12,27,13,27,13,25,12,25;0,-1,19,8,16,8,16,7;-1,0,14,13,14,14,11,14;-1,0,12,18,14,18,14,16,12,16;1,0,23,19,22,19,22,21,24,21;-1,0,14,25,14,23,13,23;0,1,22,22,22,23,20,23,20,24;-1,0,14,10,14,11,13,11;0,-1,21,15,21,13;1,0,17,14,18,14;0,1,21,22,20,22,20,19,21,19,21,21;0,1,15,25,15,26,14,26,14,29;-1,0,14,21,14,20,12,20;0,1,17,25,18,25,18,26;-1,0,15,14,15,12,14,12;0,-1,22,15,22,17,25,17,25,16;-1,0,16,27,16,24,15,24,15,22,14,22;1,0,20,15,19,15,19,16,21,16;1,0,20,17,21,17;1,0,17,15,17,17,19,17;-1,0,15,18,15,19,14,19;1,0,16,12,16,13,18,13;1,0,16,9,16,10,19,10;0,-1,15,6,15,7,14,7,14,6;-1,0,14,9,12,9,12,7,11,7;1,0,19,20,19,18,21,18;-1,0,17,11,15,11,15,8,13,8;-1,0,19,24,17,24;1,0,16,23,19,23;0,-1,15,16,16,16,16,14;0,1,17,22,16,22,16,21,18,21,18,22;1,0,15,20,18,20;1,0,15,17,16,17,16,19,18,19;0,1,31,16,26,16,26,20,30,20,30,25;0,-1,4,17,4,12,3,12,3,7;-1,0,25,29,25,34,21,34,21,32,17,32;-1,0,5,17,5,22,7,22,7,24,6,24;-1,0,17,33,20,33,20,34,16,34,16,30,13,30;-1,0,21,0,21,3,23,3,23,6,18,6,18,4,14,4;-1,0,12,29,12,30,10,30,10,32,7,32;0,1,4,32,0,32,0,27,2,27,2,23,5,23,5,24;0,-1,22,10,22,14,24,14,24,10,29,10,29,5;0,-1,5,0,0,0,0,1,2,1,2,5,6,5,6,3;1,0,26,32,26,34,29,34,29,30,26,30,26,26,27,26;0,1,31,29,28,29,28,26,30,26,30,28;0,-1,29,2,29,4,26,4,26,9,28,9,28,8;0,-1,31,2,31,0,28,0,28,3,27,3,27,1;-1,0,3,29,1,29,1,31,6,31,6,33,3,33;-1,0,0,23,0,21,2,21,2,18,4,18,4,20,3,20;0,-1,10,9,11,9,11,8,10,8,10,6,13,6,13,1;-1,0,0,15,0,11,1,11,1,13,3,13,3,16,1,16;1,0,31,22,31,17,27,17,27,19,29,19;0,-1,21,8,24,8,24,6,25,6,25,2;0,-1,6,2,6,1,9,1,9,6,7,6,7,5;0,-1,22,4,21,4,21,5,19,5,19,4;0,-1,17,0,14,0,14,3,15,3,15,1;1,0,29,11,29,15,25,15,25,11,27,11;0,1,15,33,14,33,14,34,11,34,11,31,14,31,14,32;0,1,31,33,31,30,30,30,30,33;0,-1,20,4,20,3,18,3,18,2;0,-1,13,0,12,0,12,3,10,3,10,5,12,5,12,4;-1,0,2,12,2,8,1,8;0,-1,24,5,24,2,23,2,23,1
32,34|0,1,5,21,5,22;0,1,5,19,5,20;-1,0,7,22,6,22;-1,0,7,23,6,23;-1,0,7,21,6,21;-1,0,7,20,6,20;-1,0,6,15,5,15;-1,0,7,19,6,19;0,-1,5,18,5,17;-1,0,7,18,6,18;-1,0,7,17,6,17;-1,0,9,20,8,20;1,0,24,13,24,12,25,12,25,14,26,14;-1,0,8,25,8,27,7,27;0,1,7,24,9,24,9,27;1,0,24,7,24,9,26,9;1,0,23,10,24,10,24,11,25,11;0,1,15,27,15,28;0,-1,23,9,23,8,22,8,22,7;0,1,13,27,12,27,12,29;0,1,12,26,14,26,14,29;1,0,25,22,25,21,26,21;1,0,22,10,21,10,21,9,22,9;1,0,22,13,22,11,23,11;-1,0,9,22,8,22;0,1,11,25,11,27,10,27,10,29;-1,0,8,23,10,23,10,21,8,21;0,1,6,16,8,16,8,19;-1,0,12,6,14,6,14,8,13,8;0,-1,25,15,24,15,24,14;1,0,19,13,20,13;0,1,18,26,18,28,17,28,17,29;1,0,21,11,20,11,20,8,21,8;1,0,18,8,19,8;-1,0,9,10,9,11,7,11;0,1,23,23,23,21,24,21,24,22;1,0,23,16,26,16;0,-1,7,15,7,14,8,14,8,12;0,1,17,24,18,24,18,25,17,25,17,26;0,-1,13,12,13,11,10,11,10,9;1,0,19,28,19,26,21,26;1,0,23,17,26,17,26,20,27,20;1,0,20,24,20,25,21,25,21,23,22,23;0,1,13,25,12,25,12,24,10,24,10,25;1,0,17,8,17,9,18,9;0,1,18,23,19,23,19,25;0,-1,17,10,15,10,15,7,18,7,18,5;-1,0,12,23,11,23;1,0,14,25,15,25,15,26,16,26;-1,0,11,12,9,12,9,15,8,15;1,0,13,24,16,24;-1,0,15,23,13,23,13,22,11,22;0,-1,9,16,10,16,10,14;0,-1,23,19,25,19,25,18;1,0,22,19,22,20,24,20;0,-1,22,21,21,21,21,19;-1,0,13,21,11,21;0,1,20,23,20,21,19,21,19,22;0,1,18,21,17,21,17,23;0,1,15,20,15,21,16,21,16,23;0,1,13,20,14,20,14,22;1,0,16,20,16,19,18,19;1,0,18,10,18,11,19,11;-1,0,14,19,11,19,11,20,10,20;1,0,19,15,19,14,20,14;-1,0,12,16,11,16;1,0,15,19,15,18,17,18;-1,0,17,11,17,12,14,12,14,13,13,13;-1,0,9,17,12,17,12,18,9,18;1,0,16,13,18,13,18,12,20,12;0,-1,13,18,13,16,15,16,15,15;0,1,15,17,16,17,16,14,18,14,18,15;0,-1,32,19,27,19,27,14,30,14,30,9;1,0,2,29,7,29,7,31,12,31;-1,0,22,34,18,34,18,32,14,32;1,0,24,33,24,29,27,29,27,24,29,24;1,0,30,21,30,25,28,25,28,27,29,27;0,-1,8,7,8,6,10,6,10,8,5,8,5,5;-1,0,2,6,2,10,4,10,4,15,1,15;-1,0,4,18,4,23,2,23,2,28,5,28,5,24,3,24;-1,0,14,33,14,34,12,34,12,32,10,32;-1,0,26,4,26,0,23,0,23,3,21,3,21,1,16,1;-1,0,5,4,5,2,10,2,10,5,14,5,14,1,10,1;0,-1,31,11,32,11,32,7,29,7,29,2;0,1,8,34,3,34,3,32,8,32,8,33;0,1,0,25,0,22,1,22,1,24;-1,0,2,5,0,5,0,0,5,0,5,1,1,1;1,0,28,17,28,18,32,18,32,15,28,15,28,16,30,16;0,-1,29,12,27,12,27,9,28,9,28,4,27,4,27,2;1,0,22,28,22,25,25,25,25,23,28,23,28,20,29,20;1,0,29,34,25,34,25,32,27,32;0,1,32,22,32,27,31,27,31,31;0,1,28,28,28,29,30,29,30,33;-1,0,0,16,4,16,4,17,3,17,3,19,2,19;0,1,26,24,26,26,23,26,23,29;0,1,6,30,2,30,2,32,0,32,0,27,1,27,1,30;0,-1,29,0,29,1,32,1,32,6,30,6,30,2;-1,0,0,7,0,11,3,11,3,14,1,14;0,1,21,29,18,29,18,30,23,30,23,33;-1,0,0,21,2,21,2,22,3,22,3,20,2,20;0,-1,17,2,17,5,15,5,15,1;0,1,32,30,32,32,31,32,31,33
32,39|-1,0,6,29,5,29;-1,0,6,28,5,28;-1,0,7,30,6,30;-1,0,8,31,7,31;0,1,6,26,6,27;-1,0,8,29,7,29;-1,0,8,28,7,28;-1,0,8,15,7,15;0,1,19,30,19,32;1,0,24,13,26,13,26,12,27,12;-1,0,10,11,8,11;1,0,23,11,24,11;0,1,9,33,9,34;-1,0,7,26,8,26,8,27,7,27;-1,0,10,34,10,32,8,32;1,0,21,28,22,28,22,27,23,27;0,1,22,30,20,30,20,31;1,0,20,27,20,29,22,29;-1,0,10,9,9,9,9,10,8,10;1,0,22,13,23,13,23,12,25,12;-1,0,11,31,9,31,9,30,8,30;-1,0,13,31,13,32,11,32;1,0,23,14,25,14;0,-1,16,5,16,7,15,7,15,6;-1,0,11,7,11,9,13,9,13,10,10,10;0,-1,16,8,13,8,13,7;1,0,18,31,18,29,19,29;0,1,9,27,9,29,10,29,10,30;1,0,21,13,21,12,22,12;0,-1,8,12,8,14,11,14,11,13;0,1,10,25,10,28;0,-1,23,9,21,9,21,8;1,0,15,31,14,31,14,30,17,30;0,-1,25,15,25,16,26,16,26,15;0,-1,17,6,17,8,18,8,18,6;1,0,18,28,18,27,19,27;0,-1,17,10,17,9;0,1,16,29,17,29,17,27,15,27,15,28;0,-1,13,12,13,11,16,11,16,9;-1,0,12,12,12,15,9,15;1,0,20,8,20,10,23,10;0,-1,14,12,17,12,17,11;0,1,21,26,21,25,23,25,23,26;0,1,16,25,16,26;0,1,18,26,18,24,17,24,17,25;0,-1,24,17,24,16,23,16,23,15;0,-1,18,12,18,9,19,9,19,7;1,0,21,14,21,15,22,15;0,1,14,26,14,29,13,29,13,30;0,1,14,25,15,25,15,26;1,0,20,14,20,12,19,12,19,11,21,11;-1,0,15,14,13,14;-1,0,12,22,13,22,13,21,11,21;0,-1,11,18,11,16;0,-1,9,19,12,19,12,17;0,-1,20,15,20,17,22,17,22,16;-1,0,14,18,13,18;-1,0,14,15,16,15,16,13,15,13;0,-1,24,18,25,18,25,17;1,0,18,16,18,15,19,15;1,0,19,14,17,14,17,17,18,17;0,1,15,23,15,24,13,24,13,26;0,1,21,24,21,22,22,22,22,23;0,-1,18,18,16,18,16,16;-1,0,15,18,15,19,13,19,13,20,11,20;0,-1,14,20,14,22,15,22,15,20;0,1,20,20,20,22;0,1,16,21,16,24;1,0,23,18,22,18,22,20,23,20;1,0,19,18,21,18;-1,0,18,19,18,20,16,20;0,1,21,19,19,19,19,22,17,22,17,23;0,-1,3,26,3,30,5,30,5,33,2,33,2,29;0,-1,29,12,29,10,24,10,24,9,26,9,26,4;0,1,17,33,21,33,21,31,24,31,24,26,26,26,26,30;0,1,0,9,3,9,3,12,0,12,0,16,1,16,1,19;1,0,13,0,18,0,18,1,23,1;0,1,23,7,23,3,27,3,27,0,30,0,30,3;0,1,0,22,0,20,1,20,1,22;1,0,21,20,21,21,26,21,26,17,27,17,27,19,31,19;-1,0,9,35,9,39,14,39,14,35,12,35;-1,0,6,31,6,33,8,33,8,35,5,35;1,0,15,36,18,36,18,39,22,39,22,35,27,35;0,-1,0,23,0,28,2,28,2,25,5,25,5,21;0,-1,1,13,2,13,2,14,4,14,4,10,7,10,7,8;-1,0,12,8,12,4,8,4,8,2,5,2;0,-1,32,18,32,13,31,13,31,10;-1,0,7,0,7,1,4,1,4,5,6,5,6,8,3,8;0,1,32,19,32,23,29,23,29,25;1,0,32,28,32,33,28,33,28,32,23,32,23,34,28,34;1,0,32,36,29,36,29,34,30,34;0,1,1,31,0,31,0,29,1,29,1,30;0,1,0,32,0,34,3,34,3,36;1,0,28,35,28,39,23,39,23,38,27,38;-1,0,1,8,1,6,5,6,5,7,4,7;1,0,31,3,31,2,32,2,32,4,27,4,27,5,30,5;0,-1,3,3,3,5,1,5,1,4;1,0,32,5,32,7,31,7,31,9,27,9,27,6,28,6;1,0,32,37,32,39,29,39,29,37,31,37;-1,0,0,39,0,37,3,37,3,39,7,39,7,37,4,37;0,-1,5,0,2,0,2,3,1,3,1,1;0,-1,9,1,14,1,14,3,9,3,9,2
34,43|0,-1,23,6,23,5;-1,0,6,27,5,27;0,1,13,37,13,38;0,1,12,37,12,38;-1,0,7,15,6,15;1,0,28,14,29,14;0,-1,25,6,25,5;1,0,27,8,28,8;0,-1,25,9,25,8;0,-1,13,6,13,5;0,-1,23,11,23,7;-1,0,8,16,6,16;0,1,8,38,11,38,11,35,10,35,10,36;0,-1,14,8,14,6;0,-1,11,7,12,7,12,5;1,0,27,17,27,15,28,15;0,-1,24,7,24,6;1,0,25,16,25,15,26,15;1,0,23,16,23,17,25,17;1,0,29,11,28,11,28,13,29,13;0,-1,14,9,13,9,13,7;0,1,11,32,11,33,12,33,12,36;1,0,29,9,26,9,26,6,27,6;-1,0,9,22,8,22;1,0,25,14,27,14;1,0,27,12,27,10,29,10;-1,0,6,35,5,35;0,-1,26,10,24,10,24,9;1,0,21,6,22,6;-1,0,9,27,7,27;1,0,25,20,25,19,22,19,22,18,24,18;1,0,24,11,25,11,25,12,26,12;1,0,23,14,24,14,24,13,27,13;-1,0,6,29,7,29,7,28,6,28;1,0,21,13,22,13,22,15,24,15;-1,0,6,24,8,24,8,23,6,23;-1,0,9,24,9,25,7,25;0,1,14,36,14,35,15,35,15,36;0,1,10,33,10,34,8,34,8,37;-1,0,6,21,7,21,7,19,6,19;1,0,20,18,20,17,22,17;-1,0,8,17,6,17;1,0,19,21,19,22,20,22;0,1,5,32,5,34,7,34,7,35;0,1,17,34,17,35,16,35,16,37;-1,0,8,21,8,18,6,18;1,0,19,32,19,34,20,34;-1,0,9,17,9,19,12,19,12,20,11,20;1,0,19,17,19,16,22,16;1,0,19,15,19,14,21,14;1,0,20,6,20,8,21,8;0,1,7,31,8,31,8,33;0,1,11,31,9,31,9,33;0,1,16,33,18,33,18,36;1,0,20,11,20,9,21,9;1,0,15,33,15,32,17,32;-1,0,12,25,10,25,10,23,9,23;0,1,21,26,20,26,20,27,21,27,21,28;1,0,13,35,13,34,15,34;-1,0,6,33,6,30,9,30,9,28,8,28;-1,0,10,29,10,26,7,26;1,0,14,33,13,33,13,31,16,31;1,0,13,30,15,30;0,1,15,29,13,29,13,28,12,28,12,31;0,-1,15,6,19,6,19,8,17,8,17,7;0,1,14,27,11,27,11,30;-1,0,9,11,10,11,10,12,8,12;0,1,18,24,18,26;-1,0,14,21,12,21;-1,0,13,16,10,16,10,15,8,15;1,0,16,9,19,9,19,12,21,12;1,0,17,19,17,18,18,18;-1,0,11,23,13,23,13,26,11,26;1,0,16,16,18,16,18,13,20,13;1,0,18,12,16,12,16,15,17,15;1,0,14,10,15,10,15,11,16,11;1,0,15,13,15,17,18,17;-1,0,14,11,11,11,11,9,9,9;-1,0,15,12,12,12,12,13,9,13;-1,0,12,17,14,17,14,14,10,14;1,0,21,23,20,23,20,25,24,25;1,0,17,20,18,20;0,1,16,22,17,22,17,23,19,23,19,24;-1,0,11,22,15,22,15,20,13,20;1,0,12,18,16,18,16,21,18,21;0,-1,4,29,4,26,0,26,0,24,2,24,2,20;0,-1,0,14,0,16,1,16,1,14,5,14,5,12;1,0,34,13,34,18,31,18,31,23,28,23,28,28,31,28;0,-1,34,7,34,11,33,11,33,6;1,0,16,38,16,39,21,39,21,34,24,34,24,32,29,32;0,1,10,41,14,41,14,37,15,37,15,42;0,-1,15,1,19,1,19,5,22,5,22,3,26,3,26,1;1,0,33,35,33,31,28,31,28,30,33,30;-1,0,11,3,14,3,14,5,18,5,18,3,17,3;-1,0,2,13,2,12,4,12,4,8,7,8,7,11,5,11;-1,0,13,2,13,0,8,0,8,2,5,2,5,5,2,5;0,-1,0,11,3,11,3,10,1,10,1,7;0,1,14,42,11,42,11,43,16,43,16,40,17,40,17,41;-1,0,7,36,6,36,6,37,2,37;0,1,4,36,4,34,0,34,0,36,1,36,1,40;1,0,17,42,18,42,18,40,21,40;0,-1,1,5,0,5,0,0,4,0,4,4,2,4,2,2;0,1,34,34,34,36,33,36,33,41;-1,0,3,23,5,23,5,18,2,18;0,-1,34,12,32,12,32,9,31,9,31,7,28,7,28,6;0,1,0,37,0,42,2,42,2,38,5,38,5,40;-1,0,0,17,2,17,2,15,5,15,5,17,3,17;1,0,27,1,28,1,28,4,26,4,26,5,27,5;0,1,28,37,32,37,32,34,30,34,30,32,32,32,32,33;0,-1,34,1,34,5,33,5,33,2;1,0,18,32,18,29,20,29;-1,0,0,27,0,30,3,30,3,28,2,28;0,1,27,43,32,43,32,41,28,41,28,38,30,38,30,40;0,-1,32,4,32,6,31,6,31,3;1,0,32,29,32,24,29,24,29,26,30,26;0,-1,33,1,30,1,30,6,29,6,29,5;0,-1,25,2,25,0,22,0,22,2,24,2,24,1;0,1,4,39,3,39,3,42,6,42,6,38,7,38,7,41;0,-1,20,2,20,1,21,1,21,4,20,4,20,3;0,1,9,43,9,40,12,40,12,39,8,39,8,40;-1,0,3,22,4,22,4,19,3,19
31,35|-1,0,6,10,5,10;-1,0,7,9,6,9;-1,0,8,8,7,8;-1,0,6,21,5,21;0,1,9,28,9,29;-1,0,10,8,9,8;-1,0,6,26,5,26;-1,0,7,20,6,20;-1,0,7,22,6,22;0,1,16,29,16,30;-1,0,6,6,8,6,8,7,7,7;0,1,5,24,6,24,6,25;0,1,22,26,20,26,20,28;-1,0,12,8,11,8;-1,0,12,5,12,7,10,7;0,1,12,29,12,28,11,28,11,29;-1,0,9,27,9,26,7,26;0,1,11,26,11,27,10,27,10,29;0,-1,10,9,10,10,8,10,8,9;0,1,17,28,17,29;-1,0,7,25,9,25,9,24,7,24;-1,0,14,28,14,29,13,29;-1,0,7,21,8,21,8,23,6,23;0,-1,11,9,11,10,12,10,12,9;-1,0,10,22,9,22;0,1,12,25,12,27;-1,0,6,17,8,17,8,16,7,16;0,-1,5,14,5,11,7,11,7,10;0,1,11,23,11,25,10,25,10,26;0,-1,26,7,23,7,23,9,22,9,22,8;-1,0,10,17,9,17,9,15,7,15;0,1,16,27,16,28,15,28,15,30;1,0,19,6,19,7,21,7;0,1,18,29,18,26,19,26,19,28;0,1,18,24,18,25;0,-1,22,10,21,10,21,8;0,1,8,20,8,18,6,18,6,19;-1,0,10,18,9,18;-1,0,10,12,7,12,7,13,6,13;1,0,20,21,20,23,23,23,23,22,26,22;-1,0,9,13,11,13,11,11,10,11;-1,0,11,17,11,19,9,19;0,-1,24,11,23,11,23,10;0,-1,13,6,13,7,15,7,15,6;-1,0,17,26,15,26,15,27,13,27;0,-1,23,12,22,12,22,11;0,-1,10,16,10,14,12,14,12,11;-1,0,12,18,12,20,10,20;0,1,12,23,12,24;0,-1,15,8,13,8,13,10,14,10,14,9;-1,0,13,25,13,22,11,22,11,21,9,21;0,1,21,14,23,14,23,16;0,-1,18,10,20,10,20,8;1,0,19,19,19,17,20,17;1,0,20,12,21,12,21,13,23,13;0,-1,13,15,13,14;-1,0,15,25,16,25,16,24,14,24;1,0,18,19,18,20,20,20;0,-1,15,10,15,9;0,-1,20,16,20,13;-1,0,16,23,14,23;1,0,17,10,17,11,19,11;1,0,18,13,18,14,19,14;-1,0,16,9,16,11,15,11,15,13,14,13;0,1,18,23,18,22,19,22,19,24;-1,0,17,24,17,22,15,22,15,21,14,21;1,0,17,14,17,12,19,12;0,1,13,19,13,20,16,20,16,21;1,0,16,19,17,19,17,21,18,21;0,1,13,18,15,18,15,19;0,-1,12,15,12,16,14,16,14,14;1,0,17,16,17,15,19,15;1,0,14,17,16,17,16,18,18,18;0,1,9,5,5,5,5,8,1,8,1,11;-1,0,0,19,0,23,5,23,5,22,4,22;-1,0,7,29,7,32,12,32,12,31,15,31,15,33,10,33;0,1,26,28,21,28,21,30,18,30,18,31;-1,0,22,33,17,33,17,31,16,31,16,34,13,34;0,1,0,24,0,26,4,26,4,29,6,29,6,34;0,1,26,12,26,14,31,14,31,16,30,16,30,21;0,1,31,21,31,25,28,25,28,27;1,0,18,5,22,5,22,1,25,1;-1,0,19,3,16,3,16,5,13,5,13,4,8,4;-1,0,1,16,1,20,5,20,5,18,3,18;0,1,29,27,29,26,31,26,31,28,28,28,28,29;0,-1,7,2,7,4,4,4,4,7,2,7,2,3;-1,0,9,35,9,33,8,33,8,35,5,35,5,33,3,33;1,0,21,6,26,6,26,3,29,3;-1,0,3,35,0,35,0,32,3,32,3,29,1,29;1,0,26,29,26,32,30,32,30,35,25,35,25,34,29,34;0,-1,0,3,0,0,5,0,5,3,3,3,3,1;0,-1,14,4,14,2,16,2,16,1;1,0,30,0,30,4,27,4,27,7,30,7;0,-1,13,1,11,1,11,0,8,0,8,3,11,3,11,2;1,0,28,12,28,11,30,11,30,8,27,8,27,13,30,13;-1,0,9,14,6,14,6,15,5,15;-1,0,3,28,0,28,0,31,2,31,2,30,1,30;1,0,27,28,27,31,29,31,29,29,30,29;0,-1,17,0,21,0,21,4,20,4,20,2;0,1,23,35,23,33,25,33,25,29,24,29,24,30;-1,0,3,16,2,16,2,17,4,17,4,15,1,15;-1,0,2,14,4,14,4,13,2,13;-1,0,2,9,3,9,3,12,1,12
33,39|0,1,11,33,11,34;0,1,12,33,12,34;0,1,13,33,13,34;0,-1,21,6,21,5;-1,0,6,29,5,29;0,-1,20,6,20,5;1,0,26,14,27,14;-1,0,8,25,7,25;1,0,26,15,27,15;-1,0,7,28,6,28;1,0,27,11,28,11;1,0,26,12,27,12;0,-1,19,7,19,6;1,0,25,13,26,13;0,1,15,31,15,32;0,1,9,31,9,33;-1,0,9,29,7,29;1,0,22,5,23,5,23,7,26,7;0,1,6,30,7,30,7,32;-1,0,8,27,7,27;0,1,10,33,10,30,8,30,8,32;0,1,11,30,11,32,14,32,14,33;1,0,24,12,25,12;1,0,25,11,26,11;0,-1,17,9,17,7;1,0,24,11,24,10,27,10;-1,0,10,29,10,28,8,28;0,-1,18,9,18,8,20,8,20,7;-1,0,9,24,8,24;0,1,11,27,11,29;1,0,24,17,24,16,25,16;-1,0,14,31,13,31,13,28,12,28;1,0,23,8,24,8,24,9,26,9;0,1,9,27,10,27,10,26,12,26,12,27;-1,0,11,24,10,24;-1,0,12,24,12,25,9,25,9,26,7,26;0,-1,16,9,16,7,14,7,14,6;1,0,22,7,22,9,23,9;0,-1,13,14,12,14,12,13;0,-1,20,9,21,9,21,7;0,1,17,31,17,30,16,30,16,32;0,-1,18,10,19,10,19,9;-1,0,8,23,9,23,9,22,8,22;0,-1,17,12,17,10,15,10,15,9;1,0,16,28,16,29,18,29;0,-1,15,14,15,13,16,13,16,11;-1,0,16,27,15,27,15,30,14,30;1,0,22,17,23,17,23,15,25,15;1,0,20,11,20,10,22,10,22,12,23,12;1,0,22,14,25,14;0,-1,21,12,18,12,18,11;0,1,16,26,15,26,15,24,13,24,13,25;1,0,20,17,21,17,21,16,22,16;0,1,10,22,10,20,9,20,9,21;0,1,13,21,11,21,11,22;0,1,19,25,19,24,20,24,20,25;0,-1,9,17,9,19,10,19,10,16;0,1,16,25,16,24,18,24,18,27;0,1,12,20,12,19,13,19,13,20;0,-1,12,15,12,18,11,18,11,15;1,0,21,14,21,13,24,13;1,0,20,13,20,15,21,15;1,0,20,19,20,18,22,18;-1,0,16,23,15,23,15,21,14,21;0,-1,13,15,14,15,14,14;0,-1,16,14,19,14,19,13;1,0,19,19,19,20,21,20;1,0,18,20,18,22,17,22,17,23,19,23;-1,0,15,20,14,20,14,18,13,18;0,-1,19,18,19,17;-1,0,17,15,15,15;0,1,13,16,15,16,15,19,17,19,17,21;0,-1,16,16,18,16,18,18,16,18,16,17;1,0,10,34,10,39,14,39,14,38,18,38;0,-1,33,16,33,11,31,11,31,9;0,-1,12,1,15,1,15,6,16,6,16,4,21,4,21,2;0,1,1,27,6,27,6,22,4,22,4,24;-1,0,10,10,10,5,14,5,14,3,12,3;0,1,5,28,1,28,1,31;0,1,27,23,27,19,28,19,28,16,26,16,26,19;0,-1,33,10,32,10,32,9,33,9,33,5,31,5,31,1;1,0,26,30,26,25,28,25,28,23,30,23;0,1,0,38,4,38,4,33,8,33,8,35;0,-1,32,0,29,0,29,5,28,5,28,10,30,10,30,5;0,-1,11,2,9,2,9,7,4,7,4,2;1,0,20,37,15,37,15,33,17,33;0,1,27,35,28,35,28,32,26,32,26,36,22,36,22,38;1,0,21,38,20,38,20,39,25,39,25,38,28,38;1,0,27,39,29,39,29,37,32,37;-1,0,2,21,2,17,6,17,6,14,1,14;0,-1,27,9,27,6,24,6,24,4,28,4,28,2;0,1,9,38,9,36,8,36,8,37;0,-1,16,1,16,3,18,3,18,2;0,-1,5,16,0,16,0,13,2,13,2,9;0,1,8,38,5,38,5,35,7,35,7,37;1,0,29,34,29,29,32,29,32,26,27,26,27,27,29,27;-1,0,1,5,0,5,0,7,3,7,3,5,2,5;1,0,29,25,29,24,32,24,32,20,28,20,28,22,31,22;0,-1,11,1,10,1,10,0,5,0,5,5,8,5,8,3;0,-1,23,0,20,0,20,3,19,3,19,2;1,0,30,11,30,13,32,13,32,16,30,16,30,18,32,18;1,0,31,15,31,14,29,14,29,19,30,19;-1,0,2,3,2,4,0,4,0,0,3,0,3,2,1,2
34,36|1,0,27,26,28,26;1,0,27,25,28,25;1,0,28,24,29,24;-1,0,9,11,8,11;-1,0,7,12,6,12;-1,0,6,13,5,13;0,-1,5,15,5,14;0,-1,6,15,6,14;0,-1,7,14,7,13;0,-1,6,17,6,16;0,-1,7,16,7,15;1,0,26,27,27,27;1,0,25,28,26,28;-1,0,8,17,7,17;1,0,28,22,29,22;1,0,27,24,27,23,28,23;0,-1,9,9,9,7;0,-1,20,5,20,6,19,6,19,5;-1,0,12,9,10,9,10,10,9,10;0,-1,14,8,14,6;0,-1,15,8,15,7;0,-1,16,8,16,7,18,7,18,5;0,-1,20,9,21,9,21,8;0,-1,14,9,13,9,13,8;-1,0,16,30,13,30;0,1,19,27,19,28,20,28,20,29;0,1,17,28,17,30,18,30,18,31;0,-1,16,9,17,9,17,8;0,1,19,26,20,26,20,27;0,-1,20,10,22,10,22,9;0,1,12,23,12,25;0,-1,10,13,10,11,11,11,11,10;0,-1,17,10,15,10,15,9;0,-1,9,14,11,14,11,13;0,-1,20,11,23,11,23,9;0,-1,11,16,11,15,8,15,8,13;-1,0,14,10,14,11,12,11;0,1,8,21,8,23,11,23,11,26;0,1,28,19,28,21,27,21,27,22;0,-1,23,13,23,12;-1,0,13,25,13,27,16,27,16,29,15,29;-1,0,13,22,10,22;-1,0,14,15,14,12,13,12;0,-1,18,12,16,12,16,11;1,0,25,21,25,20,27,20;0,-1,12,16,12,18,11,18,11,17;1,0,24,12,24,14,26,14;0,1,14,25,17,25,17,27;1,0,27,17,26,17,26,19,27,19;0,1,25,26,25,27,24,27,24,28;-1,0,16,23,16,22,14,22;0,1,21,28,23,28,23,25,26,25,26,26;0,1,16,24,18,24,18,26;-1,0,19,25,19,23,18,23;1,0,22,25,22,24,25,24;0,1,23,23,21,23,21,25;1,0,20,25,20,22,22,22;1,0,19,21,19,20,20,20,20,21,22,21;-1,0,12,19,9,19,9,16,8,16;0,-1,11,20,13,20,13,18;-1,0,14,20,15,20,15,21,12,21;0,-1,18,13,15,13,15,11;-1,0,16,21,16,18,15,18;-1,0,19,13,19,14,17,14;-1,0,18,17,17,17;1,0,22,13,20,13,20,12,21,12;-1,0,22,14,20,14;0,-1,25,15,23,15,23,14;1,0,20,15,22,15;0,1,22,18,23,18,23,16,25,16,25,19;0,1,21,18,21,19,18,19,18,20;-1,0,22,16,19,16;0,1,22,17,19,17,19,18,17,18,17,19;1,0,11,5,16,5,16,1,19,1,19,3,23,3;0,-1,34,34,32,34,32,30,29,30,29,26,30,26,30,22;0,1,9,26,10,26,10,25,8,25,8,27,12,27,12,32;0,-1,0,16,3,16,3,12,5,12,5,10;1,0,25,13,27,13,27,8,25,8,25,3,30,3;0,-1,1,10,4,10,4,6,6,6,6,4;0,-1,5,5,4,5,4,1,7,1,7,4,11,4,11,2;-1,0,16,33,16,36,14,36,14,34,9,34,9,29,4,29;0,1,24,29,24,31,19,31,19,35;1,0,29,10,32,10,32,13,28,13,28,17,29,17;-1,0,0,30,0,28,4,28,4,25,7,25,7,28,5,28;1,0,33,24,33,21,29,21,29,18,31,18;0,1,17,32,17,36,20,36,20,32,24,32,24,33;0,-1,33,5,32,5,32,3,34,3,34,6,31,6,31,2;0,-1,12,0,12,4,15,4,15,3,14,3,14,1;1,0,32,16,32,20,30,20,30,19,31,19;1,0,21,34,21,36,22,36,22,35,27,35;1,0,31,31,31,33,29,33,29,35,33,35;1,0,32,14,29,14,29,15,32,15;0,1,0,34,3,34,3,32,1,32,1,29,3,29,3,30;-1,0,5,16,5,17,1,17,1,18,6,18,6,23,3,23;0,-1,6,0,11,0,11,1,10,1,10,3,9,3,9,1;0,-1,33,0,28,0,28,2,25,2,25,1;-1,0,5,33,4,33,4,30,6,30,6,35,1,35;-1,0,2,19,2,22,5,22,5,21,3,21;-1,0,6,24,3,24,3,27,2,27,2,23,1,23;1,0,31,22,32,22,32,23,31,23,31,25,33,25;-1,0,0,11,2,11,2,14,1,14;-1,0,0,10,0,7,3,7,3,9,2,9;-1,0,2,3,0,3,0,0,3,0,3,5,1,5
33,35|-1,0,8,27,7,27;-1,0,8,26,7,26;1,0,26,12,27,12;-1,0,6,22,5,22;-1,0,6,20,5,20;-1,0,7,19,6,19;-1,0,7,21,6,21;-1,0,8,18,7,18;0,1,12,29,12,30;-1,0,9,17,8,17;1,0,24,13,25,13;-1,0,10,28,10,27,9,27;0,1,6,23,6,24,7,24,7,25;0,1,8,24,8,23,9,23,9,26;-1,0,11,29,10,29;-1,0,12,27,12,26,10,26;-1,0,10,18,9,18;1,0,26,22,27,22;1,0,25,10,25,11,26,11;0,1,16,28,16,29;-1,0,13,27,13,28,11,28;0,1,20,24,21,24,21,25;1,0,15,29,15,27,17,27,17,30,19,30;-1,0,14,27,14,29,13,29;-1,0,8,16,9,16,9,15,8,15;-1,0,8,12,8,13,7,13;-1,0,11,18,11,17,10,17;0,1,22,24,23,24,23,25;0,1,27,19,27,21;0,1,20,21,20,23;0,1,21,21,21,23;-1,0,11,15,10,15;1,0,22,10,24,10,24,8,25,8;-1,0,8,19,8,20,7,20;1,0,20,8,20,7,22,7;0,-1,26,16,27,16,27,14;1,0,25,16,23,16,23,17,26,17;0,1,18,25,18,23,17,23,17,25;1,0,28,18,25,18,25,20,26,20;0,1,10,22,7,22,7,23;1,0,21,13,23,13,23,15,24,15;-1,0,9,20,10,20,10,19,9,19;1,0,22,11,24,11,24,12,25,12;1,0,20,10,21,10,21,12,23,12;0,1,11,24,12,24,12,25;0,1,25,24,24,24,24,25;0,1,23,23,26,23,26,24;-1,0,16,24,14,24,14,26,13,26;-1,0,11,23,11,21,8,21;0,1,21,20,22,20,22,23;-1,0,12,23,15,23,15,21,12,21;-1,0,9,13,9,14,7,14;-1,0,15,17,12,17,12,20,11,20;-1,0,10,16,13,16,13,14,10,14;0,-1,15,6,16,6,16,5;1,0,20,9,18,9,18,10,19,10;0,-1,24,20,24,22,25,22,25,21;0,1,9,10,9,12,10,12,10,13;0,-1,14,7,13,7,13,5;-1,0,12,13,12,11,10,11,10,9,9,9;1,0,21,6,18,6,18,8,19,8;0,1,21,17,21,19,23,19,23,22;0,-1,20,18,20,16,22,16,22,15;1,0,18,22,17,22,17,21,19,21;1,0,17,6,17,8,15,8,15,7,16,7;-1,0,11,10,11,7,9,7;0,1,12,7,12,8,13,8,13,11;0,1,16,21,16,19,14,19,14,20;1,0,15,9,17,9;0,-1,16,11,16,10,14,10,14,8;0,-1,15,11,15,14,14,14,14,13;0,1,19,18,17,18,17,20;1,0,16,14,16,17,18,17;0,-1,7,30,3,30,3,26,5,26,5,23,2,23,2,20;-1,0,5,19,4,19,4,14,1,14;0,1,31,6,31,9,33,9,33,14,31,14,31,17;1,0,25,35,25,34,20,34,20,30,23,30,23,32,27,32;0,-1,6,17,6,13,5,13,5,10,2,10,2,5;1,0,28,21,28,23,27,23,27,24,29,24,29,19,32,19;1,0,16,4,16,0,11,0,11,1,7,1,7,4,12,4;0,1,16,33,11,33,11,30,9,30,9,32;0,-1,26,10,26,6,30,6,30,2;1,0,33,32,31,32,31,35,28,35,28,31,32,31;-1,0,9,0,5,0,5,2,2,2;0,1,12,32,14,32,14,31,19,31,19,34;0,-1,23,9,21,9,21,8,23,8,23,5;-1,0,0,5,0,0,4,0,4,1,1,1;1,0,22,29,27,29,27,27,31,27;0,-1,22,6,22,4,27,4,27,1;0,1,0,11,4,11,4,12,0,12,0,16,1,16,1,19;0,1,3,33,3,31,0,31,0,26,2,26,2,30;0,-1,29,2,28,2,28,0,33,0,33,5,31,5,31,3;1,0,29,18,33,18,33,21,30,21,30,23,31,23;1,0,20,25,20,28,23,28,23,26,28,26;1,0,25,25,29,25,29,26,30,26,30,24,31,24;0,1,6,35,10,35,10,34,8,34,8,31,4,31,4,34;1,0,24,30,28,30,28,28,30,28;1,0,29,29,29,30,31,30,31,28,32,28;0,-1,17,3,17,5,21,5,21,3,26,3,26,1;0,-1,18,2,18,0,22,0,22,2,25,2,25,1;-1,0,1,25,0,25,0,24,4,24,4,25,2,25;0,1,15,32,18,32,18,34;1,0,33,26,31,26,31,25,32,25
35,43|0,1,17,37,17,38;-1,0,6,30,5,30;-1,0,6,34,5,34;-1,0,7,29,6,29;-1,0,7,28,6,28;1,0,28,15,29,15;-1,0,7,14,6,14;-1,0,9,14,8,14;0,1,21,37,21,38;1,0,28,16,29,16;-1,0,7,31,6,31;0,1,18,37,20,37,20,38;0,-1,20,7,20,8,21,8,21,6;0,-1,22,10,22,8;0,-1,16,5,16,7,17,7,17,6;0,-1,15,9,15,7;0,1,21,36,22,36,22,37;0,-1,19,8,18,8,18,7;0,-1,11,8,13,8,13,7;0,1,6,36,6,35,8,35,8,37;1,0,28,14,28,12,29,12;-1,0,14,37,11,37,11,36,9,36;0,-1,11,9,14,9,14,8;0,-1,9,9,9,10,10,10,10,9;0,1,25,34,25,35,23,35,23,36;0,-1,27,8,27,11,26,11,26,7;0,1,7,33,7,34;-1,0,10,11,8,11,8,13,6,13;0,-1,16,9,17,9,17,8;0,-1,12,12,14,12,14,10;1,0,17,36,20,36;0,-1,26,12,24,12,24,9,25,9,25,7;-1,0,11,10,11,12,9,12;0,-1,5,19,5,16,6,16,6,15;0,-1,22,12,22,11;0,-1,20,11,20,9;0,1,8,34,8,32,6,32,6,33;0,-1,19,10,19,12,21,12,21,10;0,-1,22,13,22,15,21,15,21,14;0,-1,13,14,13,13,15,13,15,12;0,-1,16,10,18,10,18,9;0,1,24,31,23,31,23,32;0,1,15,36,15,37;-1,0,7,16,7,17,6,17;1,0,17,35,18,35;0,-1,24,13,27,13,27,12;0,1,17,33,17,34,16,34,16,36;0,-1,9,16,9,15,10,15,10,13;0,-1,20,13,20,16,23,16,23,13;0,1,14,33,14,34,15,34,15,35;0,-1,8,16,8,17,11,17,11,14;-1,0,14,15,13,15,13,16,12,16;-1,0,10,28,10,29,9,29;-1,0,18,11,16,11;-1,0,10,18,10,20,9,20,9,18,7,18;0,1,25,33,25,30,22,30,22,31;1,0,30,17,28,17,28,20,29,20;-1,0,14,14,18,14,18,12,16,12;-1,0,11,25,13,25,13,24,12,24;0,1,24,29,24,26,22,26,22,29;0,-1,26,16,24,16,24,14;0,1,24,22,23,22,23,23;0,-1,9,30,11,30,11,26;0,-1,24,20,24,17,27,17,27,15;-1,0,11,35,9,35,9,31,8,31;0,1,13,34,13,32,10,32,10,34;0,-1,19,18,19,19,20,19,20,18;0,1,22,24,22,25;-1,0,12,30,13,30,13,31,11,31;-1,0,13,17,16,17,16,15,15,15;1,0,16,33,15,33,15,31,17,31;0,1,19,30,19,28,21,28,21,30;0,-1,18,17,17,17,17,20,18,20,18,18;1,0,20,23,20,24,21,24;0,-1,13,21,12,21,12,20,13,20,13,18;0,-1,17,23,17,22;0,1,17,28,16,28,16,30,14,30,14,31;1,0,21,22,22,22;0,-1,26,21,23,21,23,19;1,0,19,27,20,27,20,25,21,25;0,-1,19,21,22,21,22,19;0,-1,15,18,15,21,16,21,16,19;-1,0,18,29,18,27,15,27;1,0,19,25,19,26,16,26,16,25,17,25;0,-1,12,26,15,26,15,22,14,22,14,20;0,-1,16,22,16,24,19,24,19,22;1,0,17,0,21,0,21,2,26,2;1,0,19,39,17,39,17,43,21,43,21,42,25,42;0,-1,18,4,15,4,15,6,10,6,10,8,9,8,9,6;0,1,4,36,4,32,0,32,0,29,1,29,1,31;0,1,35,13,31,13,31,18,29,18,29,19,33,19,33,24;0,-1,2,15,4,15,4,17,1,17,1,14,5,14,5,10;0,-1,0,6,3,6,3,9,8,9,8,5,11,5,11,4;1,0,35,38,32,38,32,43,27,43,27,39,30,39;1,0,7,1,9,1,9,3,13,3;-1,0,10,41,10,38,8,38,8,40,6,40,6,37,1,37;1,0,25,0,30,0,30,2,27,2,27,7,29,7;0,1,13,41,16,41,16,38,15,38,15,40;-1,0,10,26,9,26,9,23,11,23,11,21,10,21;0,-1,35,8,35,12,32,12,32,11;-1,0,1,24,6,24,6,19,8,19,8,20,7,20;0,1,23,24,23,25,25,25,25,22,26,22,26,25;1,0,25,40,25,36,27,36,27,38,29,38,29,33,34,33;1,0,34,5,34,8,31,8,31,11,30,11,30,7,32,7;-1,0,3,22,5,22,5,20,1,20;-1,0,2,29,5,29,5,25,3,25;-1,0,0,43,0,38,5,38,5,39,4,39;1,0,35,7,35,3,33,3,33,0,31,0,31,2,32,2;1,0,28,30,28,33,27,33,27,29,29,29;-1,0,0,37,0,33,3,33,3,34,2,34;0,1,3,43,1,43,1,39,2,39,2,40,4,40,4,41;1,0,34,30,29,30,29,32,32,32;0,-1,10,4,8,4,8,2,7,2,7,7,5,7,5,5;-1,0,6,6,6,3,3,3;1,0,29,21,27,21,27,23,29,23,29,28,32,28;0,1,35,41,35,39,33,39,33,42;0,-1,1,5,1,2,4,2,4,1;1,0,31,38,30,38,30,37,32,37,32,34,34,34;-1,0,0,17,0,19,4,19,4,18,1,18;0,-1,12,4,12,5,14,5,14,2;-1,0,2,23,2,22,0,22,0,26,4,26,4,28,1,28;-1,0,3,12,3,11,0,11,0,13,4,13,4,10,3,10;1,0,32,24,31,24,31,27,33,27;0,1,11,39,11,38,14,38,14,40,11,40,11,42
31,38|-1,0,6,26,5,26;0,1,5,28,5,29;-1,0,6,27,5,27;0,1,6,29,6,30;0,1,7,30,7,31;0,-1,22,7,22,6;0,-1,21,7,21,6;-1,0,7,24,6,24;-1,0,8,29,7,29;0,-1,20,7,20,6;-1,0,10,29,9,29;0,1,13,31,13,32;0,1,8,30,8,32;0,-1,21,8,19,8,19,6;-1,0,9,31,11,31,11,32,10,32;0,-1,17,7,17,8,18,8,18,6;0,-1,17,9,17,10,16,10,16,7;1,0,23,9,26,9;-1,0,8,24,8,25,7,25;-1,0,13,29,11,29,11,30,9,30;-1,0,7,26,7,28,6,28;0,1,12,33,12,30,14,30,14,31;-1,0,9,27,8,27;0,-1,15,7,15,6,14,6,14,5;0,-1,15,11,15,9,14,9,14,7;0,-1,19,10,19,9;0,-1,25,10,22,10,22,8,23,8,23,7;0,-1,12,9,12,6,13,6,13,5;0,-1,9,10,9,8,11,8,11,6;1,0,22,16,23,16,23,13,26,13;-1,0,10,24,9,24,9,26,8,26;0,-1,14,11,14,12,13,12,13,10;0,-1,17,11,18,11,18,9;-1,0,6,22,9,22,9,23,8,23;0,-1,21,13,20,13,20,10;0,-1,14,13,12,13,12,12,11,12,11,10;0,1,16,28,16,29,15,29,15,30;1,0,22,11,24,11,24,12,25,12;0,1,7,20,7,21;0,-1,11,15,11,14;1,0,20,14,22,14,22,12,23,12;0,-1,15,13,15,12,16,12,16,11;0,1,16,27,16,26,15,26,15,28;1,0,19,11,19,14,17,14,17,12,18,12;0,-1,6,13,7,13,7,11,10,11,10,10;0,-1,15,15,12,15,12,14;0,1,19,27,18,27,18,29;0,-1,19,17,19,16,20,16,20,15;0,-1,16,16,16,13;-1,0,10,25,10,28,8,28;0,1,13,27,13,26,14,26,14,28;0,1,20,28,20,26,17,26,17,27;1,0,19,25,17,25,17,23,18,23;1,0,14,25,14,24,16,24;-1,0,10,23,10,21,9,21;0,-1,13,17,14,17,14,16;0,-1,9,15,9,12;1,0,17,15,17,16,18,16;0,1,17,22,15,22,15,23;1,0,18,19,18,22,19,22;0,1,6,18,8,18,8,20;1,0,13,25,11,25,11,27,12,27;-1,0,9,16,8,16;0,1,9,18,9,20;0,-1,19,18,18,18,18,17;0,1,14,23,14,22,13,22,13,24;1,0,15,20,16,20,16,21,17,21;0,-1,17,18,17,17;0,1,12,23,12,22,11,22,11,24;0,-1,12,16,10,16,10,15;-1,0,11,17,11,18,10,18,10,17,8,17;-1,0,11,21,13,21,13,19,10,19;0,-1,14,18,15,18,15,16;0,1,16,17,16,19,14,19,14,21;0,-1,15,33,13,33,13,36,8,36,8,33,4,33,4,31;1,0,15,0,20,0,20,3,25,3,25,5,27,5;0,1,0,23,0,25,1,25,1,28;-1,0,13,0,13,1,15,1,15,4,12,4,12,1,9,1;-1,0,3,10,3,14,7,14,7,17,5,17,5,22,3,22;1,0,14,37,19,37,19,32,22,32;1,0,19,19,19,21,21,21,21,26,24,26,24,29,27,29;0,-1,31,14,27,14,27,12,29,12,29,8;1,0,31,5,31,3,28,3,28,5,30,5;-1,0,6,0,6,2,11,2,11,5,7,5;0,1,6,16,4,16,4,21,2,21,2,23;-1,0,2,8,6,8,6,5,3,5;-1,0,4,36,4,38,0,38,0,36,3,36,3,31,1,31;0,-1,2,9,2,10,0,10,0,7,1,7,1,5;0,1,29,26,27,26,27,28,31,28,31,31,29,31,29,35;-1,0,5,2,5,3,1,3,1,0,5,0,5,1,2,1;-1,0,7,3,10,3,10,4,7,4;1,0,23,22,23,17,20,17,20,19,22,19,22,24,25,24;0,1,30,29,30,30,28,30,28,32,27,32,27,37;1,0,19,1,18,1,18,4,23,4,23,6,25,6;1,0,25,2,22,2,22,0,27,0,27,1,30,1;-1,0,0,30,0,35,2,35,2,34,1,34;0,1,17,35,17,30,21,30,21,27,23,27,23,30;1,0,29,25,29,23,24,23,24,21,29,21;0,1,23,38,25,38,25,33,20,33,20,34;0,1,5,38,5,34,7,34,7,37;0,1,28,37,31,37,31,32,30,32,30,35;1,0,26,15,29,15,29,17,24,17,24,20,26,20;-1,0,0,17,3,17,3,19,2,19;0,1,22,38,21,38,21,37,24,37,24,34,21,34,21,36
30,35|1,0,23,23,24,23;1,0,23,24,24,24;1,0,21,23,22,23;1,0,21,24,22,24;1,0,21,25,22,25;1,0,24,12,25,12;1,0,21,26,22,26;1,0,19,24,20,24;1,0,24,10,24,9,25,9;1,0,22,12,23,12;1,0,18,25,20,25;1,0,22,27,20,27,20,28,21,28;0,1,23,20,23,22;0,1,6,27,8,27,8,28;-1,0,7,25,9,25,9,26,6,26;1,0,20,23,18,23,18,22,19,22;1,0,17,22,17,24,18,24;-1,0,8,8,8,9,6,9;-1,0,7,24,7,23,6,23;0,1,23,19,22,19,22,20;-1,0,11,29,11,28,9,28;1,0,19,29,19,26,20,26;0,-1,12,7,12,5;0,1,10,25,10,27,12,27,12,29;0,1,18,30,18,28,17,28,17,29;1,0,16,29,13,29,13,30,16,30;1,0,21,11,24,11;-1,0,9,8,9,7,8,7;-1,0,8,23,8,22,6,22;-1,0,10,10,7,10;0,1,6,21,9,21,9,23;1,0,16,22,15,22,15,23,16,23;-1,0,15,27,14,27,14,28,13,28;0,1,18,26,18,27,16,27,16,28;1,0,17,26,17,25,15,25,15,24,16,24;1,0,11,25,14,25,14,26,16,26;1,0,13,24,13,22,14,22;0,-1,24,14,25,14,25,13;0,1,11,24,10,24,10,21,11,21,11,22;1,0,13,21,16,21;1,0,20,11,20,12,21,12;0,-1,21,6,21,7,19,7,19,5;0,1,14,19,14,20,12,20,12,21;0,-1,22,7,22,9,21,9,21,8;0,-1,11,6,11,8,13,8,13,6;0,-1,5,12,5,13,7,13,7,11;-1,0,13,9,10,9;0,1,23,18,21,18,21,19;0,-1,13,10,14,10,14,8;0,-1,23,8,23,10,20,10,20,8;0,1,15,18,15,20;0,1,9,19,9,17,10,17,10,18;0,-1,8,13,8,11,11,11,11,10;0,-1,19,10,19,8,18,8,18,7;0,-1,13,12,13,11,12,11,12,10;0,-1,17,10,18,10,18,9;0,1,20,17,20,18;0,-1,19,12,19,11,16,11,16,10;0,1,21,16,21,17;0,-1,8,14,9,14,9,13;1,0,23,14,20,14,20,13,22,13;0,1,7,19,7,17,6,17,6,20;0,-1,14,11,15,11,15,10;0,1,7,15,7,16,8,16,8,18;0,-1,14,13,14,12;1,0,23,15,24,15;1,0,20,15,22,15,22,16,24,16;1,0,19,15,19,16,20,16;0,-1,8,15,10,15,10,14;0,1,13,18,13,19;0,1,11,18,11,17,14,17,14,18;-1,0,11,13,11,16,9,16;0,1,12,12,12,14;1,0,19,17,18,17,18,14,19,14;1,0,23,30,23,25,25,25,25,23,26,23;1,0,13,5,18,5,18,3,20,3;0,-1,24,17,24,18,25,18,25,15,27,15,27,10;0,1,0,6,1,6,1,8,4,8,4,13;0,1,29,2,26,2,26,7,30,7,30,10,28,10,28,14;0,1,3,32,8,32,8,30,12,30,12,31,15,31,15,33;-1,0,17,35,14,35,14,33,13,33;0,1,29,22,26,22,26,20,30,20,30,23,29,23,29,26;-1,0,0,16,0,21,3,21,3,26,1,26;0,1,9,32,9,31,11,31,11,33,8,33,8,34;0,-1,8,6,8,5,11,5,11,4,16,4,16,2;-1,0,15,0,15,3,14,3,14,0,12,0,12,1,8,1;0,1,21,33,21,35,26,35,26,30,29,30,29,32;0,-1,2,0,2,3,7,3,7,1;0,1,30,30,30,35,28,35,28,31,27,31,27,32;0,1,22,28,22,29,20,29,20,31;0,1,28,29,28,27,25,27,25,32,20,32,20,33;-1,0,4,31,7,31,7,28,6,28;-1,0,5,8,7,8,7,5,3,5;1,0,30,17,30,12,29,12,29,16,27,16,27,19,29,19;0,1,6,30,5,30,5,28,2,28,2,32;-1,0,2,35,4,35,4,33,7,33,7,34,6,34;-1,0,1,11,1,9,0,9,0,12,3,12,3,9,2,9;0,1,0,31,0,28,1,28,1,31;1,0,16,1,16,0,20,0,20,1,23,1;1,0,27,6,30,6,30,3,27,3,27,5,28,5;1,0,28,1,28,0,24,0,24,1,25,1;-1,0,4,24,6,24,6,25,5,25,5,27,2,27;-1,0,2,16,6,16,6,15,2,15;0,-1,7,0,3,0,3,2,4,2,4,1
33,37|-1,0,6,22,5,22;-1,0,6,25,5,25;1,0,27,9,28,9;-1,0,7,26,6,26;1,0,26,10,27,10;1,0,26,11,27,11;1,0,25,9,26,9;1,0,26,8,27,8;-1,0,7,24,6,24;-1,0,9,28,8,28;-1,0,9,29,8,29;1,0,26,15,27,15;-1,0,9,31,8,31;0,1,12,31,12,32;-1,0,8,23,7,23;0,1,15,29,15,30;0,1,11,30,11,31;-1,0,9,32,10,32,10,30,7,30;0,1,14,29,14,31;-1,0,13,31,13,30,12,30;-1,0,10,29,10,27,8,27,8,25,7,25;-1,0,11,29,13,29,13,28,11,28;-1,0,7,21,7,20,8,20,8,22,7,22;-1,0,9,20,9,17,7,17;-1,0,10,26,9,26,9,24,8,24;1,0,25,12,27,12;0,-1,14,7,16,7,16,6;0,1,16,26,16,28;-1,0,10,20,10,21,9,21;0,-1,25,8,25,6,22,6,22,5;1,0,25,15,25,14,26,14;-1,0,9,22,10,22,10,23,9,23;0,-1,13,9,14,9,14,8;0,-1,22,9,24,9,24,7;-1,0,11,25,10,25;-1,0,14,21,11,21;-1,0,17,8,17,9,15,9;1,0,25,11,24,11,24,13,27,13;-1,0,12,22,11,22,11,24,10,24;-1,0,19,9,18,9;-1,0,12,25,12,26,11,26;0,-1,14,10,15,10,15,12,14,12,14,11;0,1,19,26,19,28,18,28,18,30;0,-1,20,8,20,10,21,10,21,9;-1,0,14,28,14,27,11,27;0,1,19,25,18,25,18,27;0,1,12,23,12,24,13,24,13,26;0,1,21,20,21,23;0,1,10,14,10,17;-1,0,15,21,15,22,14,22;0,1,16,25,15,25,15,28;1,0,24,16,26,16;1,0,22,12,23,12;1,0,19,23,20,23;1,0,20,11,22,11,22,10,24,10;0,1,14,26,14,24,17,24,17,25;0,-1,19,13,19,10;0,1,20,21,20,22;-1,0,18,24,18,23,16,23;0,-1,11,16,11,14,13,14,13,12;-1,0,14,15,14,17,12,17;-1,0,19,22,16,22;0,-1,23,13,21,13,21,12;-1,0,17,12,17,10,16,10;0,-1,22,14,22,15,24,15,24,14;0,-1,17,13,18,13,18,10;-1,0,16,21,16,20,14,20;0,-1,21,15,21,14,20,14,20,12;0,1,15,16,15,19,17,19,17,21;-1,0,19,21,19,20,20,20,20,19,19,19;-1,0,17,14,16,14,16,13,14,13;0,1,18,17,21,17,21,19;1,0,18,15,20,15,20,16,23,16;0,1,15,15,17,15,17,17,16,17,16,18;1,0,10,37,10,35,12,35,12,37,14,37,14,35,19,35;0,1,33,3,31,3,31,7,33,7,33,11,30,11,30,15;0,1,9,15,5,15,5,20,0,20,0,23,3,23,3,26;-1,0,4,22,4,26,5,26,5,31,3,31;-1,0,23,0,23,2,18,2,18,0,16,0,16,2,13,2;0,-1,27,24,27,22,32,22,32,18,29,18,29,13;1,0,20,35,21,35,21,31,26,31,26,28,28,28;0,-1,23,4,28,4,28,6,30,6,30,3,26,3,26,1;-1,0,4,14,4,9,7,9,7,6,10,6,10,1,7,1;-1,0,6,0,6,1,4,1,4,5,9,5,9,4,7,4;0,-1,24,2,24,0,28,0,28,2,31,2,31,1;0,-1,7,14,5,14,5,11,7,11,7,13,12,13,12,9;-1,0,0,32,0,27,4,27,4,30,3,30,3,28,1,28;0,1,33,26,33,29,32,29,32,31;0,1,29,35,29,33,32,33,32,35;0,1,7,27,6,27,6,31,7,31,7,33;0,-1,3,6,3,9,2,9,2,4;-1,0,0,14,0,10,1,10,1,15,4,15,4,16,1,16;-1,0,9,37,8,37,8,34,6,34,6,36,2,36;0,1,29,37,29,36,33,36,33,32,28,32,28,35;0,1,25,33,26,33,26,37,24,37,24,33,22,33,22,36;-1,0,5,0,3,0,3,3,2,3;0,-1,1,6,1,9,0,9,0,5,1,5,1,2;1,0,33,17,31,17,31,15,32,15;0,-1,7,0,11,0,11,3,14,3,14,6,11,6,11,4;-1,0,0,26,0,24,2,24,2,25,1,25;-1,0,4,19,1,19,1,17,4,17,4,18,3,18;0,-1,29,1,29,0,33,0,33,2,32,2,32,1;1,0,32,28,32,27,28,27,28,23,31,23;1,0,32,16,33,16,33,14,31,14,31,12,32,12
33,35|-1,0,6,12,5,12;0,-1,6,14,6,13;-1,0,8,12,7,12;0,-1,7,14,7,13;-1,0,9,11,8,11;1,0,26,26,27,26;0,1,28,24,28,25;1,0,26,27,27,27;0,1,28,22,28,23;0,1,26,24,25,24,25,27;0,1,27,23,27,25;0,1,20,28,20,29;0,1,20,26,20,27;0,-1,14,7,14,5;0,1,26,21,26,23;0,-1,20,7,20,6,21,6,21,5;0,-1,19,8,19,7,18,7,18,6;0,1,28,18,28,21;-1,0,9,10,9,8,8,8;0,-1,17,7,17,6;0,-1,12,8,11,8,11,6;0,-1,10,11,11,11,11,10,10,10,10,8;0,1,9,22,9,23,10,23,10,25;-1,0,13,25,13,24,12,24;0,1,10,20,10,22;0,-1,7,16,7,15,8,15,8,13;-1,0,15,6,15,8,13,8;0,-1,17,8,16,8,16,5;0,1,11,19,11,22;-1,0,14,9,12,9;-1,0,14,26,14,23,12,23;1,0,23,12,24,12;0,1,18,29,18,28,16,28,16,30;0,-1,18,8,18,9,20,9,20,8;0,1,23,26,21,26,21,28;0,1,18,26,18,27,19,27,19,28;0,1,15,25,15,27;-1,0,12,10,14,10,14,11,12,11;0,1,17,25,17,27;0,1,17,21,17,24,16,24,16,27;0,1,26,20,26,19,27,19,27,22;-1,0,9,12,12,12,12,13,10,13;0,-1,21,8,23,8,23,11,25,11,25,10;0,-1,13,16,13,13;-1,0,20,25,21,25,21,24,20,24;0,1,25,19,25,21,24,21,24,24;0,1,18,21,18,23;-1,0,12,14,10,14,10,15,9,15;1,0,26,18,26,17,28,17;0,1,8,16,10,16,10,18;0,1,20,23,22,23,22,25;-1,0,12,19,12,21,14,21,14,22,12,22;1,0,20,11,21,11,21,9,22,9;-1,0,17,11,16,11,16,10,15,10;1,0,16,9,17,9,17,10,20,10;0,1,17,20,15,20,15,22;0,1,21,22,23,22,23,23;0,-1,18,14,18,12,19,12,19,11;-1,0,15,12,15,14,14,14;0,-1,17,14,17,13;1,0,25,13,25,16,27,16;0,1,15,19,14,19,14,20;1,0,23,20,23,18,25,18;0,1,11,15,11,17,13,17,13,19;-1,0,18,20,18,19,17,19;-1,0,16,13,16,15,15,15;0,-1,15,16,15,18,14,18,14,17;1,0,22,18,22,16,23,16;1,0,20,20,20,21,23,21;0,-1,21,14,21,15,24,15,24,13;0,-1,16,18,16,16;1,0,20,15,20,16,21,16;0,1,21,19,19,19,19,22;1,0,19,14,19,17,21,17;1,0,18,15,17,15,17,18,20,18;1,0,17,29,17,30,20,30,20,31,24,31;0,1,29,21,29,24,31,24,31,29,27,29,27,34;-1,0,20,0,17,0,17,2,14,2,14,4,9,4;0,-1,26,15,29,15,29,19,32,19,32,14,30,14,30,10;0,-1,2,3,2,6,7,6,7,11,3,11,3,9;-1,0,16,32,14,32,14,27,11,27;-1,0,8,22,8,26,10,26,10,28,13,28,13,29,11,29;1,0,23,35,28,35,28,32,31,32;1,0,20,4,20,2,23,2,23,0,27,0,27,3,29,3;0,-1,13,0,8,0,8,1,3,1,3,5,4,5,4,2;0,-1,32,9,32,6,30,6,30,2;0,1,2,12,2,10,1,10,1,13,5,13,5,15;1,0,29,2,28,2,28,1,32,1;0,1,5,32,5,30,0,30,0,26,4,26,4,28;0,1,0,35,4,35,4,31,2,31,2,33;0,1,20,35,15,35,15,33,19,33,19,31,17,31,17,32;1,0,31,30,28,30,28,31,32,31;0,1,6,27,6,25,4,25,4,22,7,22,7,26;-1,0,3,20,3,22,0,22,0,25,3,25,3,23,2,23;-1,0,3,32,3,34,1,34;0,1,5,26,5,28,6,28,6,32;0,1,9,27,7,27,7,29,9,29,9,34;-1,0,4,0,2,0,2,2,1,2;0,1,14,34,10,34,10,30,12,30,12,32;0,1,8,34,8,31,7,31,7,34;0,1,33,31,33,33,30,33,30,34;1,0,33,18,33,23,30,23,30,22,31,22;1,0,27,7,31,7,31,12,32,12;-1,0,3,15,3,17,0,17,0,14,4,14,4,18,1,18;0,1,10,35,6,35,6,33,5,33,5,34
39,40|-1,0,7,24,6,24;-1,0,6,19,5,19;0,1,6,22,6,23;-1,0,7,17,6,17;-1,0,7,18,6,18;-1,0,9,27,8,27;0,-1,6,21,6,20;0,1,17,31,17,32;-1,0,9,26,8,26;-1,0,8,23,7,23;1,0,31,15,32,15;-1,0,9,28,8,28;-1,0,10,11,9,11;0,1,20,31,20,32;1,0,31,19,31,20,32,20;1,0,30,16,31,16;0,1,19,31,19,33;1,0,30,10,30,12,32,12;0,1,16,32,16,29,17,29,17,30;1,0,27,20,27,19,29,19;1,0,30,18,31,18;0,1,12,30,12,31,15,31,15,32;1,0,31,21,31,23,32,23;1,0,28,8,30,8;-1,0,9,32,9,31,11,31,11,29,10,29;1,0,30,13,32,13;0,1,10,26,10,28,14,28,14,30;-1,0,12,27,11,27,11,25,8,25;0,1,21,33,21,30,18,30,18,32;-1,0,11,9,11,12,10,12;1,0,29,13,29,14,31,14;0,-1,13,8,13,6;0,-1,8,18,8,14;-1,0,12,14,11,14,11,13,9,13;-1,0,16,27,14,27;1,0,28,21,27,21,27,22,30,22;0,1,11,24,13,24,13,25,12,25,12,26;1,0,27,18,29,18;1,0,28,10,28,11,29,11;0,1,18,29,18,27,19,27,19,28;1,0,27,23,29,23,29,25,30,25;-1,0,19,26,17,26,17,28,15,28;0,-1,12,11,12,13,13,13,13,9;1,0,24,9,25,9;-1,0,7,19,7,22,9,22,9,24,8,24;-1,0,14,7,14,8,15,8,15,10,14,10;0,1,23,27,23,30,22,30,22,32;-1,0,17,9,17,10,16,10;0,-1,13,15,13,19,12,19,12,16;-1,0,16,5,18,5,18,8,16,8;1,0,30,15,28,15,28,17,31,17;0,1,16,21,16,23,14,23,14,25;0,1,8,20,8,19,9,19,9,21;1,0,28,13,28,12,29,12;0,-1,16,12,14,12,14,11;0,1,18,25,20,25,20,26;-1,0,15,13,16,13,16,15,14,15;0,1,9,17,9,18,10,18,10,22;1,0,25,13,27,13,27,14,28,14;1,0,26,21,26,18,25,18,25,17,26,17;0,1,25,26,25,27,24,27,24,30;1,0,24,21,24,22,25,22,25,24,28,24;0,-1,12,23,13,23,13,20,11,20,11,19;0,1,19,23,17,23,17,25;1,0,24,7,22,7,22,6,24,6;1,0,22,10,25,10;1,0,22,18,24,18,24,19,25,19;0,-1,19,7,19,8,20,8,20,5;0,1,16,19,16,20,14,20,14,22;0,-1,25,8,21,8,21,6;-1,0,18,9,18,12,17,12;1,0,23,9,20,9,20,10,21,10;0,1,24,26,24,25,26,25,26,27;0,1,23,25,21,25,21,27;-1,0,21,22,19,22;0,-1,21,12,21,11,19,11,19,10;1,0,22,17,23,17,23,16,26,16;1,0,24,24,20,24,20,23,23,23;1,0,27,15,25,15,25,14,26,14;-1,0,20,20,17,20,17,17,15,17;-1,0,17,13,17,16,15,16;-1,0,18,15,20,15,20,16,18,16;0,-1,24,13,24,12;1,0,22,11,23,11,23,14,24,14;1,0,21,21,21,19,23,19;-1,0,22,12,22,14,20,14;-1,0,24,15,21,15,21,18,19,18;0,1,34,20,37,20,37,16,36,16,36,12,33,12,33,17;0,-1,4,26,4,30,0,30,0,25,4,25,4,22;0,-1,5,18,0,18,0,15,2,15,2,13,5,13,5,9;0,1,25,38,22,38,22,36,17,36,17,33,13,33,13,36;0,1,28,28,33,28,33,23,37,23,37,28,36,28,36,31;0,-1,28,7,28,6,31,6,31,11,33,11,33,7;1,0,8,1,8,3,5,3,5,7,0,7,0,2,2,2;1,0,13,0,13,5,15,5,15,0,18,0,18,4,22,4;0,-1,28,9,26,9,26,5,24,5,24,1;-1,0,14,36,14,34,16,34,16,37,12,37;0,1,28,38,28,35,32,35,32,33,36,33,36,37;0,-1,24,0,28,0,28,1,33,1,33,5,35,5,35,3;-1,0,12,36,12,35,11,35,11,38,9,38,9,33,6,33;0,1,5,28,5,25,7,25,7,29,5,29,5,34;-1,0,4,19,2,19,2,20,5,20,5,21,1,21;0,1,26,30,25,30,25,28,27,28,27,30;0,1,29,33,27,33,27,31,23,31,23,34,26,34,26,36;-1,0,1,20,0,20,0,22,3,22,3,24,1,24;-1,0,0,37,4,37,4,38,6,38,6,36,4,36;-1,0,4,5,4,2,7,2,7,1,4,1;-1,0,2,31,2,32,0,32,0,36,3,36,3,34,1,34;0,-1,1,8,6,8,6,4,9,4,9,1;0,-1,12,10,12,8,10,8,10,4;0,-1,23,0,23,3,19,3,19,1;0,-1,22,0,20,0,20,2,22,2,22,1;1,0,33,21,32,21,32,22,34,22,34,21,36,21;0,1,7,38,7,36,8,36,8,34,7,34,7,35;1,0,36,2,36,6,34,6,34,8,35,8;-1,0,1,14,0,14,0,12,4,12,4,11,3,11;0,-1,12,5,12,7,11,7,11,5;0,1,30,32,30,34,27,34,27,35;0,1,37,33,37,38,33,38,33,34,35,34,35,37;1,0,37,9,34,9,34,11,36,11;-1,0,2,11,0,11,0,10,4,10,4,9,3,9;1,0,34,25,35,25,35,29,32,29,32,32,35,32;0,-1,10,3,10,1,12,1,12,4,11,4,11,3;0,-1,2,4,2,3,1,3,1,5,3,5,3,3;0,1,32,38,29,38,29,36,32,36,32,37;1,0,29,0,34,0,34,1,35,1;1,0,20,37,20,40,25,40,25,39,30,39;1,0,39,0,36,0,36,1,37,1
30,36|-1,0,9,31,8,31;-1,0,8,30,7,30;0,1,5,27,5,28;-1,0,7,29,6,29;-1,0,7,28,6,28;-1,0,11,31,10,31;-1,0,10,30,9,30;1,0,21,9,22,9;-1,0,9,29,8,29;0,1,11,29,11,30;-1,0,9,28,8,28;1,0,21,7,22,7;0,-1,19,6,17,6,17,5;0,1,5,24,5,26,6,26,6,27;-1,0,8,26,8,27,7,27;0,1,13,29,13,30,12,30,12,31;-1,0,6,24,8,24,8,25,6,25;0,1,10,29,10,28,12,28,12,29;1,0,21,8,20,8,20,6,22,6;0,1,9,27,9,25,10,25,10,27;0,-1,20,10,20,9,19,9,19,7;-1,0,14,31,15,31,15,28,13,28;1,0,17,8,18,8;0,1,10,22,10,23,9,23,9,24;0,1,17,30,17,29,18,29,18,31;0,1,17,26,17,28,16,28,16,30;-1,0,12,25,12,27,11,27;0,1,18,28,19,28,19,30;0,-1,18,13,18,11;0,1,22,27,20,27,20,28,22,28,22,29;1,0,24,15,24,14,25,14;0,-1,9,8,10,8,10,7;0,-1,22,13,22,12;0,1,14,22,14,23;0,1,12,23,12,24,13,24,13,26;-1,0,16,24,16,25,15,25;-1,0,11,8,11,9,10,9;0,-1,24,13,24,11;-1,0,8,10,8,13,6,13;0,-1,9,11,10,11,10,10;0,1,23,25,23,24,20,24,20,26;-1,0,19,27,19,25,17,25;1,0,18,24,19,24;-1,0,10,12,9,12,9,14,8,14;0,1,15,22,16,22,16,23;0,1,14,20,14,21,13,21,13,23;1,0,16,10,16,9,17,9;-1,0,12,9,12,10,11,10;1,0,20,23,21,23;-1,0,11,11,12,11,12,13,10,13;1,0,15,7,14,7,14,8,16,8;0,-1,23,11,23,14,21,14,21,12;-1,0,17,24,17,21,15,21;0,1,18,22,18,23;0,-1,11,7,13,7,13,10,15,10,15,9;0,-1,20,14,20,12;-1,0,11,15,12,15,12,14,10,14;-1,0,14,13,14,11,13,11;0,1,19,21,19,23;0,1,20,22,20,21,21,21,21,22;1,0,22,17,22,16,25,16;0,1,21,20,22,20,22,22;0,-1,17,15,17,14;-1,0,14,16,12,16;0,-1,14,14,15,14,15,11;0,1,22,18,22,19,20,19,20,20;-1,0,15,18,13,18,13,20,12,20;-1,0,16,17,15,17;0,-1,22,15,19,15,19,12;-1,0,16,18,16,19,14,19;-1,0,16,14,16,15,13,15;0,1,19,19,19,20,18,20,18,21;0,1,21,18,21,16,19,16,19,17;-1,0,18,14,18,16,15,16;0,1,15,20,17,20,17,17,18,17,18,19;-1,0,22,30,22,32,26,32,26,36,21,36,21,32,16,32;0,1,7,33,7,31,4,31,4,27,3,27,3,29;0,-1,0,12,0,14,1,14,1,12,5,12,5,7;0,-1,24,6,27,6,27,4,29,4,29,9,25,9,25,7;-1,0,8,20,3,20,3,15,8,15,8,17,6,17;-1,0,25,5,22,5,22,1,18,1,18,3,14,3;0,-1,8,7,8,5,5,5,5,2;0,1,30,14,30,16,29,16,29,18,27,18,27,23;-1,0,8,36,8,35,5,35,5,33,2,33,2,28,1,28;0,1,16,33,16,36,11,36,11,32,15,32,15,34;-1,0,10,4,6,4,6,1,2,1;1,0,28,31,23,31,23,27,24,27,24,25,25,25;0,1,8,34,8,32,10,32,10,33;0,1,2,27,2,26,0,26,0,29,1,29,1,30;0,1,17,36,20,36,20,33,17,33,17,35;0,1,30,25,30,21,29,21,29,25;0,-1,11,0,8,0,8,1,7,1,7,3,9,3,9,1;0,-1,19,4,16,4,16,6,13,6,13,5;0,-1,9,6,11,6,11,4,13,4,13,2;0,1,24,30,25,30,25,27,30,27,30,32,27,32,27,34;0,1,1,33,1,31,0,31,0,34,3,34,3,35;-1,0,11,26,11,22,12,22,12,21,10,21;0,-1,0,5,0,7,4,7,4,11,1,11,1,8;-1,0,6,8,6,10,7,10,7,6,4,6,4,4,2,4;-1,0,11,16,11,17,9,17,9,21,6,21,6,23,2,23;-1,0,0,0,0,2,2,2,2,3,4,3,4,2,3,2;-1,0,4,25,0,25,0,22,2,22,2,18,1,18;0,-1,11,2,11,1,10,1,10,3,12,3,12,1;1,0,28,10,25,10,25,13,28,13;1,0,20,0,23,0,23,2,25,2
31,39|0,1,5,30,5,31;0,1,6,31,6,32;0,1,5,28,5,29;-1,0,6,27,5,27;-1,0,7,26,6,26;-1,0,7,28,6,28;-1,0,8,27,7,27;-1,0,7,18,6,18;1,0,25,13,26,13;-1,0,7,29,6,29;0,-1,20,7,20,6;0,-1,13,8,13,7,14,7,14,6;0,-1,12,5,12,8,11,8,11,6;0,1,12,32,11,32,11,34;0,-1,17,7,16,7,16,6;1,0,24,14,25,14;-1,0,7,23,7,22,6,22;0,-1,17,8,15,8,15,6;0,-1,22,7,22,8,21,8,21,7;0,1,10,34,10,32,8,32,8,33;0,-1,11,11,11,10;-1,0,8,17,7,17;0,-1,8,11,8,13,10,13,10,10;0,-1,13,11,12,11,12,9;-1,0,16,9,16,10,15,10;0,-1,14,12,14,11;0,-1,22,10,20,10,20,8;0,1,11,30,12,30,12,31;1,0,24,13,24,12,25,12;0,1,17,28,17,29;-1,0,10,14,9,14,9,16,8,16;0,-1,15,13,15,12;0,-1,17,9,18,9,18,8,19,8,19,7;-1,0,11,13,13,13,13,12,11,12;0,1,10,30,9,30,9,31;0,1,20,29,20,28,19,28,19,31;0,-1,23,8,23,10,24,10,24,9;0,-1,22,12,22,11,19,11,19,9;0,-1,23,13,23,11,25,11,25,10;0,-1,17,10,17,12,18,12,18,11;0,-1,17,13,16,13,16,11;0,-1,21,15,22,15,22,13;-1,0,9,28,8,28;-1,0,12,14,11,14,11,15,10,15;0,-1,16,14,18,14,18,13;-1,0,14,13,14,14,13,14;0,1,13,30,13,32,14,32,14,33;-1,0,7,32,7,30,6,30;0,-1,20,18,20,16,23,16,23,14;0,1,12,28,12,29,14,29,14,31;0,1,10,27,10,29,8,29,8,31;0,-1,17,15,15,15,15,14;0,1,8,26,8,24,7,24,7,25;1,0,18,30,18,27,20,27;0,-1,6,21,7,21,7,19;1,0,16,18,16,16,18,16;0,1,15,27,15,26,16,26,16,29;0,1,13,24,13,27,11,27,11,29;0,1,11,25,9,25,9,27;0,-1,9,17,9,20,8,20,8,18;0,1,14,21,15,21,15,23;0,1,9,23,9,24,12,24,12,26;-1,0,12,18,10,18;0,-1,8,23,8,22,10,22,10,20;-1,0,11,16,12,16,12,17,11,17;-1,0,12,19,12,20,11,20;-1,0,15,16,13,16,13,15,12,15;1,0,14,17,15,17;1,0,17,27,17,26,20,26,20,23,21,23;0,-1,18,20,20,20,20,19;0,-1,11,22,12,22,12,21;1,0,13,17,13,18,15,18;-1,0,14,20,13,20,13,23,11,23;0,-1,18,22,17,22,17,19;-1,0,15,20,16,20,16,19,13,19;0,1,27,9,31,9,31,14,29,14,29,18,24,18,24,23;-1,0,15,5,15,4,10,4,10,0,7,0,7,1,4,1;0,-1,21,5,19,5,19,1,22,1,22,6,24,6,24,1;1,0,12,35,10,35,10,39,14,39,14,36,19,36;-1,0,0,16,3,16,3,21,5,21,5,26,4,26;1,0,18,38,18,39,16,39,16,37,20,37,20,34,25,34;-1,0,6,35,9,35,9,39,7,39,7,38,3,38;-1,0,4,25,1,25,1,28,4,28,4,31,1,31;-1,0,2,0,2,4,7,4,7,8,10,8,10,5,8,5;1,0,22,27,22,31,26,31,26,35,21,35,21,36,24,36;0,1,26,38,31,38,31,33,29,33,29,28,27,28,27,31;-1,0,3,5,6,5,6,6,3,6;0,-1,18,7,18,5,17,5,17,3,15,3,15,1;0,1,0,27,0,32,1,32,1,35;-1,0,8,38,8,36,6,36;1,0,21,0,25,0,25,3,27,3;0,1,28,32,28,36,25,36,25,38;-1,0,3,35,2,35,2,34,4,34,4,36,2,36;1,0,25,5,28,5,28,0,26,0,26,1,27,1;-1,0,6,20,6,19,4,19,4,15,2,15;0,-1,1,14,3,14,3,9,0,9,0,5,1,5,1,1;-1,0,4,24,4,22,0,22,0,17,2,17,2,21,1,21;1,0,27,8,27,6,29,6,29,1,30,1;-1,0,0,23,3,23,3,24,1,24;1,0,26,27,26,29,24,29,24,26,27,26;1,0,30,5,30,7,28,7,28,8,30,8;1,0,31,16,31,21,27,21,27,25,30,25;-1,0,0,13,2,13,2,11,1,11;0,-1,11,0,14,0,14,3,11,3,11,2;0,1,21,39,23,39,23,37,21,37,21,38
31,36|-1,0,6,22,5,22;-1,0,6,21,5,21;-1,0,6,26,5,26;-1,0,6,13,5,13;-1,0,7,12,6,12;-1,0,7,11,6,11;-1,0,7,27,6,27;-1,0,7,25,6,25;-1,0,8,20,7,20;-1,0,8,19,7,19;0,1,16,30,16,31;0,1,12,30,12,31;0,1,15,30,15,31;0,1,25,26,23,26,23,28;-1,0,7,21,7,23,6,23;-1,0,8,28,7,28;-1,0,9,27,8,27,8,26,7,26;0,1,16,29,17,29,17,30;-1,0,10,25,8,25,8,24,6,24;1,0,19,28,19,31,21,31;1,0,25,14,25,15,26,15;0,-1,12,9,13,9,13,7;1,0,25,25,23,25,23,24,26,24;-1,0,10,29,10,28,9,28;1,0,23,12,24,12;0,-1,10,8,8,8,8,9,6,9,6,6;0,1,12,29,13,29,13,30;1,0,21,9,23,9,23,8,25,8;-1,0,10,27,11,27,11,30,8,30;1,0,23,11,24,11;-1,0,7,16,8,16,8,18,6,18;-1,0,7,15,7,14,6,14;0,1,12,28,14,28,14,30;0,1,16,28,15,28,15,29;-1,0,8,15,8,13,7,13;0,-1,23,7,20,7,20,5;0,-1,22,8,19,8,19,6;1,0,21,24,21,23,24,23;0,1,19,25,19,27,18,27,18,30;0,1,12,26,12,27;-1,0,10,22,10,21,8,21;-1,0,9,24,11,24,11,26,9,26;-1,0,10,12,8,12,8,10,6,10;0,1,10,23,12,23,12,25,13,25,13,27;0,1,9,17,9,20;-1,0,9,16,9,15,10,15,10,13,9,13;0,-1,21,12,21,13,20,13,20,11;-1,0,11,15,13,15,13,16,10,16;1,0,25,13,22,13,22,10,24,10;1,0,25,17,23,17,23,16,24,16;-1,0,10,19,10,20,12,20,12,22,11,22;0,1,15,25,15,26;-1,0,11,9,10,9,10,11,9,11;-1,0,14,11,12,11,12,10,11,10;1,0,23,21,24,21;0,1,18,24,18,26;0,-1,12,13,13,13,13,12;0,-1,15,9,15,10,14,10,14,9;1,0,21,20,22,20,22,22,24,22;-1,0,13,20,14,20,14,19,11,19;0,-1,19,13,18,13,18,11;-1,0,15,21,15,22,13,22;-1,0,16,20,15,20;1,0,24,15,22,15,22,14,24,14;-1,0,14,12,14,14,12,14;0,-1,15,13,15,11;1,0,22,19,20,19,20,22,21,22;0,1,21,18,21,16,22,16,22,18;0,1,16,25,16,27,17,27,17,28;-1,0,16,12,16,13,17,13,17,11,16,11;-1,0,17,26,17,24,15,24;0,-1,12,18,14,18,14,15;-1,0,17,22,17,23,15,23;0,1,18,22,18,20,19,20,19,22;1,0,20,17,20,15,21,15;0,1,16,16,16,19,17,19,17,20;0,-1,4,28,0,28,0,23,1,23,1,20;0,1,18,35,13,35,13,31,14,31,14,34;0,1,26,10,26,14,31,14,31,16,28,16,28,18;-1,0,0,12,0,16,2,16,2,19,4,19,4,15,1,15;1,0,18,0,18,4,13,4,13,0,8,0,8,4,12,4;1,0,26,5,26,0,24,0,24,1,19,1,19,4,24,4;0,1,29,20,29,24,31,24,31,29,28,29,28,32;0,1,3,23,3,27,5,27,5,28,6,28,6,31;0,-1,31,9,31,5,27,5,27,10,30,10,30,8;-1,0,12,33,10,33,10,36,5,36,5,35,1,35;0,-1,0,11,0,10,1,10,1,6;0,1,22,36,27,36,27,34,31,34,31,30,30,30,30,32;-1,0,7,3,2,3,2,0,7,0,7,1,4,1;0,-1,27,3,27,0,31,0,31,4,29,4,29,3;-1,0,12,7,10,7,10,5,6,5,6,4,1,4;-1,0,7,34,3,34,3,33,5,33,5,29,3,29;-1,0,2,10,5,10,5,5,4,5;-1,0,4,31,2,31,2,34,1,34;0,-1,17,1,17,3,14,3,14,1;1,0,29,12,29,13,27,13,27,11,29,11;0,-1,0,0,1,0,1,1,0,1,0,3,1,3,1,2;0,1,18,31,17,31,17,32,19,32,19,35;0,1,30,33,26,33,26,35,25,35,25,32,20,32,20,33;-1,0,4,6,4,9,3,9,3,5,1,5;0,1,24,33,24,34,20,34,20,35;1,0,30,15,27,15,27,18,25,18,25,19,28,19;1,0,31,19,31,17,29,17,29,19,30,19;0,-1,14,0,16,0,16,2,15,2,15,1;-1,0,0,30,2,30,2,29,1,29;0,1,14,36,11,36,11,34,12,34,12,35
33,38|1,0,27,14,28,14;-1,0,7,26,6,26;-1,0,7,25,6,25;-1,0,6,24,5,24;-1,0,7,28,6,28;-1,0,8,27,7,27;-1,0,11,33,10,33;0,1,9,31,9,32;0,1,10,31,10,32;0,1,11,31,11,32;-1,0,9,30,8,30;-1,0,9,28,8,28;-1,0,10,27,9,27;-1,0,13,33,12,33;-1,0,13,31,12,31;1,0,26,15,27,15;1,0,21,7,24,7,24,8,27,8;-1,0,14,33,14,32,12,32;0,1,7,29,10,29,10,30;0,-1,18,8,18,7,19,7,19,5;0,-1,22,9,21,9,21,8,20,8,20,7;-1,0,11,30,11,28,10,28;0,1,14,29,14,31;0,1,7,22,7,24,8,24,8,26;1,0,15,31,17,31;0,-1,20,10,20,9;0,-1,18,9,17,9,17,7;0,-1,22,11,22,10,24,10,24,9;1,0,26,10,26,9,27,9;-1,0,12,29,12,27,11,27;1,0,16,30,18,30;0,-1,13,7,13,9,16,9,16,8;0,-1,15,11,15,10;0,1,9,22,9,25;1,0,25,9,25,11,26,11;-1,0,15,27,15,28,13,28;0,-1,20,12,20,11,21,11,21,10;0,-1,15,12,13,12,13,11;1,0,15,30,15,29,18,29;1,0,24,11,24,12,26,12;-1,0,11,16,11,18,9,18;0,-1,26,13,23,13,23,11;0,-1,16,12,16,10,19,10,19,9;1,0,17,27,17,28,18,28;0,-1,17,13,17,12;0,-1,10,19,10,21,9,21,9,19;1,0,23,17,24,17,24,16,26,16;0,-1,18,14,18,13;0,-1,22,13,21,13,21,12;-1,0,12,16,12,14,11,14;0,1,13,24,12,24,12,26;-1,0,15,13,15,14,13,14;1,0,20,19,21,19;0,1,14,25,16,25,16,28;0,1,10,24,10,26;-1,0,16,13,16,15,13,15;-1,0,11,26,11,23,10,23;-1,0,14,21,12,21;-1,0,14,24,14,23,12,23,12,22,10,22;-1,0,12,18,14,18,14,16,13,16;1,0,24,15,25,15,25,14,26,14;1,0,22,15,21,15,21,14,24,14;0,1,17,26,17,23,20,23,20,25;-1,0,14,19,13,19,13,20,11,20;-1,0,15,18,15,20,14,20;-1,0,16,20,16,22,13,22;0,-1,16,19,16,18;-1,0,18,21,18,22,17,22;0,-1,19,11,19,14,20,14,20,13;1,0,17,14,17,15,20,15;0,1,19,22,21,22,21,24;-1,0,20,16,18,16;-1,0,18,19,18,20,17,20;0,-1,17,18,18,18,18,17;1,0,20,18,22,18,22,16,23,16;1,0,21,17,19,17,19,20,21,20;0,-1,29,18,33,18,33,13,31,13,31,9,28,9,28,5;1,0,16,0,16,2,21,2,21,6,26,6,26,1,29,1;1,0,23,26,19,26,19,30,21,30,21,34,23,34;0,-1,4,29,4,25,1,25,1,21,3,21,3,17;-1,0,4,21,4,18,8,18,8,13,3,13;0,1,0,23,0,28,2,28,2,32,5,32,5,37;0,1,27,29,31,29,31,24,26,24,26,19,30,19,30,22;0,1,22,25,26,25,26,29,25,29,25,34;1,0,19,36,22,36,22,38,25,38,25,36,30,36;0,-1,0,19,2,19,2,16,0,16,0,13,1,13,1,9;1,0,33,2,33,0,31,0,31,2,27,2,27,3,31,3;0,-1,9,13,9,17,10,17,10,15;0,-1,13,4,13,6,9,6,9,1;1,0,33,38,33,33,31,33,31,35,27,35,27,32,32,32;-1,0,9,0,6,0,6,1,8,1,8,4,6,4;0,-1,5,11,5,8,2,8,2,4;-1,0,6,11,8,11,8,7,3,7,3,3,1,3;0,1,7,38,7,36,9,36,9,33,6,33,6,36;0,-1,30,1,30,0,25,0,25,5,22,5,22,4;1,0,24,37,24,35,26,35,26,30,29,30,29,31,31,31;-1,0,4,6,4,3,6,3,6,2,3,2;0,-1,21,0,24,0,24,2,23,2,23,4,24,4,24,3;-1,0,5,38,0,38,0,36,4,36,4,34,3,34;0,-1,1,4,1,5,0,5,0,2,1,2,1,1;0,1,9,37,8,37,8,38,10,38,10,34,13,34,13,37;1,0,27,6,27,4,29,4,29,8,31,8;0,1,21,38,20,38,20,37,18,37,18,34,14,34,14,36;0,-1,13,3,14,3,14,0,10,0,10,5,12,5,12,3;0,1,14,37,14,38,12,38,12,35,11,35,11,37;0,1,15,38,17,38,17,35,15,35,15,37
38,42|-1,0,6,19,5,19;-1,0,7,15,6,15;-1,0,7,16,6,16;1,0,32,26,33,26;1,0,32,27,33,27;-1,0,8,20,7,20;-1,0,8,19,7,19;-1,0,8,9,7,9;0,1,22,34,22,36;1,0,29,16,30,16;0,1,23,34,23,35;1,0,31,32,32,32;0,-1,14,6,17,6,17,5;0,-1,13,8,13,9,12,9,12,7;1,0,25,16,26,16;0,1,33,29,33,30,32,30,32,31;0,-1,10,9,11,9,11,7;0,-1,15,14,15,12;0,-1,12,10,12,12,14,12,14,10;0,-1,11,12,11,10,9,10,9,9;0,-1,15,16,14,16,14,13;0,-1,8,12,8,10;0,-1,12,19,12,17;0,-1,9,13,9,12,10,12,10,11;-1,0,18,12,18,11,17,11;0,-1,7,18,7,17,8,17,8,13;-1,0,9,17,9,18,8,18;0,-1,19,5,19,6,18,6,18,5;1,0,29,12,26,12,26,11,29,11;0,-1,22,8,21,8,21,6;0,-1,8,23,8,21;-1,0,19,7,17,7;-1,0,9,25,8,25;1,0,24,6,24,7,23,7,23,9,24,9;0,-1,20,5,20,9,18,9,18,8;0,-1,29,21,29,22,30,22,30,19;1,0,26,13,27,13;0,-1,16,9,17,9,17,10,21,10,21,9;0,1,11,29,11,30;0,-1,19,12,21,12,21,11;0,1,25,33,24,33,24,35;-1,0,15,33,16,33,16,35,14,35;1,0,18,37,19,37,19,36,21,36;0,-1,25,11,23,11,23,10,22,10,22,9;0,-1,20,15,21,15,21,13;0,-1,15,17,19,17,19,13;0,1,29,32,29,31,30,31,30,33;-1,0,24,12,22,12;0,1,12,29,13,29,13,31;0,-1,18,18,14,18,14,17;1,0,22,13,25,13,25,14,27,14;1,0,27,15,24,15,24,17,25,17;-1,0,10,16,10,14,9,14;0,1,11,28,14,28,14,30;-1,0,11,22,9,22,9,24,8,24;0,-1,28,21,25,21,25,18;0,-1,9,20,9,19;0,1,31,31,31,28,32,28,32,29;0,1,9,31,9,27,10,27,10,30;0,-1,31,22,32,22,32,25,31,25,31,24;0,1,31,26,31,27,30,27,30,30;0,-1,26,24,25,24,25,22;0,-1,12,20,10,20,10,18,11,18,11,14;-1,0,14,25,13,25,13,26,9,26;-1,0,13,17,13,21,9,21;0,-1,28,24,28,26,30,26,30,25;0,-1,24,22,24,19;0,1,28,33,26,33,26,30,28,30,28,32;0,1,19,34,19,35,18,35,18,36;0,1,29,29,29,28,27,28,27,29;-1,0,18,31,18,32,17,32,17,36,15,36;-1,0,12,22,13,22,13,23,12,23;-1,0,12,24,15,24,15,27,12,27;0,1,19,31,19,33,18,33,18,34;0,1,23,33,23,31,25,31,25,32;0,1,21,35,21,32,20,32,20,35;0,-1,14,23,16,23,16,21,15,21,15,19;0,-1,23,19,23,21,21,21,21,19;-1,0,17,21,17,24,16,24;1,0,25,30,25,27,29,27;1,0,19,20,20,20,20,22,23,22;1,0,23,27,23,26,27,26;0,1,20,31,20,30,22,30,22,33;-1,0,18,23,18,25,17,25;1,0,21,29,19,29,19,26,22,26;1,0,23,24,24,24,24,25,25,25;1,0,21,24,22,24,22,23,24,23;1,0,18,21,19,21,19,25,22,25;1,0,13,35,9,35,9,38,12,38;1,0,23,40,20,40,20,37,24,37,24,41,29,41;0,-1,26,17,28,17,28,13,31,13,31,8,33,8,33,6;-1,0,7,4,12,4,12,0,16,0,16,1,13,1;0,1,0,17,0,22,3,22,3,27,1,27,1,31;0,-1,24,0,21,0,21,1,26,1,26,6,29,6,29,2;0,1,32,21,31,21,31,20,33,20,33,25,35,25,35,27;1,0,30,42,33,42,33,39,28,39,28,34,33,34;0,-1,4,21,1,21,1,18,5,18,5,16,3,16,3,11;1,0,38,32,38,30,37,30,37,33,34,33,34,30,36,30;-1,0,13,6,11,6,11,5,7,5,7,8,3,8;-1,0,7,0,7,3,11,3,11,2,8,2;1,0,36,9,36,14,31,14,31,19,34,19,34,24,36,24;-1,0,5,25,5,27,8,27,8,29,5,29,5,33,1,33;0,-1,3,7,3,6,6,6,6,1;1,0,38,15,38,10,37,10,37,5,33,5,33,1,37,1;1,0,30,37,33,37,33,36,29,36,29,38,34,38;1,0,35,38,38,38,38,42,34,42,34,41,36,41;1,0,38,20,38,25,36,25,36,27,37,27;0,-1,16,5,13,5,13,4,17,4,17,3;1,0,38,0,38,2,34,2,34,3,35,3;-1,0,2,23,0,23,0,26,2,26,2,25,1,25;0,-1,0,10,0,12,1,12,1,7;-1,0,14,38,14,42,11,42,11,39,8,39;0,1,12,31,10,31,10,34,5,34,5,38,7,38,7,41;0,1,0,30,0,35,3,35,3,38;0,1,1,37,1,39,6,39,6,40;-1,0,0,9,0,6,1,6,1,5,3,5,3,3,1,3;1,0,38,34,37,34,37,37,34,37,34,36,35,36;0,-1,36,0,32,0,32,4,30,4,30,1;-1,0,2,11,2,15,1,15;0,1,14,36,11,36,11,37,16,37,16,38,19,38,19,41;0,-1,17,2,17,0,20,0,20,4,18,4,18,3;-1,0,0,40,2,40,2,42,5,42,5,40,4,40;1,0,35,18,32,18,32,16,35,16;0,-1,29,1,27,1,27,5,28,5,28,2;-1,0,4,3,4,5,5,5,5,2,4,2;0,1,17,42,15,42,15,39,18,39,18,41;1,0,37,22,35,22,35,19,36,19;1,0,34,26,34,29,35,29;-1,0,6,0,5,0,5,1,3,1;1,0,37,15,36,15,36,18,37,18;0,-1,0,5,0,2,1,2,1,1
35,39|0,1,5,20,5,21;0,1,6,21,6,22;-1,0,7,20,6,20;-1,0,7,19,6,19;-1,0,7,18,6,18;-1,0,8,21,7,21;-1,0,8,22,7,22;-1,0,7,17,6,17;-1,0,9,18,8,18;-1,0,13,7,12,7;0,-1,9,9,9,12,10,12,10,11;1,0,29,17,29,18,30,18;0,1,19,33,17,33,17,31,18,31,18,32;-1,0,14,7,15,7,15,8,14,8;0,1,12,32,13,32,13,34;0,-1,23,11,23,9;1,0,29,19,28,19,28,22,29,22;0,1,14,33,14,32,15,32,15,34;0,1,19,30,19,32,20,32,20,33;0,1,12,31,11,31,11,32;1,0,27,20,25,20,25,22,26,22;0,1,14,31,16,31,16,34;0,-1,22,11,22,9;0,1,8,27,8,29,10,29,10,30;-1,0,9,21,9,20,8,20;1,0,30,16,29,16,29,14,30,14;1,0,26,24,26,23,27,23;0,-1,10,16,10,13,11,13,11,12;0,1,29,27,28,27,28,26,27,26,27,29;0,1,9,27,9,28,11,28,11,30;1,0,27,14,27,15,28,15,28,13,30,13;1,0,25,23,23,23,23,20,24,20;1,0,25,8,26,8,26,11,27,11;0,-1,23,12,24,12,24,11,25,11,25,10;1,0,27,16,27,18,28,18;1,0,21,8,21,7,19,7,19,9,21,9;-1,0,18,6,18,5,17,5,17,6,14,6;-1,0,16,8,18,8,18,7,16,7;0,1,17,27,17,29;1,0,25,15,25,16,26,16,26,19,27,19;1,0,26,14,26,12,29,12;0,1,17,26,16,26,16,27;1,0,25,26,26,26,26,25,27,25;0,-1,17,9,15,9,15,11,13,11,13,10;0,-1,25,12,25,14,24,14,24,13;-1,0,8,14,9,14,9,16,8,16;1,0,25,24,24,24,24,27,26,27;-1,0,14,13,15,13,15,12,14,12;1,0,19,11,20,11,20,10,21,10;1,0,23,25,20,25,20,26,23,26;-1,0,8,17,10,17,10,19,8,19;0,-1,22,13,22,15,23,15,23,14;1,0,21,28,22,28;-1,0,18,11,18,12,17,12;1,0,18,23,18,24,19,24;0,1,10,24,8,24,8,26;0,1,7,23,9,23,9,22,11,22,11,24;0,-1,12,16,12,17,11,17,11,15;1,0,21,29,19,29,19,27,22,27;0,-1,25,19,25,17,24,17,24,15;1,0,18,28,18,26,19,26;-1,0,19,12,19,13,16,13,16,14,14,14;1,0,13,31,13,30,15,30;1,0,15,24,17,24,17,25,19,25;-1,0,11,18,13,18,13,20,10,20;0,1,19,22,17,22,17,23;0,-1,22,16,23,16,23,17,21,17,21,15;0,-1,10,21,12,21,12,22,14,22,14,19;1,0,21,18,18,18,18,20,19,20;-1,0,12,30,12,29,14,29,14,27,13,27;0,1,13,25,13,26,15,26,15,27;0,1,17,21,16,21,16,23;1,0,20,15,20,16,18,16,18,14,19,14;-1,0,14,25,14,24,13,24;0,-1,14,23,15,23,15,20,16,20,16,18;0,1,20,17,17,17,17,19;0,1,22,36,22,39,17,39,17,36,13,36,13,38;0,-1,31,22,31,17,35,17,35,14,31,14,31,10;0,-1,10,10,10,6,13,6,13,4;0,-1,7,24,3,24,3,21,0,21,0,16,1,16,1,12;-1,0,16,39,16,37,14,37,14,39,9,39,9,37,7,37;0,1,33,23,31,23,31,28,33,28,33,30;0,-1,26,3,26,5,24,5,24,8,22,8,22,5;0,-1,17,2,13,2,13,0,8,0,8,5,4,5,4,1;1,0,23,2,18,2,18,0,22,0,22,1,24,1;1,0,24,0,27,0,27,1,31,1,31,5,33,5;0,1,23,30,23,28,24,28,24,31,29,31,29,35;0,1,35,39,33,39,33,36,29,36,29,38;-1,0,2,34,4,34,4,39,8,39,8,38,6,38;-1,0,0,39,0,38,3,38,3,35,2,35;0,-1,1,7,0,7,0,9,2,9,2,6;-1,0,3,20,3,18,5,18,5,13,8,13,8,11,6,11;0,-1,3,0,7,0,7,4,5,4,5,3;1,0,30,2,30,3,29,3,29,6,32,6,32,11,34,11;0,1,31,39,27,39,27,35,23,35,23,32,28,32,28,35;0,-1,3,5,1,5,1,6,0,6,0,4,2,4,2,2;-1,0,10,35,10,34,12,34,12,36,9,36,9,31,5,31;1,0,31,30,31,33,32,33,32,29,30,29,30,34,32,34;0,-1,35,2,35,6,34,6,34,2;1,0,34,37,35,37,35,33,33,33,33,31,34,31;-1,0,7,8,5,8,5,11,2,11;-1,0,5,30,7,30,7,29,5,29,5,27,3,27;-1,0,8,32,8,33,4,33,4,29,1,29;0,1,25,38,23,38,23,39,26,39,26,36,23,36,23,37;-1,0,0,37,0,33,3,33,3,32,2,32;1,0,34,22,34,24,32,24,32,26,34,26
32,40|-1,0,9,34,8,34;1,0,24,11,25,11;1,0,24,12,25,12;-1,0,11,35,10,35;1,0,23,10,24,10;1,0,22,11,23,11;-1,0,6,15,5,15;1,0,22,12,23,12;1,0,21,10,22,10;0,1,7,33,10,33,10,34;-1,0,12,34,11,34;1,0,27,16,27,15,26,15,26,13,27,13;0,1,9,32,11,32,11,33;-1,0,8,32,8,29,7,29;-1,0,10,25,8,25,8,28,6,28;-1,0,5,13,8,13,8,14,6,14;-1,0,10,31,12,31,12,30,9,30;-1,0,10,29,9,29;1,0,23,24,23,26,25,26;-1,0,12,33,13,33,13,35,12,35;-1,0,8,10,8,11,6,11;1,0,18,34,21,34,21,33,23,33;0,-1,8,9,10,9,10,8;-1,0,15,33,14,33,14,32,13,32;0,1,16,32,16,34,14,34,14,35;-1,0,13,31,14,31,14,29,11,29;1,0,20,7,20,9,22,9;0,-1,9,11,9,10,11,10,11,9;-1,0,9,13,10,13,10,14,9,14;0,-1,20,10,19,10,19,7,18,7,18,5;1,0,21,12,21,13,24,13;0,1,15,28,15,31;1,0,18,33,20,33;-1,0,14,7,13,7,13,9,12,9;-1,0,17,33,17,31,16,31;1,0,22,20,23,20,23,23,25,23;0,1,22,32,20,32,20,31,18,31,18,32;0,1,16,28,16,30;-1,0,12,26,11,26,11,28,10,28;0,-1,9,12,10,12,10,11;0,1,18,30,18,28,17,28,17,29;0,-1,26,16,24,16,24,15,25,15,25,14;-1,0,13,26,13,25,11,25;1,0,21,26,21,27,23,27;0,-1,18,9,18,12,20,12,20,11;1,0,17,9,15,9,15,7,16,7;1,0,21,14,23,14,23,17,25,17;1,0,24,18,22,18,22,19,24,19;1,0,20,22,20,24,21,24;-1,0,14,8,14,10,13,10,13,11,11,11;0,1,15,25,15,26;0,1,16,26,16,24,14,24,14,27;1,0,19,20,19,21,22,21;-1,0,10,21,11,21,11,20,10,20;-1,0,11,16,9,16;0,-1,12,12,14,12,14,11;-1,0,11,17,11,18,9,18;0,1,18,27,19,27,19,29,20,29,20,30;0,-1,14,13,11,13,11,12;1,0,22,31,22,28,20,28,20,25,22,25;-1,0,12,17,12,19,11,19;-1,0,13,14,11,14,11,15,9,15;1,0,19,26,17,26,17,25,19,25;0,-1,13,16,12,16,12,15,14,15,14,14;0,-1,19,14,19,13,17,13,17,12;0,1,22,15,22,17,21,17,21,19;1,0,19,18,19,17,20,17;1,0,16,13,16,14,18,14;1,0,17,16,17,17,18,17,18,16,21,16;0,1,17,21,16,21,16,22;0,1,12,24,12,22,11,22,11,24;0,-1,14,16,15,16,15,14;-1,0,18,15,16,15,16,17,13,17;-1,0,13,18,13,20,12,20;1,0,19,24,19,22,18,22,18,19,19,19;0,-1,17,18,17,20,15,20,15,18;0,1,14,18,14,21,13,21,13,24;0,-1,30,16,30,21,31,21,31,23,29,23,29,20;0,1,7,9,4,9,4,12,0,12,0,17,1,17,1,19;0,-1,32,9,32,14,28,14,28,9;0,1,28,25,32,25,32,30,27,30,27,35,23,35,23,39;0,1,5,25,7,25,7,22,4,22,4,27,1,27,1,32;-1,0,15,6,15,2,11,2,11,6,6,6;-1,0,17,37,18,37,18,35,16,35,16,39,11,39;-1,0,0,21,0,25,3,25,3,21,1,21;0,1,0,30,0,34,5,34,5,39;1,0,26,12,27,12,27,11,26,11,26,6,29,6;1,0,32,5,32,1,30,1,30,6,31,6;0,-1,0,6,0,9,1,9,1,7;1,0,27,10,27,7,29,7;0,1,4,39,0,39,0,35,4,35,4,38;-1,0,7,15,8,15,8,16,7,16,7,20,5,20;0,-1,0,5,0,3,1,3,1,6,5,6,5,3;0,-1,16,0,16,2,19,2,19,6,21,6,21,3;1,0,23,40,28,40,28,39,30,39;1,0,29,8,29,10,30,10,30,7,31,7;-1,0,11,0,6,0,6,2,4,2;-1,0,2,20,2,18,4,18,4,20,3,20;0,1,14,36,14,37,10,37,10,39;0,-1,25,10,25,8,21,8,21,7,22,7,22,2;0,-1,2,3,2,5,3,5,3,2;0,1,14,40,17,40,17,38,18,38,18,39;0,1,7,34,6,34,6,31,2,31,2,29,6,29,6,30;1,0,25,18,25,19,27,19,27,24,31,24;0,-1,4,0,0,0,0,2,2,2,2,1;0,1,6,37,6,39,9,39,9,35,7,35,7,37;0,-1,20,0,20,2,21,2,21,1
33,40|-1,0,11,35,10,35;0,1,7,29,7,30;1,0,24,6,25,6;1,0,25,7,26,7;0,1,8,28,8,29;0,1,9,27,9,28;0,1,10,26,10,27;-1,0,13,35,12,35;0,-1,21,6,21,5;0,-1,22,7,22,6;0,-1,21,8,21,7;0,1,8,26,8,27;0,1,5,27,5,28;-1,0,8,16,7,16;1,0,25,8,26,8;0,-1,24,8,24,7;0,-1,22,9,22,8;0,1,7,26,7,28,6,28,6,29;0,1,14,34,14,35;0,-1,26,9,23,9,23,6;0,-1,22,12,22,10,21,10,21,9;-1,0,12,33,13,33,13,34,11,34;0,-1,13,8,13,6;-1,0,10,17,8,17;0,-1,23,12,24,12,24,10;-1,0,9,26,9,25,7,25;-1,0,13,30,13,28,12,28;-1,0,12,6,12,8,11,8,11,9,10,9;-1,0,15,27,15,26,13,26;1,0,26,10,26,12,28,12;1,0,25,10,25,13,28,13;0,1,11,24,11,25;0,-1,9,10,12,10,12,9;-1,0,7,20,7,21,6,21;1,0,25,18,25,15,27,15;-1,0,14,33,15,33,15,32,12,32;-1,0,17,6,17,7,16,7;0,-1,10,11,10,12,8,12,8,10;-1,0,14,29,14,31,13,31;1,0,18,32,17,32,17,30,18,30;-1,0,8,13,8,15,7,15;0,-1,19,9,19,8,20,8,20,7;0,1,12,21,12,23,10,23,10,25;-1,0,17,10,17,8,18,8,18,5,15,5;0,-1,15,12,17,12,17,11;-1,0,8,24,8,22,6,22;0,1,14,28,15,28,15,31;1,0,20,17,23,17,23,16,24,16;0,1,8,20,8,21,9,21,9,24;0,1,7,19,10,19,10,21;0,1,19,29,17,29,17,28,16,28,16,29;1,0,19,20,20,20;0,-1,18,12,18,9;0,1,11,19,11,21;0,1,13,22,13,24;0,1,18,26,19,26,19,28;1,0,21,16,18,16,18,18,20,18;-1,0,11,11,11,13,9,13;0,1,14,23,14,22,15,22,15,23;0,-1,21,12,21,13,20,13,20,11;-1,0,18,25,17,25,17,27,16,27;0,1,10,18,12,18,12,20;0,1,10,16,10,15,9,15,9,16;0,-1,17,13,19,13,19,10;1,0,18,15,19,15,19,14,20,14;-1,0,13,16,11,16,11,14,9,14;0,-1,20,21,20,22,21,22,21,21;1,0,15,13,16,13,16,14,18,14;-1,0,13,13,13,14,12,14;-1,0,12,15,14,15,14,17,11,17;-1,0,15,17,15,14,14,14,14,12,12,12;1,0,19,19,16,19,16,16,17,16;1,0,19,25,19,23,21,23;1,0,18,20,18,22,19,22;0,1,18,23,17,23,17,24;0,1,17,20,17,22,16,22,16,23;0,-1,16,20,16,21,14,21,14,18;0,1,7,31,7,34,2,34,2,39;0,-1,32,24,30,24,30,22,26,22,26,17,30,17,30,12;1,0,18,40,13,40,13,39,16,39;0,-1,25,0,22,0,22,3,27,3,27,7,30,7,30,4;0,-1,4,23,7,23,7,24,3,24,3,19,5,19,5,15;0,-1,12,0,8,0,8,2,4,2,4,6,9,6,9,1;0,1,12,31,9,31,9,35,6,35,6,38;0,-1,26,5,22,5,22,4,18,4,18,3;0,-1,31,15,31,11,27,11,27,10,31,10,31,5;1,0,29,0,27,0,27,1,32,1;-1,0,7,9,7,13,4,13,4,16,2,16;1,0,2,40,7,40,7,36,9,36,9,38,14,38;1,0,18,34,18,33,16,33,16,35,18,35,18,39,23,39;0,-1,10,2,12,2,12,5,14,5,14,2;0,-1,2,17,0,17,0,14,3,14,3,10,1,10,1,6;0,-1,17,0,21,0,21,3,19,3,19,1;0,1,30,40,25,40,25,36,28,36,28,33,24,33,24,35;0,1,21,40,24,40,24,38,22,38,22,36,24,36,24,37;1,0,27,27,27,24,29,24,29,28,25,28,25,31,27,31;1,0,32,20,32,21,29,21,29,19,32,19;1,0,29,32,29,34,33,34,33,29,30,29,30,26,32,26;-1,0,1,20,0,20,0,24,2,24,2,19,1,19;-1,0,4,1,6,1,6,0,3,0,3,1,1,1;-1,0,0,28,1,28,1,33,6,33,6,31,5,31;-1,0,1,26,1,27,0,27,0,25,4,25,4,27,2,27;1,0,28,2,28,6,29,6,29,2,31,2;1,0,33,35,33,39,30,39,30,37,27,37,27,39,29,39;-1,0,0,2,3,2,3,3,1,3;1,0,33,20,33,23,31,23,31,22,32,22;1,0,27,21,28,21,28,18,31,18,31,16,32,16
33,37|1,0,25,24,26,24;1,0,24,23,25,23;1,0,24,25,25,25;1,0,23,24,24,24;0,1,8,24,8,25;0,1,7,24,7,25;1,0,26,14,27,14;1,0,25,20,26,20;1,0,21,24,22,24;-1,0,7,13,6,13;-1,0,7,9,6,9;0,1,22,29,22,30;0,1,17,31,17,30,16,30,16,31;-1,0,9,13,8,13;0,1,12,29,12,30;0,1,15,32,15,30,14,30,14,32;1,0,24,21,26,21;0,1,6,23,6,25;0,1,9,23,7,23,7,22,5,22,5,25;0,1,10,27,11,27,11,28,10,28,10,29;0,1,20,29,19,29,19,31;0,1,6,20,6,21,8,21,8,22;1,0,24,15,26,15,26,16,28,16;0,1,23,29,23,27,22,27,22,28;1,0,21,27,21,25,23,25,23,26,24,26;0,1,20,25,20,28,21,28,21,29;1,0,23,21,23,22,25,22;-1,0,13,30,13,28,12,28;-1,0,13,24,13,26,11,26;1,0,23,17,23,16,25,16;-1,0,16,29,14,29,14,27,12,27;1,0,24,18,22,18,22,19,23,19;1,0,25,8,25,9,26,9;1,0,22,21,22,23,23,23;-1,0,17,23,15,23,15,24,14,24;0,1,15,27,15,28,18,28,18,30;0,-1,11,8,12,8,12,7,10,7,10,5;-1,0,7,10,7,11,6,11;0,1,17,26,17,27;-1,0,9,15,6,15,6,14,5,14;0,1,19,28,19,26,18,26,18,27;0,1,28,10,26,10,26,12;-1,0,16,24,19,24,19,25,17,25;-1,0,8,10,8,12,7,12;0,1,25,14,25,12,24,12,24,13;1,0,24,7,24,10,25,10;0,1,8,19,9,19,9,20;1,0,21,18,21,20,22,20;0,-1,10,9,13,9,13,7;-1,0,11,10,9,10,9,9,8,9;0,1,18,22,18,23;1,0,21,16,21,17,22,17;-1,0,7,20,7,18,9,18,9,16,8,16;0,1,20,21,20,22,21,22,21,23;0,1,17,20,19,20,19,23;0,1,13,20,12,20,12,21;-1,0,14,10,13,10;0,1,11,18,11,19;1,0,22,8,23,8;0,1,18,19,20,19,20,20;0,-1,20,7,23,7,23,6;0,1,21,12,23,12,23,15;0,-1,21,10,21,8;-1,0,10,13,11,13,11,11,9,11;-1,0,14,11,15,11,15,9,14,9;0,-1,25,11,23,11,23,9;0,-1,13,13,13,14,12,14,12,12;0,-1,22,9,22,11,20,11,20,8;-1,0,11,16,10,16,10,14,9,14;0,1,12,19,12,17,10,17,10,18;0,1,13,17,13,19,14,19,14,21;0,-1,20,12,20,13,18,13,18,10;0,1,20,18,17,18,17,19;0,1,15,18,15,20;0,1,14,13,14,15,13,15,13,16;1,0,16,20,16,17,18,17;0,-1,17,12,17,13,16,13,16,11;-1,0,13,33,9,33,9,28,6,28;1,0,16,34,13,34,13,37,17,37,17,33,22,33;0,1,25,26,29,26,29,23,26,23,26,22,30,22,30,27;-1,0,12,36,7,36,7,31,5,31,5,26,1,26;0,1,27,15,30,15,30,19,32,19,32,21;0,-1,0,13,5,13,5,9,4,9,4,5;1,0,6,1,11,1,11,6,14,6,14,4,19,4;1,0,21,4,22,4,22,6,20,6,20,2,22,2;0,1,31,15,31,18,33,18,33,22,32,22,32,24;0,1,28,28,28,33,32,33,32,35;0,-1,30,11,30,9,28,9,28,5,23,5,23,3;-1,0,5,15,5,18,2,18,2,20,4,20,4,22,3,22;1,0,14,3,14,2,18,2,18,0,23,0,23,1,28,1;1,0,27,12,30,12,30,14,32,14;0,1,27,35,27,31,22,31,22,32,26,32,26,36;1,0,27,0,29,0,29,3,32,3;0,1,0,22,0,27,2,27,2,29,4,29,4,33;-1,0,7,0,4,0,4,3,1,3;-1,0,5,33,5,32,6,32,6,34,2,34;1,0,24,37,27,37,27,36,30,36;-1,0,1,10,4,10,4,11,1,11;1,0,32,15,32,17,33,17,33,13,31,13,31,11,32,11;-1,0,0,14,2,14,2,17,4,17,4,16,3,16;0,-1,33,5,33,2,31,2,31,1;-1,0,1,33,1,34,0,34,0,30,3,30,3,32,1,32;1,0,27,27,29,27,29,29,31,29;-1,0,6,7,6,2,10,2,10,4,8,4;1,0,33,35,33,32,32,32,32,30,29,30,29,31,30,31;0,1,18,37,18,34,21,34,21,35;-1,0,0,4,3,4,3,6,1,6
41,47|-1,0,7,32,6,32;1,0,31,14,32,14;1,0,31,15,32,15;1,0,29,14,30,14;-1,0,6,35,5,35;-1,0,6,28,5,28;-1,0,7,27,6,27;-1,0,7,34,6,34;-1,0,8,33,7,33;-1,0,10,39,9,39;-1,0,12,40,11,40;1,0,15,40,16,40;0,1,13,39,13,40;0,1,18,38,18,39;0,1,17,38,17,39;0,1,10,37,10,38;0,1,9,37,9,38;0,1,12,38,12,39;0,1,21,36,21,37;0,1,19,35,19,38;0,-1,28,7,27,7,27,6;0,-1,20,12,20,11,19,11,19,10;-1,0,13,20,11,20;0,1,15,39,14,39,14,40;0,1,23,33,21,33,21,35,20,35,20,37;1,0,30,11,33,11,33,13,34,13;0,1,22,32,20,32,20,34;0,1,22,29,22,31;0,-1,17,8,17,10,18,10,18,8;0,-1,25,5,25,6,22,6,22,5;0,-1,25,8,21,8,21,6;0,1,7,38,5,38,5,36,8,36,8,38;-1,0,8,32,8,30,7,30;-1,0,9,33,9,29,6,29;1,0,32,21,32,17,31,17,31,16,32,16;1,0,28,12,29,12,29,10,33,10;0,-1,31,9,31,8,29,8,29,7;-1,0,6,25,8,25,8,28,7,28;0,1,18,37,16,37,16,39;1,0,29,16,29,18,30,18;1,0,28,19,28,15,30,15;0,-1,18,11,18,12,17,12,17,11;0,-1,17,13,16,13,16,10;-1,0,12,18,13,18,13,19,12,19;0,1,9,36,11,36,11,39;0,-1,30,9,28,9,28,8,26,8,26,5;1,0,24,9,27,9,27,10,28,10;0,1,12,37,13,37,13,38;-1,0,14,38,14,36,12,36;1,0,23,10,25,10,25,12,27,12;0,1,20,29,21,29,21,31;1,0,25,17,27,17,27,20,28,20;-1,0,15,21,14,21;1,0,27,16,26,16,26,14,28,14;0,-1,27,13,24,13,24,12;0,1,16,36,15,36,15,38;-1,0,12,23,10,23;-1,0,16,19,16,18,14,18;0,-1,25,14,23,14,23,11;-1,0,12,31,12,32,11,32;0,-1,24,16,24,15,22,15,22,12;-1,0,12,24,14,24,14,22,12,22;1,0,26,23,25,23,25,25,26,25;0,1,23,30,23,27,24,27,24,28;-1,0,9,35,9,34,8,34,8,35,7,35;0,-1,12,25,12,27,13,27,13,25;0,1,11,34,11,35;0,1,25,27,25,26,22,26,22,28;0,1,13,31,13,33,10,33,10,35;0,-1,17,15,16,15,16,14;1,0,21,28,21,25,22,25;0,-1,21,14,18,14,18,13;0,-1,24,17,23,17,23,18,20,18,20,15;1,0,22,24,24,24,24,22,25,22;0,1,14,32,14,35;0,-1,12,28,14,28,14,26;0,-1,19,15,19,16,15,16,15,14;-1,0,17,36,17,35,15,35;1,0,19,34,16,34,16,32,17,32;1,0,16,29,16,31,17,31;0,1,12,30,15,30,15,34;1,0,20,28,20,27,19,27,19,26,20,26;1,0,16,17,19,17;1,0,21,21,21,23,23,23;-1,0,17,24,17,26,15,26,15,29,11,29;1,0,19,19,17,19,17,18,19,18;0,1,19,23,19,25,18,25,18,27;-1,0,16,21,17,21,17,22,15,22;-1,0,20,25,20,22,18,22,18,20,16,20;1,0,20,43,20,40,17,40,17,45,21,45,21,40,25,40;0,-1,6,39,1,39,1,35,4,35,4,30;-1,0,4,24,4,21,0,21,0,19,3,19,3,15,1,15;0,1,37,9,39,9,39,14,34,14,34,15,37,15,37,20;-1,0,5,44,10,44,10,45,14,45,14,43,10,43;-1,0,3,27,3,30,0,30,0,33,3,33,3,31,2,31;1,0,14,3,19,3,19,5,21,5,21,3,24,3;1,0,32,0,32,3,28,3,28,6,30,6;0,1,26,32,26,27,29,27,29,25,31,25,31,27;0,1,39,21,39,26,36,26,36,30;0,1,23,45,26,45,26,42,29,42,29,39,33,39,33,44;1,0,39,45,39,44,34,44,34,39,35,39;-1,0,25,4,25,2,24,2,24,0,28,0,28,2,26,2;-1,0,15,2,11,2,11,0,8,0,8,4,6,4;0,-1,1,7,3,7,3,3,7,3,7,2;-1,0,16,7,12,7,12,9,8,9;1,0,32,9,32,8,37,8,37,4,33,4,33,1,37,1;-1,0,9,43,9,40,6,40,6,43,2,43;0,1,37,45,32,45,32,42,30,42,30,44;0,-1,7,0,5,0,5,1,0,1,0,6,1,6,1,5;1,0,27,39,27,34,22,34,22,35,26,35;1,0,34,31,34,36,39,36,39,31,37,31,37,29,38,29;0,-1,37,0,39,0,39,4,38,4,38,2;-1,0,15,10,11,10,11,12,9,12;0,1,4,44,2,44,2,45,0,45,0,41,1,41,1,44;-1,0,9,27,9,23,5,23,5,26,3,26;-1,0,4,7,7,7,7,9,6,9;-1,0,5,14,7,14,7,12,2,12;-1,0,10,11,7,11,7,10,4,10;1,0,28,41,28,38,33,38,33,37,35,37;1,0,39,37,39,42,36,42,36,39,38,39;-1,0,0,10,0,8,3,8,3,10,1,10;0,-1,29,2,29,0,31,0,31,2,30,2,30,1;0,1,14,42,14,41,16,41,16,42;0,1,16,45,15,45,15,43,16,43,16,44;-1,0,3,11,0,11,0,13,4,13,4,14,2,14;0,-1,23,2,23,0,22,0,22,2,19,2,19,1;-1,0,2,25,0,25,0,22,3,22,3,23,1,23;-1,0,4,41,2,41,2,42,5,42,5,40,2,40;0,1,31,43,31,45,29,45,29,43,27,43,27,44;1,0,35,40,35,43,38,43;0,-1,20,1,21,1,21,0,18,0,18,2,16,2,16,1;1,0,39,30,39,27,37,27,37,28,38,28;-1,0,1,14,0,14,0,16,2,16,2,17,1,17;-1,0,0,29,2,29,2,27,1,27;0,-1,40,44,41,44,41,40,40,40,40,37
36,33|-1,0,6,14,5,14;-1,0,7,13,6,13;1,0,30,19,31,19;1,0,29,18,30,18;0,-1,6,9,6,8;0,-1,7,7,7,6;0,1,12,23,12,24;0,-1,21,7,21,6;1,0,27,18,28,18;0,-1,9,7,9,6;0,1,12,21,12,22;1,0,29,19,29,20,30,20;1,0,28,19,28,21,30,21;-1,0,9,12,7,12;-1,0,9,11,7,11;0,1,13,26,16,26,16,28;0,1,19,24,19,23,20,23,20,24;0,1,23,23,21,23,21,24,23,24,23,25;0,-1,18,6,16,6,16,5;0,1,16,23,16,25;0,-1,21,9,21,8,20,8,20,5;0,-1,15,6,15,5;0,1,15,21,15,24;0,1,27,23,30,23,30,24,28,24,28,25;0,-1,16,7,16,9,17,9,17,7;0,1,29,22,27,22,27,21,26,21,26,23;0,-1,6,10,7,10,7,8;-1,0,8,9,9,9,9,10,8,10;0,-1,17,11,17,10;1,0,25,23,25,20,26,20;0,-1,17,13,16,13,16,12;0,1,20,21,20,22;0,-1,14,8,14,7;0,1,13,21,14,21,14,23;0,1,10,22,10,24,11,24,11,25;0,-1,14,9,14,10,15,10,15,7;0,1,19,20,19,22;1,0,30,17,30,15,27,15,27,16,28,16;1,0,23,22,24,22,24,25,25,25;0,1,9,18,8,18,8,19;1,0,25,8,22,8,22,7,25,7;0,1,14,20,11,20,11,23;0,1,24,21,24,20,23,20,23,21;1,0,23,17,25,17,25,19,27,19;0,1,16,20,17,20,17,22;0,1,22,20,22,21,21,21,21,22;1,0,20,20,21,20;1,0,22,18,22,19,23,19;0,1,16,19,16,18,15,18,15,20;0,-1,10,6,10,8,8,8,8,6;-1,0,12,6,12,7,13,7,13,8,11,8;-1,0,11,18,10,18,10,17,8,17;0,-1,19,10,18,10,18,9,19,9,19,8;-1,0,10,9,10,11,13,11,13,9,11,9;1,0,21,18,21,17,22,17;1,0,26,12,26,13,28,13;0,-1,18,12,20,12,20,9;0,-1,16,14,15,14,15,12;-1,0,14,18,12,18,12,19,10,19;0,-1,14,13,14,11;0,-1,8,13,9,13,9,16,7,16,7,14;0,1,10,15,10,14,11,14,11,15;1,0,23,10,23,9,24,9;1,0,22,9,22,11,23,11;-1,0,10,13,10,12,13,12,13,14,12,14;1,0,25,15,25,16,26,16;-1,0,12,15,13,15,13,17,12,17;0,-1,15,15,14,15,14,14;0,1,26,14,24,14,24,16;1,0,19,18,19,19,21,19;0,-1,23,12,21,12,21,10;0,1,16,17,16,16,14,16,14,17;0,-1,16,15,17,15,17,14;0,1,25,13,22,13,22,15;1,0,21,16,20,16,20,15,21,15;1,0,21,14,19,14,19,17,20,17;0,1,18,18,18,20;0,-1,17,19,17,16,18,16,18,13;-1,0,19,3,15,3,15,0,10,0,10,1,7,1;1,0,10,29,13,29,13,33,18,33,18,32,20,32;0,-1,31,25,31,20,35,20,35,16;0,-1,1,15,1,17,4,17,4,14,2,14,2,9;1,0,23,31,27,31,27,27,30,27;1,0,28,12,30,12,30,7,26,7,26,11,29,11;0,-1,33,13,33,9,31,9,31,14,35,14,35,12;1,0,19,5,17,5,17,4,20,4;0,1,15,25,12,25,12,27,7,27,7,30,3,30,3,32;-1,0,11,1,11,5,9,5,9,2,5,2,5,7,1,7;1,0,20,1,20,0,16,0,16,2,21,2,21,5,25,5;0,-1,34,13,34,10,35,10,35,6;0,-1,30,0,30,2,28,2,28,6,26,6,26,5;0,-1,1,14,1,11,0,11,0,6,1,6,1,3;0,-1,36,7,36,5,35,5,35,4;0,1,26,24,26,26,31,26,31,27,32,27,32,32;0,1,33,33,29,33,29,32,31,32,31,28,29,28,29,31;0,1,7,31,11,31,11,33,6,33,6,31,4,31,4,32;0,-1,0,1,2,1,2,6,3,6,3,1;0,1,18,25,17,25,17,28,19,28,19,25,22,25,22,26;0,-1,27,0,24,0,24,4,22,4,22,1;0,1,22,31,20,31,20,26,21,26,21,27;1,0,36,20,36,23,32,23,32,26,34,26;1,0,33,27,36,27,36,25,33,25,33,24,34,24;-1,0,11,26,7,26,7,25,2,25;1,0,33,19,33,18,31,18,31,15,32,15;0,-1,29,6,29,3,33,3,33,1;-1,0,4,27,4,29,2,29,2,26,6,26,6,28,5,28;1,0,34,19,34,17,33,17,33,15,35,15;-1,0,0,29,1,29,1,24,4,24,4,22,1,22
34,39|-1,0,10,19,9,19;-1,0,7,17,6,17;-1,0,8,24,7,24;-1,0,8,25,7,25;1,0,26,24,27,24;1,0,26,25,27,25;0,1,12,32,12,33;-1,0,7,26,6,26;1,0,24,25,25,25;-1,0,8,29,7,29;-1,0,10,24,9,24;0,1,11,31,11,32;-1,0,9,31,8,31;-1,0,14,33,13,33;-1,0,8,28,8,27,5,27;1,0,25,28,25,27,26,27;-1,0,7,32,10,32,10,30,7,30;0,1,13,34,15,34,15,31,14,31,14,32;-1,0,11,19,11,18,10,18;-1,0,9,29,9,26,8,26;0,1,7,20,8,20,8,23;1,0,23,28,23,26,26,26;0,1,11,30,12,30,12,31;-1,0,13,32,13,29,10,29;0,-1,25,10,25,12,27,12,27,11;1,0,28,21,28,20,29,20;-1,0,11,13,11,15,9,15,9,14,8,14;-1,0,12,13,12,12,10,12;-1,0,19,5,19,7,18,7,18,6,17,6;0,-1,12,8,12,9,11,9,11,8;-1,0,11,26,12,26,12,28,10,28;-1,0,12,11,9,11;-1,0,13,16,12,16;-1,0,16,26,14,26;-1,0,14,8,15,8,15,9,13,9;-1,0,10,22,10,21,9,21;0,-1,23,15,23,12;-1,0,9,23,11,23,11,25,9,25;0,1,14,29,14,27,13,27,13,28;1,0,21,10,21,11,22,11;1,0,20,11,20,12,22,12;1,0,28,18,28,19,29,19;1,0,22,28,22,25,23,25;-1,0,14,19,12,19;1,0,28,23,28,22,25,22,25,21,27,21;-1,0,19,8,19,9,17,9;1,0,20,30,19,30,19,28,20,28;0,1,16,28,15,28,15,30;-1,0,17,28,17,27,15,27;0,-1,26,17,26,15,27,15,27,13;-1,0,15,12,13,12,13,10,11,10;-1,0,13,25,12,25,12,22,11,22;0,1,11,17,12,17,12,18;0,1,21,25,21,27,18,27,18,30;0,1,13,24,15,24,15,25;1,0,18,12,18,10,20,10,20,9,21,9;0,-1,22,14,21,14,21,13;0,-1,25,17,25,18,27,18,27,16;1,0,23,19,23,20,25,20;0,1,19,24,20,24,20,26;-1,0,16,12,16,10,14,10;0,-1,23,16,23,18,24,18,24,16;1,0,22,22,22,24,25,24;-1,0,16,13,13,13;0,-1,22,18,22,16,20,16,20,13;1,0,19,23,21,23,21,21,24,21;-1,0,15,15,15,16,14,16,14,14,13,14;0,-1,14,18,13,18,13,17;0,-1,18,14,18,13,17,13,17,11;0,-1,19,17,19,15,17,15,17,14;1,0,20,17,20,19,22,19;0,-1,18,18,16,18,16,15;-1,0,13,22,13,21,14,21,14,23,13,23;0,1,14,20,15,20,15,23;0,1,16,24,17,24,17,25;0,-1,16,22,16,19,15,19,15,17;-1,0,18,24,18,23,16,23;1,0,18,21,18,19,17,19,17,22,19,22;0,1,2,22,4,22,4,27,0,27,0,31,4,31,4,35;0,-1,0,10,4,10,4,14,0,14,0,18,2,18,2,16;1,0,20,1,20,6,25,6,25,8,29,8;1,0,32,30,32,28,34,28,34,24,29,24,29,22,31,22;1,0,10,35,13,35,13,36,16,36,16,31,18,31;0,-1,2,9,2,7,6,7,6,5;0,-1,30,14,30,19,32,19,32,21,30,21,30,20;1,0,31,10,31,7,26,7,26,6,27,6;0,-1,15,5,10,5,10,9,7,9,7,5;-1,0,8,6,9,6,9,4,5,4,5,6,3,6;0,-1,34,13,31,13,31,11,33,11,33,6;1,0,21,28,21,32,17,32,17,33,20,33;1,0,12,36,12,38,17,38,17,34,22,34,22,32,26,32;0,1,28,30,30,30,30,33,27,33,27,29,31,29,31,32;-1,0,1,19,1,22,0,22,0,26,3,26,3,25,1,25;0,1,0,36,2,36,2,39,6,39,6,36,11,36,11,37;1,0,34,0,31,0,31,3,27,3,27,5,32,5;-1,0,15,4,19,4,19,1,15,1,15,3,11,3;0,1,12,39,10,39,10,37,8,37,8,38;-1,0,9,3,9,2,12,2,12,0,8,0,8,3,3,3;0,-1,0,9,1,9,1,8,0,8,0,5,2,5,2,2;0,1,22,39,22,35,18,35,18,36;1,0,29,38,29,39,26,39,26,34,28,34,28,37,31,37;1,0,34,31,34,35,33,35,33,39,30,39,30,38,31,38;0,-1,4,0,0,0,0,4,1,4,1,2;0,-1,26,0,26,5,23,5,23,4;0,1,23,36,23,33,24,33,24,37;1,0,34,1,32,1,32,2,33,2;0,1,21,39,19,39,19,36,20,36,20,37;1,0,34,14,34,16,31,16,31,14,33,14
32,37|0,1,5,27,5,28;0,1,6,28,6,29;0,1,7,29,7,30;0,1,8,31,8,32;-1,0,10,32,9,32;0,1,6,26,6,27;0,1,7,27,7,28;0,1,8,29,8,30;0,1,8,27,8,28;0,1,18,28,18,29;0,1,10,30,10,31;1,0,26,13,27,13;0,1,17,30,15,30,15,31;0,1,11,32,11,29,9,29,9,31;0,1,16,29,16,28,15,28,15,29;-1,0,7,10,7,12,6,12;0,1,14,27,14,30,12,30,12,31;1,0,24,13,25,13;-1,0,10,11,9,11;0,1,19,27,17,27,17,28;1,0,23,28,21,28,21,29,23,29;-1,0,10,28,9,28,9,26,7,26;-1,0,5,13,6,13,6,15,5,15;0,1,22,25,20,25,20,28;-1,0,7,24,8,24,8,25,6,25;-1,0,7,14,7,13,8,13,8,15,7,15;0,1,18,23,18,25,19,25,19,26;-1,0,11,15,10,15;0,1,12,27,12,28;0,1,21,22,21,24,23,24,23,27;-1,0,10,13,10,14,9,14;0,-1,16,8,16,7,17,7,17,5;0,1,15,26,13,26,13,28;-1,0,12,18,12,20,10,20;0,1,21,20,20,20,20,22;0,1,10,26,10,25,11,25,11,27;-1,0,13,20,13,17,10,17;-1,0,8,10,9,10,9,9,7,9;-1,0,13,7,12,7;1,0,26,10,24,10,24,8,26,8;-1,0,13,23,13,24,10,24;1,0,16,27,16,25,17,25;-1,0,10,10,11,10,11,12,9,12;0,1,14,24,14,25,12,25,12,26;-1,0,12,8,9,8;-1,0,10,9,13,9,13,10,12,10;0,1,24,22,24,24;0,-1,12,13,12,12;0,-1,13,8,14,8,14,7;0,1,22,20,22,21,23,21,23,22;-1,0,13,12,13,14,11,14;-1,0,14,20,14,22,11,22,11,21,10,21;-1,0,15,12,15,11,13,11;-1,0,15,19,15,17,14,17,14,16,11,16;-1,0,15,16,15,15,12,15;1,0,23,18,24,18,24,17,26,17;0,-1,14,10,14,9,15,9,15,7;-1,0,15,23,14,23;0,1,15,22,16,22,16,24,15,24,15,25;1,0,25,15,26,15;-1,0,19,7,21,7,21,8,19,8;-1,0,16,15,16,14,15,14;1,0,24,15,24,16,25,16;1,0,21,12,24,12,24,11,26,11;1,0,22,16,23,16,23,14,26,14;0,1,25,19,24,19,24,21;0,1,18,21,18,22,19,22,19,23;1,0,20,16,20,17,22,17;0,1,20,19,23,19,23,20;1,0,22,15,20,15,20,14,21,14;1,0,23,10,21,10,21,9,22,9;1,0,22,11,20,11,20,13,21,13;0,-1,15,10,17,10,17,11,19,11,19,9;0,-1,19,12,19,13,16,13,16,11;0,1,19,20,17,20,17,23;0,1,16,17,17,17,17,19,16,19,16,21;1,0,19,15,17,15,17,14,19,14;1,0,16,16,18,16,18,18,21,18;1,0,7,8,7,4,11,4,11,0,15,0,15,1,18,1;0,1,1,8,1,13,4,13,4,16;0,-1,27,7,30,7,30,12,29,12,29,15,31,15,31,11;1,0,20,29,20,32,15,32,15,33,11,33,11,35,14,35;-1,0,7,17,7,21,5,21,5,26,4,26;1,0,24,35,24,30,28,30,28,25,30,25;-1,0,2,35,6,35,6,30,2,30;0,1,4,37,4,36,7,36,7,33,8,33,8,35;-1,0,0,30,0,26,3,26,3,21,1,21;0,-1,31,7,31,8,32,8,32,6,28,6,28,1;-1,0,0,13,0,16,3,16,3,20,6,20,6,18,4,18;0,1,28,14,28,17,31,17,31,20;0,-1,28,0,32,0,32,5,29,5,29,3;0,1,31,26,29,26,29,28,32,28,32,32,30,32,30,34;1,0,10,36,8,36,8,37,11,37,11,36,15,36;0,1,29,34,28,34,28,37,32,37,32,35,30,35,30,36;0,-1,6,11,6,10,3,10,3,6;-1,0,0,21,0,25,2,25,2,22,1,22;1,0,27,29,27,26,25,26,25,23,28,23;-1,0,3,5,0,5,0,0,4,0,4,1,1,1;-1,0,2,34,2,31,5,31,5,33,4,33;0,1,23,34,21,34,21,30,23,30,23,31;1,0,27,25,26,25,26,24,29,24;0,1,22,37,18,37,18,33,20,33,20,35;0,1,0,33,0,31,1,31,1,35;0,-1,22,8,22,7,26,7,26,6;0,1,21,36,25,36,25,33,29,33,29,31,25,31,25,32;0,-1,12,2,16,2,16,4,20,4,20,6,24,6,24,1;-1,0,3,12,5,12,5,11,2,11,2,7,1,7;-1,0,2,20,0,20,0,19,2,19,2,17,1,17
33,40|0,-1,9,11,9,10;0,1,9,32,9,33;-1,0,8,32,7,32;-1,0,7,31,6,31;0,-1,10,10,10,9;0,1,8,30,8,31;0,1,9,30,9,31;-1,0,7,30,6,30;0,1,10,31,10,32;0,1,11,32,11,33;0,1,5,28,5,29;-1,0,7,29,6,29;-1,0,7,28,6,28;-1,0,12,9,11,9;-1,0,10,12,9,12;-1,0,12,10,11,10;0,1,11,30,11,31;-1,0,12,12,11,12;0,1,12,32,12,34,13,34,13,35;-1,0,15,31,14,31,14,33,13,33;1,0,26,13,26,14,28,14;0,-1,6,14,9,14,9,13;-1,0,15,33,16,33,16,34,14,34;-1,0,15,14,13,14,13,13,11,13;-1,0,12,8,13,8,13,11,10,11;-1,0,14,9,14,12,13,12;-1,0,15,10,16,10,16,9,15,9;0,-1,26,10,26,8,25,8,25,7;0,-1,7,18,9,18,9,17,7,17,7,15;0,-1,18,5,18,8,17,8,17,7;-1,0,9,29,8,29,8,27,7,27;-1,0,16,11,16,13,14,13;-1,0,23,7,23,6,20,6;-1,0,19,8,19,9,17,9;0,1,13,27,13,28,12,28,12,29;-1,0,18,10,18,11,17,11;0,-1,17,12,19,12,19,10;1,0,24,15,25,15,25,12,28,12;-1,0,8,22,8,19,7,19;-1,0,9,21,9,19,11,19,11,20,10,20;1,0,22,15,22,16,25,16;-1,0,9,22,10,22,10,23,9,23;0,-1,20,12,20,9;-1,0,21,5,24,5,24,8,21,8;1,0,22,12,22,13,24,13;-1,0,15,32,17,32,17,35,15,35;1,0,25,11,24,11,24,9,25,9;1,0,23,9,21,9,21,10,23,10;1,0,21,14,21,11,23,11;-1,0,12,16,10,16;0,-1,13,15,13,16,16,16,16,14;0,1,18,31,18,34;1,0,20,14,20,15,21,15;0,1,20,29,20,31,19,31,19,33;0,1,13,26,14,26,14,27;0,-1,8,24,8,26,9,26,9,25;0,1,15,25,15,27;-1,0,12,19,12,17,10,17;0,-1,17,16,18,16,18,14;0,-1,16,19,16,17;-1,0,10,30,10,29,11,29,11,27,9,27;0,-1,14,17,14,18,15,18,15,17;0,-1,10,26,10,24;1,0,19,26,19,28,20,28;0,1,17,26,17,25,16,25,16,26;0,-1,15,19,13,19,13,17;0,1,20,25,18,25,18,27;0,1,11,26,11,24,12,24,12,27;-1,0,18,19,18,18,17,18;0,-1,21,18,21,16,19,16,19,15;0,-1,11,22,11,21,12,21,12,20;-1,0,19,19,19,17,18,17;0,-1,21,21,21,20,20,20,20,17;-1,0,13,21,13,23,11,23;-1,0,16,22,14,22,14,20,13,20;1,0,20,23,18,23,18,24,20,24;-1,0,14,23,17,23,17,24,15,24;0,-1,19,20,19,22,17,22,17,20;0,-1,5,30,5,34,9,34,9,36,4,36,4,31;-1,0,19,40,19,37,17,37,17,40,15,40,15,38,11,38;-1,0,6,23,6,27,4,27,4,30,3,30;-1,0,19,6,19,1,16,1,16,5,14,5,14,1,9,1;0,-1,33,22,31,22,31,18,33,18,33,14,30,14,30,12;-1,0,11,40,6,40,6,37,3,37,3,34,1,34;1,0,22,22,22,26,20,26,20,27,24,27,24,32,29,32;-1,0,4,12,4,9,9,9,9,6,5,6;1,0,30,7,30,10,28,10,28,6,25,6,25,5,29,5;0,-1,2,5,0,5,0,8,4,8,4,5;-1,0,0,19,0,22,2,22,2,20,7,20,7,21,5,21;-1,0,6,1,6,2,7,2,7,0,5,0,5,2,2,2;0,1,30,33,30,28,32,28,32,31;-1,0,0,30,0,35,1,35,1,38,5,38,5,39,4,39;-1,0,7,11,7,12,5,12,5,10,8,10,8,13,4,13;-1,0,0,15,0,13,3,13,3,10,2,10;0,-1,33,12,33,7,31,7,31,5;1,0,20,0,24,0,24,2,27,2;0,-1,33,6,33,1,31,1,31,4,28,4,28,1;1,0,32,36,29,36,29,40,24,40,24,39,26,39;-1,0,3,28,1,28,1,26,5,26,5,24,4,24;-1,0,5,40,3,40,3,39,2,39;-1,0,3,21,3,22,5,22,5,23,1,23;0,-1,29,1,29,3,30,3,30,1;0,1,28,35,30,35,30,34,33,34,33,37,30,37,30,39;-1,0,1,17,1,14,5,14,5,17,2,17;0,1,30,40,33,40,33,38,31,38,31,39;-1,0,1,2,0,2,0,0,4,0,4,1,3,1;-1,0,13,2,10,2,10,4,5,4;0,1,21,28,21,33,25,33,25,34,23,34,23,38
39,43|-1,0,8,26,7,26;-1,0,9,27,8,27;-1,0,9,28,8,28;-1,0,11,28,10,28;-1,0,8,30,7,30;0,1,26,32,26,33;0,1,14,33,14,34;-1,0,11,27,10,27;0,1,15,34,15,35;1,0,29,26,30,26;0,1,15,32,15,33;-1,0,13,27,12,27;0,1,25,33,25,31,27,31,27,32;0,1,11,32,13,32,13,33;-1,0,9,25,8,25,8,22,6,22;0,1,22,33,23,33,23,36;0,-1,30,7,29,7,29,6;1,0,28,8,30,8,30,10,31,10;0,1,21,33,21,34,19,34,19,36;-1,0,9,33,9,29,7,29;-1,0,12,23,10,23,10,24,9,24;0,1,12,31,10,31,10,32;-1,0,8,9,8,10,9,10,9,8,6,8;0,1,17,34,16,34,16,36;1,0,26,24,29,24,29,25,30,25;0,1,23,32,24,32,24,35;0,1,20,33,18,33,18,34;0,-1,27,6,26,6,26,7,25,7,25,5;0,-1,9,12,6,12,6,11;-1,0,12,24,12,26,9,26;1,0,29,30,27,30,27,28,31,28;0,1,14,32,14,30,15,30,15,31;0,-1,26,8,24,8,24,6;0,1,18,32,17,32,17,33;0,-1,22,14,22,11;1,0,24,31,24,30,25,30;0,1,23,29,23,31;0,-1,9,14,9,13;-1,0,14,28,12,28,12,30,10,30;0,-1,16,14,15,14,15,12;0,1,10,18,11,18,11,20;1,0,25,25,28,25,28,27,31,27;0,1,18,31,16,31,16,33;-1,0,15,28,15,29,13,29;0,1,16,30,19,30,19,32;0,1,26,27,25,27,25,29;-1,0,10,10,11,10,11,7,10,7;0,1,9,19,9,16,10,16,10,17;0,1,26,26,24,26,24,29;0,1,13,23,13,26;0,1,5,14,6,14,6,13,8,13,8,17;0,1,15,25,15,27,16,27,16,29;0,-1,17,14,17,13;-1,0,13,9,12,9,12,11,11,11;0,-1,29,14,29,15,31,15,31,11;0,1,25,18,25,19;1,0,23,9,27,9,27,7,28,7;0,1,23,26,23,28,22,28,22,29;0,1,19,29,20,29,20,32;-1,0,21,30,21,28,18,28;0,-1,23,11,24,11,24,10;0,1,24,25,22,25,22,27;0,-1,32,16,30,16,30,19,29,19,29,16;1,0,20,26,19,26,19,27,20,27;0,-1,23,12,25,12,25,10;0,1,17,25,16,25,16,26;0,-1,23,14,24,14,24,13;0,-1,14,14,14,12;-1,0,13,16,11,16,11,15,9,15;0,-1,22,16,22,15;-1,0,15,23,15,24,14,24,14,22,12,22;1,0,26,18,27,18,27,21,28,21;1,0,25,13,25,15,26,15,26,17,27,17;1,0,22,23,23,23;0,-1,25,17,25,16,24,16,24,15;0,1,19,22,18,22,18,26;0,-1,12,14,11,14,11,13,13,13,13,10;0,-1,17,15,18,15,18,13;1,0,23,19,23,17,24,17;1,0,13,14,13,15,16,15;-1,0,17,24,16,24,16,21,13,21;0,1,16,19,16,20,18,20,18,21;0,1,13,20,13,17,12,17,12,19;1,0,21,23,21,24,24,24;-1,0,21,21,20,21;0,-1,23,20,23,22,24,22,24,20;0,1,17,18,14,18,14,20;0,1,22,19,22,22,20,22,20,25;-1,0,17,17,15,17;-1,0,21,19,18,19,18,16,15,16;-1,0,22,41,22,37,20,37,20,41,15,41,15,36,12,36;0,-1,7,28,7,27,5,27,5,22,2,22,2,19;0,-1,35,26,35,28,37,28,37,31,35,31,35,29;1,0,23,8,23,6,22,6,22,4,25,4,25,3,30,3;1,0,18,8,18,4,13,4,13,1,18,1;-1,0,4,34,0,34,0,29,4,29,4,27,3,27;0,-1,4,5,0,5,0,9,2,9,2,6;0,-1,34,23,36,23,36,26,37,26,37,22,36,22,36,18;0,-1,33,4,33,9,37,9,37,14,36,14,36,12;0,1,28,41,23,41,23,39,25,39,25,35,28,35,28,37;0,-1,22,8,20,8,20,3,24,3,24,2,26,2,26,1;1,0,37,1,37,5,34,5,34,8,36,8;-1,0,10,39,9,39,9,38,11,38,11,40,6,40;0,1,1,30,1,32,5,32,5,37;1,0,37,8,37,6,35,6,35,7,36,7;-1,0,4,10,4,15,2,15,2,18,7,18,7,16,4,16;-1,0,8,41,4,41,4,39,1,39;1,0,27,37,27,36,26,36,26,38,29,38;-1,0,3,28,0,28,0,26,4,26,4,25,2,25;0,1,30,29,30,33,34,33,34,38;0,-1,14,9,17,9,17,5,13,5,13,6,10,6,10,4;0,-1,2,2,2,0,0,0,0,4,2,4,2,3;0,-1,31,0,36,0,36,3,32,3,32,5,31,5,31,3;0,-1,5,6,5,3,10,3,10,2;0,1,31,26,34,26,34,29,31,29,31,32,36,32,36,34;0,1,10,41,12,41,12,39,14,39,14,37,12,37,12,38;-1,0,6,38,4,38,4,36,1,36;0,-1,6,2,9,2,9,0,4,0,4,4,3,4,3,3;0,1,31,37,33,37,33,40,35,40,35,36,36,36,36,38;-1,0,5,7,3,7,3,11,2,11;0,1,33,34,30,34,30,38,32,38,32,39,29,39,29,40;-1,0,0,38,0,41,3,41,3,40,1,40;-1,0,0,12,0,17,1,17,1,14,3,14,3,12,2,12;0,1,37,37,37,39,36,39,36,40;-1,0,0,25,0,21,1,21,1,23,4,23,4,24,3,24;1,0,31,22,31,20,33,20,33,16,36,16;0,-1,21,0,23,0,23,2,22,2,22,1;-1,0,0,35,0,37,1,37,1,38,3,38,3,37,2,37;0,-1,19,11,19,14,21,14,21,18,19,18,19,17;0,-1,11,1,10,1,10,0,12,0,12,4,11,4,11,2;1,0,33,11,36,11,36,10,32,10,32,15,36,15;0,-1,16,10,16,12,17,12,17,10,19,10,19,8;1,0,35,21,35,19,34,19,34,17,36,17;0,-1,34,1,32,1,32,2,28,2,28,1;0,-1,18,2,17,2,17,3,19,3,19,1;0,-1,34,43,39,43,39,39,38,39,38,34;1,0,39,13,39,17,37,17,37,15,38,15;0,1,33,41,33,43,32,43,32,41,29,41,29,42
37,41|0,-1,26,10,26,9;1,0,30,9,31,9;0,-1,27,9,27,8;1,0,31,10,32,10;0,-1,32,12,32,11;0,1,6,31,6,32;-1,0,6,24,5,24;1,0,31,13,32,13;-1,0,7,23,6,23;0,1,14,35,14,36;0,-1,29,9,29,8;-1,0,7,25,6,25;1,0,31,15,32,15;0,1,12,34,12,35;0,-1,27,11,27,10,28,10,28,8;-1,0,10,22,8,22,8,24,7,24;0,1,17,34,19,34,19,35;-1,0,8,28,8,29,7,29;0,1,12,33,12,32,11,32,11,34;-1,0,10,19,9,19,9,18,8,18;-1,0,13,19,13,18,12,18;-1,0,8,25,10,25,10,24,9,24;0,1,14,34,13,34,13,35;-1,0,11,22,11,20,10,20,10,21,9,21;1,0,31,12,31,11,29,11,29,10,30,10;-1,0,8,27,9,27,9,26,7,26;0,1,17,33,16,33,16,35;0,-1,23,6,22,6,22,7,24,7,24,6;0,-1,23,8,23,11,24,11,24,10;-1,0,13,17,13,16,11,16;1,0,31,16,30,16,30,14,31,14;0,-1,22,8,21,8,21,5;0,1,10,31,10,33,8,33,8,34;0,-1,30,13,29,13,29,12;-1,0,20,5,20,6,18,6;1,0,29,14,28,14,28,15,29,15;1,0,18,33,18,32,20,32;0,-1,28,11,28,12,26,12,26,11;0,1,10,29,10,30,7,30,7,33;-1,0,12,22,12,24,11,24,11,23,10,23;-1,0,11,31,11,30,14,30,14,31,12,31;0,-1,21,10,20,10,20,7;-1,0,13,14,14,14,14,12,12,12;1,0,19,31,22,31;0,1,13,33,15,33,15,35;0,1,9,28,11,28,11,29;0,1,13,32,15,32,15,30,17,30,17,32;0,1,10,26,10,27,12,27,12,29;-1,0,14,16,14,19,15,19,15,20,13,20;1,0,27,15,27,13,28,13;0,1,16,29,18,29,18,31;1,0,17,8,18,8,18,7,19,7;0,-1,23,14,23,13,22,13,22,11;1,0,20,28,19,28,19,30,20,30;0,1,11,26,14,26,14,27;-1,0,17,9,18,9,18,10,16,10;0,-1,29,18,29,16,26,16,26,13;-1,0,17,19,17,20,16,20;0,-1,17,11,19,11,19,10;0,-1,25,16,25,13,24,13,24,12;0,-1,17,12,19,12,19,14,20,14,20,11;-1,0,15,27,15,24,13,24,13,25,11,25;0,-1,23,15,21,15,21,13;-1,0,18,18,17,18;0,-1,22,17,22,16,24,16,24,14;0,1,23,24,23,25,21,25,21,27;-1,0,17,15,17,14,15,14,15,15,13,15;-1,0,20,15,18,15,18,13,17,13;0,-1,25,17,25,20,23,20,23,18;0,1,16,23,16,25,17,25,17,28;0,1,20,26,20,27,18,27,18,28;1,0,20,16,18,16,18,17,21,17;-1,0,15,21,16,21,16,22,15,22;-1,0,22,18,19,18;0,-1,22,22,22,23,23,23,23,21;0,1,20,23,19,23,19,26;0,-1,22,24,21,24,21,21;0,-1,20,19,20,22,17,22,17,21;0,1,26,2,31,2,31,7,36,7,36,12;0,1,4,20,4,22,2,22,2,26;1,0,11,35,11,37,13,37,13,39,17,39;1,0,21,39,21,37,25,37,25,34,23,34,23,29,26,29;0,-1,7,18,2,18,2,15,5,15,5,13,9,13,9,11;0,1,37,8,37,13,36,13,36,15;1,0,9,38,9,40,5,40,5,37,10,37,10,40,13,40;-1,0,17,3,20,3,20,0,24,0,24,2,21,2;0,-1,3,10,3,6,1,6,1,1;0,1,5,25,5,28,0,28,0,30,1,30,1,35;1,0,33,10,35,10,35,15,34,15,34,19,36,19;0,1,0,39,0,37,4,37,4,39;0,1,21,32,22,32,22,33,21,33,21,36,19,36,19,40;0,-1,17,6,13,6,13,8,8,8,8,5,12,5,12,1;0,1,34,22,32,22,32,27,36,27,36,29;0,1,37,28,37,33,35,33,35,28,33,28,33,29;0,1,25,39,28,39,28,36,30,36,30,34,34,34,34,36;0,1,34,41,32,41,32,38,33,38,33,35,31,35,31,38;-1,0,0,21,3,21,3,20,2,20;0,-1,37,7,37,2,36,2,36,6,32,6,32,1;0,-1,12,0,8,0,8,4,10,4,10,2;0,-1,12,13,10,13,10,9,5,9,5,5,7,5,7,2;-1,0,5,22,7,22,7,19,3,19;1,0,27,19,29,19,29,20,32,20;0,1,35,38,35,34,36,34,36,36;-1,0,10,34,9,34,9,36,5,36;0,-1,20,4,18,4,18,5,15,5,15,3;0,-1,33,1,33,5,35,5,35,3;-1,0,0,41,4,41,4,40,2,40;0,1,37,34,37,37,36,37,36,38
35,33|0,-1,6,13,6,12;0,-1,5,16,5,15;0,-1,6,15,6,14;-1,0,8,12,7,12;-1,0,11,8,10,8;-1,0,8,13,7,13;-1,0,10,9,9,9;0,-1,7,15,7,14;-1,0,9,14,8,14;0,-1,12,8,12,7;0,-1,11,10,11,9;0,-1,12,10,12,9;1,0,28,20,29,20;0,-1,21,8,21,7;1,0,27,27,28,27;0,1,25,24,25,25,26,25,26,27;-1,0,7,17,7,16,6,16;-1,0,11,14,10,14;-1,0,14,7,13,7;-1,0,13,6,15,6,15,5,14,5;0,1,14,25,14,26;1,0,27,24,29,24;-1,0,9,13,9,11,8,11;0,-1,23,9,22,9,22,7;-1,0,11,13,10,13;0,1,25,22,25,23;0,-1,13,9,13,8;0,-1,23,10,21,10,21,9;0,-1,15,10,15,7,16,7,16,5;1,0,27,17,28,17;0,-1,16,8,16,9,17,9,17,7;0,-1,20,8,20,9,18,9,18,8;0,1,28,23,26,23,26,24;0,-1,12,11,13,11,13,10,14,10,14,8;-1,0,11,12,11,11,10,11,10,10,9,10;0,1,12,26,12,27;1,0,17,10,20,10;0,1,13,25,13,27;-1,0,16,10,16,11,14,11;0,-1,16,12,17,12,17,11;0,1,13,24,13,23,14,23,14,24;0,1,12,22,12,25;0,1,11,27,11,24,10,24,10,27;0,-1,17,13,15,13,15,12;0,-1,15,15,15,14,12,14,12,12;0,1,21,27,19,27,19,28;0,1,21,26,22,26,22,27;0,-1,6,18,8,18,8,15;-1,0,18,12,18,14,16,14;-1,0,8,25,9,25,9,22,8,22;0,1,20,24,20,26,18,26,18,28;1,0,28,19,27,19,27,21,30,21;0,-1,16,16,16,17,17,17,17,15;0,-1,24,12,25,12,25,11;0,1,23,26,23,24,24,24,24,25;0,-1,21,13,19,13,19,12;1,0,24,21,26,21,26,22,27,22;0,1,25,18,25,19,26,19,26,20;0,-1,11,18,11,17,9,17,9,16;0,1,23,23,23,22,22,22,22,25;0,1,20,21,20,23,21,23,21,25;0,-1,20,14,22,14,22,13;0,1,23,20,21,20,21,22;0,1,15,20,13,20,13,22;-1,0,13,17,15,17,15,16,14,16;0,-1,25,15,25,13,23,13,23,11;0,-1,22,16,22,15,23,15,23,14;1,0,24,14,24,16,26,16,26,18,28,18;0,-1,9,20,9,18;0,-1,22,18,24,18,24,17,23,17,23,16;0,1,10,22,10,23;0,1,21,17,21,19,24,19,24,20;0,-1,9,21,10,21,10,18;-1,0,20,16,20,17,18,17;1,0,20,19,18,19,18,18,20,18;1,0,17,18,17,21,19,21;0,1,11,22,11,19,12,19,12,21;0,1,13,19,13,18,16,18,16,20;0,-1,29,18,32,18,32,21,35,21,35,25,31,25,31,20;1,0,4,11,7,11,7,6,12,6,12,4,16,4;0,1,17,32,17,27,14,27,14,28,10,28,10,29;-1,0,26,4,26,0,21,0,21,2,16,2;0,1,25,33,25,31,23,31,23,29,26,29,26,32;1,0,35,13,35,17,32,17,32,13,28,13,28,16,30,16;0,-1,14,0,16,0,16,1,11,1,11,5,8,5,8,1;0,1,5,14,3,14,3,19,8,19,8,21,3,21,3,25;0,1,32,31,30,31,30,26,35,26,35,28,33,28,33,31;0,-1,5,23,8,23,8,24,5,24,5,28,1,28,1,23;0,-1,0,17,2,17,2,13,0,13,0,10,4,10,4,5;0,1,16,28,16,33,11,33,11,30,9,30,9,32;0,1,17,33,18,33,18,30,19,30,19,32;0,1,25,26,25,28,22,28,22,29;0,-1,4,2,3,2,3,4,5,4,5,1;1,0,21,3,21,6,24,6,24,8,27,8,27,10,32,10;0,1,24,32,21,32,21,28,20,28,20,32;-1,0,1,2,1,7,0,7,0,9,3,9,3,7,2,7;0,-1,30,12,34,12,34,16,33,16,33,13;1,0,35,11,33,11,33,10,34,10;-1,0,5,8,5,5,7,5,7,0,4,0,4,1,1,1;0,-1,32,6,34,6,34,4,29,4,29,2;-1,0,8,30,8,27,6,27,6,29,1,29;0,1,28,22,30,22,30,25,29,25,29,27;0,1,34,33,34,31,35,31,35,29,34,29,34,30;0,1,29,28,29,30,28,30,28,32;0,-1,35,10,35,9,32,9,32,7,28,7,28,5;0,1,6,30,7,30,7,33,5,33,5,30,2,30,2,31;0,-1,25,6,27,6,27,4,28,4,28,2;0,-1,35,6,35,3,34,3,34,2
34,36|-1,0,7,23,6,23;-1,0,6,22,5,22;0,1,5,20,5,21;-1,0,6,19,5,19;-1,0,7,21,6,21;-1,0,7,16,6,16;-1,0,7,20,6,20;1,0,27,22,28,22;1,0,27,21,28,21;-1,0,7,17,6,17;1,0,27,20,28,20;-1,0,7,18,6,18;1,0,25,20,26,20;0,1,11,30,11,31;0,1,11,27,11,28;-1,0,9,21,8,21;1,0,26,21,26,23,27,23;1,0,25,25,25,24,27,24;-1,0,8,19,7,19;-1,0,8,22,7,22;1,0,26,26,24,26,24,23,25,23;-1,0,9,19,9,20,8,20;-1,0,9,30,10,30,10,27,8,27;-1,0,8,24,8,26,7,26;0,1,13,30,15,30,15,31;-1,0,12,31,12,28,14,28,14,29,13,29;1,0,21,24,22,24;0,-1,17,8,17,6,16,6,16,5;0,-1,20,8,20,6;-1,0,8,18,10,18,10,17,8,17;0,1,14,25,15,25,15,26,14,26,14,27;1,0,28,13,27,13,27,12,28,12;1,0,19,30,19,28,20,28;0,-1,18,8,18,9,21,9,21,8;0,1,14,23,14,22,15,22,15,24;0,1,9,26,11,26,11,25,12,25,12,27;0,-1,18,11,18,10,17,10,17,9;0,1,11,24,13,24,13,26;0,1,16,28,16,30,18,30,18,31;1,0,20,26,21,26,21,25,23,25;0,1,8,23,9,23,9,25;1,0,25,9,24,9,24,10,27,10;-1,0,10,20,10,22,9,22;1,0,17,29,18,29,18,27,20,27;0,1,11,20,11,23,10,23,10,24;0,1,19,26,17,26,17,27;-1,0,12,19,12,22,13,22,13,23,12,23;0,-1,18,14,18,12,17,12,17,11;-1,0,20,25,18,25,18,24,17,24;1,0,27,14,28,14,28,15,29,15;0,-1,15,10,15,9;1,0,24,14,26,14,26,15,27,15;0,-1,22,11,22,9;0,-1,13,8,13,9,12,9,12,8;1,0,27,11,24,11,24,13,26,13;-1,0,10,15,10,12,9,12;0,-1,21,13,21,12,23,12,23,9;-1,0,12,10,12,11,11,11;0,-1,16,10,16,11,14,11,14,9;0,1,15,19,13,19,13,20;1,0,26,16,27,16;0,-1,15,12,15,13,13,13,13,11;0,-1,16,14,16,12;0,1,17,23,19,23,19,24;0,1,26,19,26,17,27,17,27,18;0,-1,21,15,21,14,23,14,23,13;0,-1,24,18,24,16;0,-1,11,14,11,12;-1,0,11,17,12,17,12,15,11,15;0,-1,15,14,12,14,12,12;0,-1,15,15,15,16,13,16,13,15;0,1,17,22,17,21,16,21,16,23;0,1,25,21,24,21,24,22;0,-1,12,18,15,18,15,17,16,17,16,15;0,1,17,20,17,19,16,19,16,20;0,-1,18,15,18,16,17,16,17,14;0,-1,25,16,25,19,23,19,23,18;-1,0,19,15,20,15,20,12,19,12;0,-1,20,16,19,16,19,18,17,18,17,17;0,-1,31,24,29,24,29,21,33,21,33,16;1,0,20,0,20,4,23,4,23,0,28,0,28,1,33,1;0,1,4,15,4,12,0,12,0,16,3,16,3,21;0,1,1,19,1,22,3,22,3,24,5,24,5,26;0,1,16,32,21,32,21,27,25,27,25,28;0,-1,14,8,14,6,10,6,10,11,9,11,9,8;-1,0,18,0,18,2,13,2,13,5,8,5;-1,0,9,29,9,28,4,28,4,25,3,25;1,0,11,33,13,33,13,31,14,31,14,34,16,34;0,1,0,20,0,25,2,25,2,27;1,0,24,36,19,36,19,33,22,33,22,31,26,31;1,0,30,12,30,7,26,7,26,5,23,5,23,8,27,8;0,1,32,25,29,25,29,27,34,27,34,30,33,30,33,34;-1,0,5,9,7,9,7,4,12,4,12,3,11,3;-1,0,14,36,11,36,11,34,8,34,8,31,4,31;-1,0,5,36,10,36,10,35,6,35,6,33,2,33;-1,0,7,0,4,0,4,1,6,1,6,5,4,5;0,1,1,27,0,27,0,30,1,30,1,34;1,0,29,34,29,31,27,31,27,35,30,35;1,0,31,12,31,15,34,15,34,11,31,11,31,8,32,8;0,-1,2,6,2,4,0,4,0,7,3,7,3,3;0,1,25,36,26,36,26,32,25,32,25,33;-1,0,4,3,4,4,5,4,5,2,1,2;1,0,33,36,31,36,31,35,33,35;1,0,30,2,27,2,27,1,26,1,26,3,28,3;-1,0,0,17,2,17,2,18,1,18;0,1,15,32,15,33,17,33,17,35;-1,0,6,12,5,12,5,13,7,13,7,11,2,11;0,-1,15,5,14,5,14,3,17,3,17,4,19,4,19,2;0,-1,22,0,22,3,21,3,21,1
34,42|0,1,7,32,7,33;0,1,11,35,11,36;1,0,25,28,26,28;0,1,12,35,12,36;0,-1,13,8,13,7;0,1,13,35,13,36;-1,0,12,10,10,10;-1,0,14,8,14,9,12,9,12,7,11,7;0,1,5,31,7,31,7,29,6,29,6,30;-1,0,7,13,8,13,8,16,7,16;-1,0,8,34,8,36,10,36,10,35,9,35;-1,0,11,12,11,11,9,11;-1,0,11,34,9,34,9,33,8,33;0,-1,12,13,12,12,13,12,13,11;-1,0,15,9,15,7,14,7;0,-1,11,13,10,13,10,15,9,15,9,13;1,0,27,12,27,11,28,11;1,0,26,7,26,10,29,10;1,0,24,9,25,9;1,0,19,36,20,36,20,34,21,34;1,0,25,8,23,8,23,10,25,10;1,0,24,28,23,28,23,27,24,27;0,-1,18,10,18,9,16,9,16,8;-1,0,14,37,14,34,12,34;0,-1,16,11,17,11,17,10;1,0,24,12,25,12,25,11,26,11;1,0,23,30,24,30,24,32,25,32;1,0,23,15,24,15;0,-1,21,8,22,8,22,5;-1,0,13,18,12,18,12,16,9,16;-1,0,15,10,14,10;1,0,22,9,19,9,19,8,20,8;-1,0,15,11,14,11,14,13,13,13;0,-1,15,13,15,12,18,12,18,11;0,-1,19,13,19,10;0,1,26,24,25,24,25,26;1,0,24,14,25,14,25,13,27,13;1,0,22,29,21,29,21,30,22,30;0,1,8,32,10,32,10,33;1,0,24,16,22,16,22,13,24,13;1,0,20,29,20,31,23,31;0,1,9,29,9,31,11,31,11,33;0,-1,15,15,15,14,17,14,17,13;-1,0,17,37,17,35,15,35,15,33,13,33;0,1,12,32,12,30,13,30,13,32;0,1,6,26,7,26,7,28,8,28,8,30;1,0,20,10,22,10,22,11,23,11;0,1,27,20,27,18,26,18,26,21;0,1,13,27,13,29,11,29,11,30;1,0,24,23,24,21,25,21;-1,0,20,13,21,13,21,11,20,11;0,1,24,26,24,25,22,25,22,27;0,1,18,34,19,34,19,35;-1,0,15,19,14,19;1,0,18,14,18,15,20,15,20,14,21,14;1,0,25,18,25,19,24,19,24,17,26,17;0,-1,23,17,23,20,21,20,21,19;-1,0,10,27,9,27;-1,0,16,33,16,32,14,32;1,0,23,21,21,21,21,22,23,22;1,0,19,20,20,20,20,23,22,23;1,0,17,34,17,33,20,33;1,0,19,21,18,21,18,19,20,19;0,-1,13,17,14,17,14,14;1,0,18,22,19,22,19,25,21,25;1,0,19,27,19,26,21,26;0,1,9,28,11,28,11,26,12,26,12,27;0,1,18,32,18,31,17,31,17,32;-1,0,15,23,14,23,14,21,13,21;1,0,18,26,18,28,20,28;-1,0,20,32,19,32,19,30,17,30;-1,0,15,24,15,26,13,26,13,25,11,25;0,-1,14,18,15,18,15,16;1,0,14,27,17,27,17,29,19,29;0,1,18,23,18,25,17,25,17,26;0,1,17,21,17,23;1,0,17,16,17,17,18,17,18,16,20,16;1,0,16,22,15,22,15,21,16,21;1,0,16,17,16,20,17,20,17,18,18,18;-1,0,7,40,11,40,11,37,6,37,6,35,4,35;0,1,23,2,27,2,27,7,30,7,30,12,28,12,28,15;0,-1,5,13,5,8,9,8,9,6,12,6,12,2;0,1,30,31,27,31,27,35,22,35,22,38,17,38,17,39;0,-1,0,35,2,35,2,31,0,31,0,26,3,26,3,23;-1,0,6,25,6,24,4,24,4,19,2,19;0,1,16,38,14,38,14,41,12,41,12,37,13,37,13,40;1,0,34,19,34,24,31,24,31,29,33,29;0,-1,11,1,13,1,13,0,15,0,15,4,13,4,13,2;0,-1,31,17,34,17,34,13,33,13,33,11,31,11,31,6;1,0,15,42,15,39,16,39,16,42,18,42,18,39,19,39;0,-1,14,6,14,5,18,5,18,1;0,-1,7,14,5,14,5,16,0,16,0,14,1,14,1,12;1,0,23,42,19,42,19,41,23,41,23,36,26,36;0,1,32,25,32,26,34,26,34,30,32,30,32,33;0,-1,1,2,1,7,4,7,4,4;0,1,24,39,24,42,29,42,29,39,32,39,32,41;1,0,31,36,31,32,28,32,28,34,29,34;1,0,19,6,19,1,23,1,23,0,28,0,28,2,32,2;-1,0,5,38,7,38,7,39,10,39,10,38,9,38;0,1,34,38,32,38,32,35,34,35,34,31,33,31,33,33;0,-1,4,3,4,1,2,1,2,5,3,5,3,3;1,0,34,0,34,5,30,5,30,6,28,6,28,4,31,4;1,0,34,10,34,7,32,7,32,10,33,10;-1,0,0,12,0,8,4,8,4,9,2,9;0,-1,11,5,8,5,8,7,5,7,5,4,8,4,8,2;-1,0,0,25,0,20,3,20,3,21,1,21;-1,0,0,36,3,36,3,39,6,39,6,40,1,40;1,0,29,21,32,21,32,23,28,23,28,18,30,18;0,-1,17,0,17,3,16,3,16,1
37,45|0,1,11,38,11,39;0,-1,32,11,32,10;0,-1,28,7,28,6;1,0,29,7,30,7;1,0,25,6,26,6;1,0,26,7,27,7;0,-1,31,11,31,10;1,0,31,12,32,12;1,0,29,11,30,11;1,0,29,10,30,10;0,-1,32,14,32,13;0,1,13,38,13,39;0,-1,27,9,27,8;-1,0,6,34,5,34;-1,0,6,31,5,31;0,1,14,38,14,39;-1,0,7,33,6,33;-1,0,6,30,5,30;1,0,29,9,30,9;0,1,11,36,11,37;0,1,16,37,16,38;-1,0,5,29,7,29,7,32,6,32;1,0,27,10,28,10,28,8,30,8;0,-1,29,12,28,12,28,11;0,1,14,36,14,37,12,37,12,38;1,0,30,12,30,13,31,13,31,15,32,15;0,1,10,38,10,37,9,37,9,39;0,1,5,35,7,35,7,36;1,0,25,10,25,8,26,8;1,0,21,5,21,6,22,6,22,7,25,7;0,1,8,39,8,35,12,35,12,36;0,-1,31,16,30,16,30,14;1,0,24,8,24,11,27,11;-1,0,13,8,15,8,15,6,14,6;-1,0,11,34,7,34;0,-1,23,11,23,8,21,8,21,7;1,0,28,14,28,13,29,13;0,-1,27,12,27,15,25,15,25,14;0,-1,21,9,20,9,20,7;-1,0,8,33,11,33,11,31,10,31;0,1,7,28,8,28,8,30;0,1,16,36,15,36,15,40;0,-1,14,9,16,9,16,8,19,8,19,6;0,1,18,34,18,36;0,1,13,33,14,33,14,35,17,35,17,39;0,-1,14,12,14,10,12,10,12,9;0,1,15,33,15,31,17,31,17,32;0,-1,12,14,14,14,14,13;0,-1,29,16,28,16,28,15;0,1,7,27,8,27,8,26,9,26,9,29;1,0,27,16,27,17,30,17;1,0,20,13,20,14,21,14;0,-1,18,12,18,14,19,14,19,13;0,-1,15,10,15,14,16,14,16,12;-1,0,9,25,9,22,8,22;0,-1,27,18,26,18,26,17;0,1,20,29,20,30;0,1,11,30,12,30,12,32;0,1,13,30,13,32;0,-1,19,16,21,16,21,15,17,15,17,13;1,0,24,16,24,18,25,18;-1,0,11,22,10,22,10,21,8,21;0,1,22,30,21,30,21,32;1,0,25,21,25,19,27,19;0,-1,23,15,23,17,22,17,22,16;0,-1,11,16,9,16,9,12;0,-1,21,19,21,17;0,-1,14,17,16,17,16,15;-1,0,9,17,10,17,10,20,7,20;-1,0,10,24,10,27,12,27,12,26,11,26;-1,0,13,29,11,29;0,1,20,28,19,28,19,29;-1,0,13,17,13,18,11,18;0,-1,11,20,11,19,14,19,14,18;0,-1,23,21,23,18;-1,0,12,20,12,23,11,23;0,1,15,29,14,29,14,32;0,1,21,27,21,29,23,29,23,33;-1,0,14,27,13,27;0,-1,24,20,24,22,22,22,22,19;0,-1,15,22,13,22,13,20,17,20,17,18;0,1,17,28,16,28,16,29,18,29,18,31;-1,0,18,27,15,27,15,28,12,28;-1,0,18,26,14,26;-1,0,19,27,19,25,16,25;0,-1,16,21,16,24,13,24,13,23;0,-1,23,28,23,25;1,0,20,27,20,26,22,26;1,0,21,20,21,23,22,23;0,1,18,20,18,23,17,23,17,24;0,-1,19,22,20,22,20,19;0,-1,19,23,20,23,20,25,22,25,22,24;0,1,31,7,36,7,36,11,34,11,34,16,32,16,32,20;0,1,29,45,24,45,24,43,21,43,21,39,18,39,18,42;-1,0,5,0,5,4,9,4,9,6,12,6,12,8,7,8;0,-1,6,38,6,36,4,36,4,31;0,-1,5,26,0,26,0,23,2,23,2,19;0,1,31,20,31,23,36,23,36,27,33,27,33,30;-1,0,4,7,6,7,6,10,2,10;-1,0,13,41,12,41,12,40,14,40,14,42,11,42;1,0,16,5,20,5,20,2,22,2;-1,0,14,43,12,43,12,45,9,45,9,42,4,42;1,0,32,34,34,34,34,36,29,36,29,32,34,32;0,-1,37,6,36,6,36,2,31,2,31,5,26,5,26,4;-1,0,6,43,8,43,8,45,3,45,3,40,1,40;-1,0,4,27,0,27,0,30,4,30,4,28,1,28;-1,0,10,39,10,41,6,41,6,39,3,39;-1,0,0,42,0,38,1,38,1,34,3,34,3,31,1,31;1,0,22,33,20,33,20,38,24,38;0,-1,24,3,24,0,27,0,27,4,29,4,29,1;0,1,17,42,17,41,15,41,15,43,18,43,18,44;1,0,29,39,29,37,25,37,25,41,30,41,30,37,32,37;1,0,37,40,37,38,35,38,35,40,33,40,33,37,35,37;-1,0,10,13,10,9,8,9,8,12,3,12;0,1,37,45,37,43,32,43,32,38,31,38,31,43;-1,0,2,5,2,9,5,9,5,8,3,8;0,-1,2,15,2,12,1,12,1,7;1,0,36,29,36,31,32,31,32,29,27,29,27,31,29,31;0,-1,13,7,13,5,15,5,15,4,13,4,13,2;0,-1,21,4,21,3,22,3,22,5,23,5,23,3;0,-1,12,1,12,5,10,5,10,1;0,-1,14,2,19,2,19,4,17,4,17,3;-1,0,0,37,0,32,2,32,2,33,1,33;1,0,30,3,30,1,33,1;-1,0,1,41,2,41,2,43,1,43;1,0,37,22,37,19,33,19,33,17,34,17;0,1,20,42,20,40,19,40,19,42;-1,0,3,7,3,5,4,5,4,1,3,1;0,-1,4,0,0,0,0,4,2,4,2,3;1,0,37,32,37,35,35,35,35,32,36,32;-1,0,8,14,7,14,7,16,5,16;0,-1,12,0,9,0,9,3,8,3,8,2;-1,0,3,15,3,13,4,13,4,16,3,16;0,1,23,44,23,45,19,45,19,43,20,43,20,44;1,0,35,29,35,30,34,30,34,28,35,28;-1,0,9,18,9,19,8,19,8,18,4,18;0,1,32,45,30,45,30,44,27,44,27,42,30,42,30,43;1,0,37,0,34,0,34,1,36,1;1,0,36,39,36,42,33,42,33,41,35,41;1,0,37,18,35,18,35,13,36,13;-1,0,0,16,0,18,2,18,2,16,1,16;0,-1,8,1,8,0,6,0,6,3,7,3,7,1
33,39|-1,0,7,8,6,8;0,1,8,31,8,32;-1,0,9,8,8,8;-1,0,10,26,9,26;0,-1,11,6,11,5;-1,0,10,24,9,24;0,1,7,22,7,23;0,1,27,29,27,28,26,28,26,30;-1,0,10,5,10,7,8,7;0,1,25,31,25,29,24,29,24,31;-1,0,11,33,9,33,9,30,8,30;1,0,22,29,23,29,23,28,25,28;1,0,27,10,27,11,28,11;-1,0,9,28,9,27,11,27,11,28,10,28;-1,0,9,29,11,29,11,31,10,31;-1,0,13,34,13,32,10,32;1,0,23,11,24,11,24,12,26,12;-1,0,11,25,9,25;-1,0,14,31,14,29,13,29,13,31,12,31;0,1,11,26,12,26,12,28;-1,0,8,22,8,21,6,21;0,-1,6,14,7,14,7,12,6,12,6,9;1,0,23,7,24,7;0,1,15,30,15,32,14,32,14,33;0,1,23,30,23,32,22,32,22,33;0,-1,9,12,8,12,8,10;0,-1,8,14,8,13,10,13,10,11;0,1,26,23,26,26;0,-1,27,8,25,8,25,9,28,9,28,8;1,0,23,12,23,13,26,13;0,1,23,25,25,25,25,27;0,1,15,29,16,29,16,31;0,1,13,26,13,28;1,0,22,24,25,24,25,22,26,22;0,-1,20,9,19,9,19,8;-1,0,14,27,14,25,12,25;1,0,22,31,20,31,20,32,21,32;-1,0,18,31,18,32,17,32;-1,0,13,24,11,24;1,0,21,8,24,8,24,10,26,10;1,0,18,33,19,33,19,30,22,30;-1,0,9,16,7,16,7,18,5,18;0,1,18,29,18,28,19,28,19,29;0,-1,11,7,12,7,12,9,13,9,13,8;1,0,19,27,20,27,20,29,21,29;0,-1,13,10,14,10,14,8,17,8,17,7;1,0,24,19,25,19;-1,0,15,27,15,28,14,28;0,1,22,21,24,21,24,23;1,0,18,12,21,12,21,9,23,9;-1,0,9,22,9,20,8,20;0,-1,25,15,25,18,27,18,27,16;1,0,23,20,23,18,24,18;0,1,20,25,20,26;1,0,24,15,24,16,22,16,22,14,24,14;0,-1,14,11,14,12,12,12,12,10;1,0,22,19,22,20,21,20,21,17,23,17;0,-1,16,13,16,11,15,11,15,9;1,0,19,16,21,16,21,13,22,13;0,-1,17,15,17,14,15,14,15,12;0,1,16,28,16,27,17,27,17,29;-1,0,12,20,11,20;0,1,13,23,13,22,11,22,11,23;-1,0,10,15,8,15;-1,0,10,16,11,16,11,14,10,14;0,-1,21,23,21,21;0,1,19,24,19,26,18,26,18,27;0,1,12,19,13,19,13,21,10,21,10,23;0,-1,8,18,8,19,9,19,9,17;-1,0,13,18,12,18,12,17,10,17;-1,0,17,26,15,26;-1,0,14,20,14,19,15,19,15,18,14,18;0,1,20,22,20,24,21,24,21,25;0,-1,13,17,15,17,15,16;0,1,20,21,19,21,19,23;0,1,14,24,14,23,15,23,15,25;0,-1,18,22,18,19;1,0,18,23,18,25,16,25,16,23,17,23;-1,0,16,17,16,20,17,20,17,22,15,22;0,-1,10,36,12,36,12,34,7,34,7,30,2,30,2,25;0,-1,5,25,3,25,3,23,1,23,1,20;0,1,29,9,29,11,30,11,30,14;1,0,30,36,26,36,26,39,23,39,23,36,25,36;1,0,4,4,4,0,6,0,6,1,10,1,10,3,14,3;0,-1,29,7,25,7,25,5,21,5,21,3;0,-1,2,6,2,4,0,4,0,9,3,9,3,7;1,0,17,4,19,4,19,0,24,0,24,2,29,2;1,0,32,16,30,16,30,19,27,19,27,22,29,22;-1,0,16,34,16,35,17,35,17,33,15,33,15,38,11,38;-1,0,6,15,6,16,4,16,4,18,2,18;0,1,1,35,1,36,0,36,0,34,2,34,2,38;1,0,29,1,29,0,31,0,31,3,27,3,27,6,31,6;1,0,30,35,30,34,26,34,26,31,28,31;1,0,33,29,31,29,31,32,27,32,27,33,28,33;0,1,33,36,33,32,32,32,32,34;0,1,23,35,25,35,25,34,22,34,22,37;0,1,31,39,33,39,33,37,32,37,32,35,31,35,31,38;-1,0,1,18,0,18,0,13,5,13,5,15,2,15;0,1,22,38,22,39,21,39,21,34,18,34,18,36;0,-1,18,1,16,1,16,4,14,4,14,7,16,7,16,5;1,0,33,20,28,20,28,21,29,21;0,1,11,35,7,35,7,38;0,1,0,28,1,28,1,31,6,31,6,33;1,0,32,21,32,26,27,26,27,23,31,23;1,0,28,5,33,5,33,7,30,7,30,10,31,10;1,0,33,12,33,8,31,8,31,9,32,9;-1,0,2,3,0,3,0,0,3,0,3,2,1,2;0,-1,15,0,15,2,11,2,11,1;0,1,8,39,8,36,9,36,9,38
36,41|-1,0,6,30,5,30;-1,0,10,36,9,36;-1,0,8,35,7,35;1,0,30,13,31,13;-1,0,7,34,6,34;-1,0,10,35,9,35;0,1,11,35,11,36;-1,0,13,36,12,36;0,1,14,35,14,36;0,-1,31,15,31,14;-1,0,9,34,8,34;0,-1,28,9,28,8;-1,0,7,33,6,33;1,0,28,13,29,13;0,1,10,33,10,34;-1,0,12,34,11,34;0,1,15,35,15,36;1,0,26,13,27,13;0,1,11,32,11,33;0,-1,21,7,21,6;1,0,25,7,25,8,27,8;1,0,26,9,26,10,28,10,28,12,30,12;0,-1,29,15,30,15,30,14;-1,0,17,10,17,9,16,9;0,1,8,31,6,31,6,32,8,32,8,33;0,-1,21,9,21,8,22,8,22,5;0,-1,24,9,23,9,23,6;0,1,9,33,9,31,10,31,10,32;-1,0,19,9,18,9,18,8,17,8;0,-1,18,12,19,12,19,10;0,-1,30,19,30,16,28,16,28,14;-1,0,7,30,9,30,9,29,7,29;0,-1,25,11,25,9;0,-1,25,14,25,12,27,12,27,11;-1,0,12,32,13,32,13,35,12,35;0,-1,24,10,24,11,22,11,22,9;0,-1,27,19,29,19,29,17;-1,0,10,30,12,30,12,31,11,31;-1,0,7,27,7,28,10,28,10,27,9,27;0,-1,20,11,20,9;0,1,11,28,11,29,13,29,13,31;0,-1,10,18,10,19,12,19,12,17;0,-1,20,12,20,14,19,14,19,13;0,-1,17,13,14,13,14,11;1,0,21,10,21,12,24,12;1,0,23,14,23,15,25,15;1,0,22,15,22,13,24,13;0,-1,26,19,26,18;0,-1,28,20,25,20,25,18;-1,0,14,34,15,34,15,33,14,33;-1,0,13,16,15,16,15,14,14,14;0,-1,8,25,7,25,7,23,8,23,8,22;-1,0,10,24,10,26,7,26;0,1,18,32,18,33,16,33,16,36;0,-1,18,16,18,15,17,15,17,14;-1,0,10,22,10,21,11,21,11,23,9,23;0,-1,23,18,24,18,24,16,21,16,21,13;0,1,12,23,12,24,11,24,11,25;0,-1,14,17,16,17,16,15;1,0,24,20,23,20,23,22,25,22;0,-1,17,16,17,17,20,17,20,15;0,1,9,19,9,20,12,20,12,22;0,-1,21,17,21,19,22,19,22,18;1,0,20,26,20,27,22,27;0,-1,15,22,13,22,13,20;-1,0,17,21,16,21,16,23,14,23;0,1,21,30,21,32,19,32,19,34;1,0,14,32,17,32;0,1,21,28,20,28,20,31;0,1,19,31,19,29,17,29,17,30;0,1,16,31,15,31,15,29,14,29,14,31;-1,0,18,21,18,18,16,18;-1,0,15,25,15,24,13,24;0,1,17,28,16,28,16,30;0,-1,19,20,19,19,20,19,20,18;-1,0,17,24,17,25,16,25,16,26,14,26;0,1,22,23,22,24,20,24,20,25;0,-1,15,27,17,27,17,26,19,26,19,23;0,1,20,23,20,20,22,20,22,21;0,1,19,35,19,37,14,37,14,38;1,0,8,2,8,5,12,5,12,7,17,7,17,4,20,4;0,1,5,23,5,28,1,28,1,33,5,33,5,36;1,0,28,4,24,4,24,1,21,1,21,4,23,4;-1,0,8,6,8,9,13,9,13,14,10,14;1,0,11,40,16,40,16,38,19,38;0,-1,33,8,33,13,32,13,32,17,34,17,34,12;1,0,35,2,30,2,30,5,28,5,28,6,30,6;-1,0,5,13,5,18,0,18,0,23,4,23,4,26,2,26;0,1,29,26,29,30,34,30,34,35,30,35,30,39;0,1,27,41,30,41,30,40,26,40,26,36,22,36,22,39;1,0,29,11,29,7,33,7,33,3,31,3,31,4,32,4;-1,0,13,41,9,41,9,38,4,38;0,-1,34,1,31,1,31,0,28,0,28,3,25,3,25,1;1,0,28,21,28,25,30,25,30,29,33,29;0,-1,20,0,20,3,18,3,18,1;0,1,0,34,0,37,3,37,3,39,7,39,7,40;1,0,35,34,35,30,36,30,36,26,34,26,34,29,35,29;0,-1,17,3,17,2,14,2,14,4,9,4,9,3;0,-1,10,12,5,12,5,10,1,10,1,8,5,8,5,6;0,-1,9,1,4,1,4,6,2,6,2,4;1,0,35,13,36,13,36,10,34,10,34,7,35,7;0,1,21,35,22,35,22,33,20,33,20,36;1,0,33,26,32,26,32,23,34,23;1,0,35,14,35,15,36,15,36,18,32,18,32,22,34,22;-1,0,3,27,0,27,0,24,3,24,3,25,2,25;-1,0,1,11,4,11,4,13,3,13;1,0,36,7,36,3,34,3,34,4,35,4;-1,0,3,5,3,2,1,2;0,1,34,41,34,39,32,39,32,36,34,36,34,38
36,37|-1,0,6,11,5,11;0,-1,6,10,6,9;-1,0,8,9,7,9;0,-1,5,14,5,13;-1,0,8,10,7,10;0,1,29,29,29,30;1,0,27,30,28,30;1,0,30,26,31,26;1,0,29,27,30,27;0,-1,6,13,6,12;-1,0,8,11,7,11;0,1,5,16,5,17;-1,0,8,12,7,12;-1,0,6,15,5,15;1,0,29,25,30,25;1,0,30,21,31,21;-1,0,10,9,9,9;-1,0,12,9,11,9;-1,0,10,12,9,12;-1,0,10,10,9,10;1,0,28,20,30,20;-1,0,12,11,12,10,11,10,11,11,9,11;1,0,27,26,29,26;1,0,30,23,30,22,28,22,28,24,29,24;1,0,27,29,28,29,28,28,30,28;1,0,25,22,27,22;-1,0,13,11,13,12,11,12;1,0,29,21,26,21,26,20,27,20;1,0,27,23,26,23,26,25,28,25;0,-1,15,9,15,8,17,8,17,5;-1,0,6,14,8,14,8,13,7,13;0,1,27,28,26,28,26,31;0,1,24,28,25,28,25,29;1,0,25,24,25,26,26,26,26,27,28,27;1,0,23,32,23,31,21,31,21,29,23,29;0,1,28,15,28,18,29,18,29,19;0,1,17,30,17,31,14,31,14,32;0,-1,6,18,6,16,7,16,7,15;1,0,25,18,26,18,26,19,27,19;0,1,18,30,18,32;-1,0,20,10,19,10,19,11,17,11;1,0,19,20,21,20;0,1,19,32,19,29,20,29,20,30;0,-1,20,8,23,8,23,7;0,1,20,28,17,28,17,29;1,0,23,27,25,27;1,0,24,26,22,26,22,28,23,28;-1,0,10,13,9,13,9,16,8,16;1,0,25,14,26,14,26,17,27,17;1,0,23,21,23,24,24,24;0,-1,14,15,14,14,16,14,16,13;0,1,12,29,12,27,14,27,14,29;-1,0,13,13,12,13,12,15,11,15;0,1,19,27,17,27,17,26,15,26,15,28;1,0,23,10,23,11,25,11,25,13,26,13;-1,0,13,14,13,16,11,16;0,1,10,25,10,26,11,26,11,29;1,0,21,26,21,25,24,25;0,-1,22,11,22,9,19,9,19,8;0,1,22,22,22,24;1,0,21,23,20,23,20,21,22,21;0,-1,23,15,23,12,21,12,21,11;0,-1,14,16,14,18,13,18,13,17;0,1,17,25,20,25,20,27;0,1,13,23,11,23,11,25;0,1,13,21,11,21,11,22,10,22,10,24;0,-1,7,17,9,17,9,19,10,19,10,17;1,0,24,18,23,18,23,17,25,17;1,0,22,14,22,16,25,16;-1,0,18,23,18,24,17,24;0,-1,12,20,12,18,11,18,11,17;0,1,14,22,14,19,13,19,13,20;1,0,17,22,19,22,19,24,20,24;0,-1,15,21,15,18,16,18,16,17;-1,0,17,20,17,21,16,21;1,0,22,17,22,19,23,19;-1,0,19,13,19,14,17,14;1,0,18,19,18,21,19,21;0,-1,21,18,21,16,20,16,20,14;0,1,19,15,19,18,17,18,17,19;0,-1,36,21,35,21,35,25,32,25,32,22;1,0,31,27,31,28,32,28,32,26,33,26;0,-1,34,21,33,21,33,16,29,16,29,12,26,12,26,7;-1,0,27,3,27,0,22,0,22,2,19,2;1,0,21,34,21,35,18,35,18,33,23,33,23,36,27,36;-1,0,5,5,5,2,9,2,9,6,4,6,4,11,3,11;-1,0,21,36,21,37,16,37,16,35,14,35;0,1,8,34,3,34,3,37,0,37,0,32,2,32,2,35;0,-1,4,25,9,25,9,20,4,20,4,16,1,16,1,12;0,1,31,37,28,37,28,32,30,32,30,29,32,29,32,32;0,-1,4,15,2,15,2,10,0,10,0,5,4,5,4,3;-1,0,11,30,7,30,7,27,3,27;1,0,18,3,18,0,15,0,15,4,18,4;0,1,36,24,36,26,34,26,34,29;1,0,19,4,23,4,23,1,25,1,25,5,30,5;1,0,36,16,36,14,34,14,34,19,35,19;0,-1,32,4,32,8,30,8,30,13,32,13,32,11;0,1,34,32,36,32,36,27,35,27,35,30;0,1,32,34,32,37,36,37,36,33,35,33,35,34;1,0,31,12,31,9,33,9;0,-1,32,14,30,14,30,15,33,15,33,13,34,13,34,8;-1,0,3,0,5,0,5,1,1,1;1,0,26,1,26,4,28,4,28,2,30,2;0,1,14,37,14,36,11,36,11,31,9,31,9,35;0,-1,36,13,36,9,35,9,35,4;1,0,33,2,33,0,28,0,28,1,31,1,31,3,35,3;0,-1,15,5,16,5,16,6,14,6,14,2;1,0,36,3,36,0,34,0,34,2,35,2;-1,0,3,21,0,21,0,24,2,24,2,27,1,27;0,-1,13,8,10,8,10,6,12,6,12,4
36,38|-1,0,7,17,6,17;-1,0,13,8,12,8;-1,0,6,23,5,23;-1,0,7,22,6,22;0,-1,6,25,6,24;0,-1,11,13,11,12;0,1,14,31,14,32;1,0,29,18,30,18;-1,0,6,28,6,26,8,26,8,28,7,28;1,0,28,10,28,11,30,11;0,1,12,33,11,33,11,31,13,31,13,32;0,1,10,33,10,30,8,30,8,31;-1,0,9,28,10,28,10,29,8,29;-1,0,11,30,11,27,9,27;0,1,7,25,7,23,9,23,9,25;1,0,28,9,27,9,27,8,29,8;0,1,14,29,15,29,15,32;0,1,10,26,12,26,12,23,10,23,10,25;-1,0,16,6,16,7,13,7;1,0,28,23,30,23;-1,0,16,10,16,9,14,9;1,0,26,26,29,26;0,-1,12,15,12,13;1,0,27,23,27,24,30,24;0,-1,25,12,25,10,23,10,23,7;0,1,13,26,14,26,14,28;1,0,24,24,25,24,25,25,28,25;1,0,23,26,23,23,26,23;1,0,17,32,17,33,19,33,19,32,22,32;0,-1,14,8,17,8,17,6;-1,0,8,20,8,18,7,18;1,0,21,27,23,27,23,28,24,28;0,-1,18,6,20,6,20,5;-1,0,7,21,9,21,9,22,8,22;0,-1,18,8,18,7;0,1,27,22,28,22,28,20,29,20,29,22;1,0,26,21,27,21,27,19,29,19;-1,0,21,7,19,7,19,9,18,9;0,1,16,28,17,28,17,30,16,30,16,33;0,-1,8,16,8,14,9,14,9,11;0,-1,17,10,20,10,20,8;1,0,30,17,31,17;0,-1,15,17,15,14,13,14,13,13;0,-1,22,11,22,9;0,-1,18,11,21,11,21,9;1,0,26,20,26,19,25,19,25,18,27,18;-1,0,18,13,20,13,20,12,18,12;-1,0,10,15,9,15,9,17,8,17;0,-1,18,15,18,16,16,16,16,15;-1,0,16,26,15,26;-1,0,10,19,10,20,9,20;1,0,28,12,30,12,30,13,31,13;0,1,31,16,29,16,29,17;0,-1,20,14,21,14,21,12;1,0,22,25,22,26,21,26,21,24,22,24;0,-1,9,18,10,18,10,16;1,0,24,21,24,20,23,20,23,19,24,19;0,-1,11,17,11,14;1,0,27,13,29,13,29,15,31,15;0,1,15,27,18,27,18,28;0,-1,27,14,26,14,26,12,27,12,27,11;0,-1,22,15,24,15,24,14;0,-1,21,15,19,15,19,14;0,1,28,17,28,15,26,15,26,17;0,1,14,25,14,23,13,23,13,24;0,-1,24,18,24,16,25,16,25,13;0,1,11,19,11,21,10,21,10,22;1,0,21,21,21,18,23,18;-1,0,12,16,12,18,11,18;1,0,20,25,20,23,22,23;1,0,23,17,21,17,21,16,22,16;1,0,18,26,18,25,19,25;0,-1,15,20,15,18;0,-1,12,19,13,19,13,17;0,1,19,24,16,24,16,25,17,25,17,26;0,-1,12,20,12,22,14,22,14,19;0,1,15,24,15,21,18,21,18,23;0,1,20,22,20,21,19,21,19,23;1,0,18,19,18,20,19,20;-1,0,17,18,20,18,20,16,19,16;0,-1,25,26,25,31,30,31,30,26,32,26,32,23;-1,0,4,13,4,9,9,9,9,7,12,7,12,6,7,6;1,0,24,9,24,4,20,4,20,2,22,2;0,-1,31,18,31,19,30,19,30,22,32,22,32,17;-1,0,7,34,10,34,10,38,15,38,15,37,13,37;0,-1,36,16,36,11,34,11,34,13,32,13,32,8;0,-1,1,17,3,17,3,16,0,16,0,21,3,21,3,18;0,-1,4,4,0,4,0,7,1,7,1,11,3,11,3,9;-1,0,0,28,0,33,1,33,1,28,5,28,5,24,1,24;1,0,16,5,16,3,18,3,18,0,20,0,20,1,25,1;0,-1,28,2,28,0,32,0,32,3,27,3,27,1;1,0,30,32,32,32,32,36,28,36,28,33,31,33;0,-1,2,10,2,8,5,8,5,6;0,1,15,35,20,35,20,33,22,33,22,35;-1,0,5,16,5,19,7,19,7,20,4,20,4,23,3,23;0,-1,12,2,8,2,8,0,5,0,5,5,7,5,7,2;0,1,23,38,20,38,20,37,25,37,25,32,27,32,27,35;1,0,26,33,26,37,28,37;0,1,32,31,31,31,31,30,33,30,33,34;1,0,26,38,29,38,29,37,31,37;1,0,35,17,33,17,33,22,35,22;0,1,36,22,36,27,33,27,33,23,35,23,35,24;-1,0,6,34,6,37,9,37,9,35,8,35;1,0,36,34,36,31,34,31,34,34,35,34;0,1,8,33,8,32,3,32,3,37;0,-1,28,4,28,5,33,5,33,8,34,8,34,3;-1,0,6,11,6,13,5,13,5,10,7,10,7,14,5,14;-1,0,0,10,0,15,3,15,3,13,2,13;0,-1,2,2,2,0,4,0,4,3,3,3,3,1;0,-1,27,10,26,10,26,5
39,49|-1,0,6,32,5,32;0,-1,13,8,13,7;-1,0,7,12,6,12;0,-1,14,8,14,7;-1,0,7,16,6,16;0,-1,15,8,15,7;0,-1,17,7,17,6;-1,0,9,10,8,10;1,0,28,17,29,17;-1,0,8,15,7,15;-1,0,8,32,7,32;-1,0,9,40,9,38,5,38;-1,0,10,10,10,9,8,9;1,0,25,28,27,28;-1,0,7,29,7,31,6,31;-1,0,7,18,8,18,8,17,7,17;1,0,25,27,29,27;-1,0,8,31,8,28,7,28;1,0,27,17,27,16,29,16;0,-1,21,9,21,7;-1,0,12,38,10,38;-1,0,9,18,9,16,8,16;0,-1,15,9,11,9,11,5;-1,0,8,11,8,13,6,13;-1,0,13,13,11,13;-1,0,12,10,12,12,9,12;0,-1,13,12,13,10,16,10,16,7;-1,0,10,16,10,15,9,15,9,14,5,14;1,0,24,28,24,29,26,29;0,1,9,32,9,33,6,33,6,37;1,0,29,14,26,14,26,15,28,15;0,-1,19,8,19,5;-1,0,11,16,11,17,10,17;0,1,13,36,13,38,15,38,15,40;0,-1,15,18,15,17;1,0,24,35,22,35,22,37,23,37;1,0,30,10,30,13,28,13,28,12,29,12;0,-1,17,10,17,8,18,8,18,7;1,0,26,11,29,11;0,1,21,36,19,36,19,38;0,-1,23,7,23,8,24,8,24,6;0,-1,19,12,19,10,18,10,18,9;1,0,28,26,25,26,25,24,26,24;0,1,10,33,10,30,9,30,9,31;0,1,14,37,18,37,18,40;1,0,23,29,23,31,25,31;1,0,22,6,22,9,24,9;1,0,21,34,24,34,24,33,26,33;0,1,28,19,27,19,27,20,29,20,29,21;0,-1,29,10,25,10,25,11,24,11,24,10;1,0,23,28,22,28,22,27,24,27;1,0,21,31,21,32,23,32;0,-1,25,12,23,12,23,10,20,10,20,7;0,1,25,23,24,23,24,25;1,0,25,22,25,20,26,20;0,1,15,33,14,33,14,34;0,-1,21,11,21,13,18,13,18,11;1,0,19,33,23,33;0,1,13,31,12,31,12,34,13,34,13,35;0,1,24,21,24,22,23,22,23,26;0,1,14,32,14,30,11,30,11,33;1,0,20,26,20,28,21,28;0,-1,20,16,20,14,22,14,22,11;1,0,20,31,20,30,21,30;0,-1,16,18,19,18,19,14;1,0,18,28,18,29,22,29;0,1,22,20,22,21;1,0,23,21,23,19,26,19;0,-1,26,17,25,17,25,15;-1,0,19,35,18,35,18,36,16,36;1,0,21,16,24,16,24,18,27,18;-1,0,16,33,17,33,17,32,15,32;0,-1,12,18,12,16;1,0,22,19,22,18,23,18;0,1,18,31,18,34,20,34,20,35;0,1,20,32,19,32,19,30,16,30,16,31;0,-1,11,20,11,19;0,1,18,27,17,27,17,28;0,1,22,17,21,17,21,20;0,1,15,28,15,31;1,0,19,21,19,22,20,22;0,-1,17,20,20,20,20,18;0,-1,19,25,19,24;1,0,9,29,12,29;-1,0,13,17,13,19,12,19;1,0,18,25,18,26,19,26;0,1,12,28,14,28,14,27,16,27,16,28;0,1,17,24,17,21,18,21,18,24;0,-1,16,22,16,19,14,19,14,17;0,-1,15,20,15,22,13,22,13,21;0,1,9,27,9,28;0,1,15,26,14,26,14,25,10,25,10,28;0,-1,15,23,16,23,16,24,12,24,12,20;0,1,35,22,35,25,31,25,31,30,29,30,29,33;1,0,6,7,6,2,11,2,11,0,16,0,16,1,21,1;0,1,2,8,6,8,6,9,2,9,2,14;0,-1,35,19,35,16,31,16,31,12;-1,0,18,45,22,45,22,40,27,40,27,43,23,43;0,1,0,18,0,16,3,16,3,14,4,14,4,17;1,0,23,6,23,5,25,5,25,0,22,0,22,1,24,1;-1,0,10,45,15,45,15,42,10,42;0,1,6,22,9,22,9,24,5,24,5,28,1,28,1,32;0,1,4,35,4,38,2,38,2,43;0,-1,33,5,34,5,34,0,32,0,32,5,28,5,28,1;1,0,27,4,27,1,26,1,26,6,29,6,29,9,33,9;1,0,30,8,30,7,34,7,34,10,32,10,32,12,33,12;0,1,4,45,4,44,0,44,0,40,1,40,1,42;1,0,29,36,29,38,33,38,33,35,28,35,28,40,30,40;1,0,35,10,35,15,32,15,32,14,34,14;0,1,32,34,35,34,35,39,33,39,33,41;-1,0,0,20,0,24,4,24,4,26,1,26;1,0,30,34,30,31,32,31,32,26,34,26;0,-1,1,14,1,9,0,9,0,4,2,4,2,2;0,-1,5,1,5,5,3,5,3,7,5,7,5,6;1,0,35,30,35,28,33,28,33,30,34,30;0,-1,8,0,3,0,3,2,4,2,4,4,3,4,3,3;1,0,31,34,31,32,33,32;0,1,32,39,31,39,31,42,33,42,33,43;1,0,32,43,30,43,30,41,28,41,28,44,33,44;-1,0,3,17,1,17,1,18,4,18,4,19,2,19;0,1,3,42,6,42,6,45,8,45,8,40,7,40,7,44;0,1,17,43,17,38,16,38,16,41;0,-1,26,0,29,0,29,4,31,4,31,2;-1,0,1,36,1,39,0,39,0,35,3,35,3,37,2,37;1,0,29,15,30,15,30,20,32,20;0,1,13,40,12,40,12,39,14,39,14,41,9,41,9,44;0,-1,0,0,0,3,1,3,1,2;1,0,34,21,34,23,33,23,33,20,34,20;-1,0,1,33,5,33,5,34,1,34;0,1,34,44,35,44,35,40,34,40,34,42;0,-1,36,40,37,40,37,35,36,35,36,30;1,0,37,16,37,20,35,20,35,21,36,21;1,0,20,47,22,47,22,46,27,46;-1,0,21,46,18,46,18,47,13,47,13,46,9,46;1,0,25,44,23,44,23,45,25,45;1,0,33,46,33,47,28,47,28,45,33,45;1,0,37,0,37,5,35,5,35,1,36,1;0,1,36,42,36,47,34,47,34,45,35,45,35,46;-1,0,4,47,8,47,8,46,7,46;1,0,36,15,36,11,37,11,37,6,35,6,35,7,36,7;-1,0,1,46,1,45,0,45,0,47,3,47,3,45,2,45;1,0,36,28,36,29,37,29,37,27,35,27,35,26,36,26;-1,0,19,47,19,48,14,48;0,-1,36,22,36,23,38,23,38,18;0,-1,38,0,39,0,39,4,38,4,38,1
33,42|0,1,5,32,5,33;0,1,5,30,5,31;-1,0,6,29,5,29;1,0,24,9,25,9;0,-1,23,7,23,6;1,0,21,6,22,6;-1,0,7,28,6,28;0,1,11,35,11,36;1,0,27,11,28,11;0,1,9,36,9,37;1,0,26,16,27,16;-1,0,7,35,6,35;1,0,24,16,25,16;1,0,28,12,26,12,26,10,27,10;1,0,27,14,27,15,28,15;1,0,25,14,25,13,27,13;0,1,6,36,8,36,8,34,10,34,10,37;1,0,24,7,24,8,23,8,23,11,25,11;-1,0,10,9,12,9,12,7,11,7;0,-1,24,13,24,12;1,0,18,10,19,10;1,0,23,13,23,14,24,14;-1,0,13,9,15,9,15,8,13,8;0,1,8,33,11,33,11,34;0,1,20,31,20,32;1,0,22,16,23,16,23,15,26,15;0,1,18,34,18,33,16,33,16,34;0,1,18,30,17,30,17,32;-1,0,6,18,6,17,8,17,8,16,6,16;-1,0,15,7,14,7,14,6,12,6;1,0,18,9,19,9,19,7,22,7;0,1,8,32,8,31,6,31,6,34;0,1,14,32,14,35,12,35,12,37;0,-1,11,11,11,10;0,1,16,32,16,31,15,31,15,33;-1,0,9,32,9,30,6,30;0,-1,7,14,8,14,8,13;-1,0,8,24,7,24;0,1,9,29,10,29,10,32;0,-1,14,14,14,13;1,0,20,16,21,16,21,15,22,15;-1,0,11,17,9,17,9,15,7,15;-1,0,7,26,6,26;-1,0,9,24,9,25,8,25,8,27,6,27;0,-1,13,14,13,12,12,12,12,10;1,0,19,13,21,13,21,12,23,12;0,1,13,29,14,29,14,31;0,-1,12,14,12,13;0,1,21,32,21,30,19,30,19,33;0,1,21,27,19,27,19,29;0,-1,6,20,7,20,7,18;-1,0,10,28,8,28,8,29,7,29;1,0,19,16,19,14,21,14;0,-1,17,11,17,8,18,8,18,5;1,0,18,11,18,12,20,12;1,0,22,18,23,18,23,17,24,17;-1,0,10,27,9,27;0,1,18,29,16,29,16,30;0,1,15,30,15,27,17,27,17,28;-1,0,9,20,9,18,8,18,8,21,7,21;0,-1,9,13,10,13,10,11;-1,0,10,16,10,14,9,14;0,-1,14,16,14,15,11,15,11,12;-1,0,9,26,10,26,10,23,8,23;0,-1,16,15,18,15,18,13,17,13,17,12;0,1,20,26,18,26,18,28;0,1,13,25,13,27,11,27,11,29;-1,0,13,20,10,20,10,21,9,21;0,1,17,25,14,25,14,27;1,0,19,17,19,18,21,18;0,-1,16,17,18,17,18,16;1,0,19,23,19,24,20,24;1,0,18,22,18,25,20,25;0,1,9,22,11,22,11,24;0,-1,11,18,13,18,13,16;-1,0,18,18,15,18,15,17,14,17;0,1,11,19,14,19,14,22,12,22,12,24;1,0,19,19,18,19,18,20,20,20;0,1,17,22,17,24;0,1,17,19,17,21,15,21,15,22;0,1,8,42,12,42,12,39,16,39,16,35,19,35,19,38;0,-1,33,10,33,12,29,12,29,17,32,17,32,13;-1,0,6,21,6,23,1,23,1,26,5,26,5,28,4,28;-1,0,1,12,1,7,4,7,4,5,8,5,8,3,3,3;0,1,33,19,33,24,30,24,30,22,28,22,28,27;0,1,0,31,0,27,1,27,1,32;0,1,17,39,17,36,18,36,18,39,21,39,21,41;-1,0,32,7,32,11,31,11,31,7,26,7,26,2,22,2;-1,0,5,35,5,39,2,39,2,42,7,42,7,40,3,40;-1,0,0,41,1,41,1,38,4,38,4,36,1,36;1,0,2,5,2,0,5,0,5,1,8,1;0,-1,15,5,13,5,13,4,18,4,18,3;-1,0,1,13,5,13,5,16,4,16;1,0,21,42,24,42,24,39,28,39;0,-1,9,0,9,3,13,3,13,1;1,0,16,2,18,2,18,1,20,1;-1,0,2,15,1,15,1,14,3,14,3,16,1,16;1,0,25,36,20,36,20,38,25,38,25,37,29,37;1,0,23,1,23,0,27,0,27,2,30,2;1,0,31,0,31,3,27,3,27,6,28,6;0,-1,10,0,12,0,12,2,10,2,10,1;1,0,26,38,29,38,29,41,32,41;-1,0,4,21,2,21,2,17,5,17,5,22,2,22;0,-1,33,3,33,6,32,6,32,3;1,0,27,29,29,29,29,25,31,25;1,0,23,33,20,33,20,34,22,34;0,1,19,40,19,42,17,42,17,40,13,40,13,41;1,0,33,28,30,28,30,32,26,32,26,36,30,36;1,0,33,26,30,26,30,27,31,27;1,0,24,28,24,23,27,23,27,18,29,18
34,37|-1,0,7,24,6,24;-1,0,8,23,7,23;-1,0,8,22,7,22;-1,0,8,9,7,9;-1,0,8,25,7,25;0,1,22,29,22,30;-1,0,8,27,7,27;-1,0,9,26,8,26;0,1,23,29,23,30;0,1,17,30,17,31;0,1,18,31,18,32;0,1,15,31,15,32;-1,0,9,11,8,11;0,1,13,28,13,29;0,1,21,30,21,29,20,29,20,32;0,1,16,28,16,30,14,30,14,32;1,0,23,5,24,5,24,7,26,7;-1,0,11,29,9,29,9,28,7,28;0,1,16,26,17,26,17,29;-1,0,5,13,8,13,8,12,7,12;-1,0,12,30,12,28,10,28;0,1,16,17,16,19;0,1,13,24,12,24,12,27,15,27,15,29;0,1,26,26,26,27;0,1,9,27,10,27,10,26,11,26,11,27;-1,0,9,25,9,24,8,24;0,-1,27,9,27,10,26,10,26,8;0,1,18,29,18,30,19,30,19,32;1,0,25,11,26,11;-1,0,9,22,9,21,6,21;-1,0,9,12,10,12,10,13,9,13;0,1,9,23,10,23,10,25;0,-1,27,12,24,12,24,10;-1,0,12,17,9,17;0,1,19,25,19,27,18,27,18,28;0,1,23,28,24,28,24,29;1,0,22,10,23,10;0,1,20,27,22,27,22,28;-1,0,10,16,7,16,7,14,6,14;-1,0,10,22,10,20,9,20;0,-1,25,15,25,14,24,14,24,13;0,1,12,21,13,21,13,23,11,23,11,25;-1,0,11,11,10,11,10,10,8,10;0,1,28,25,28,24,27,24,27,27;-1,0,19,23,17,23;0,1,7,18,9,18,9,19,11,19,11,22;-1,0,19,22,20,22,20,21,18,21;-1,0,12,10,11,10;-1,0,12,20,12,18,10,18;1,0,21,8,23,8;1,0,23,9,21,9,21,11,23,11;-1,0,9,9,9,8,8,8;0,-1,26,15,26,13;0,-1,11,8,11,6;0,-1,17,8,17,10,16,10,16,7;0,1,13,20,14,20,14,18,13,18,13,19;0,-1,10,9,12,9,12,6,14,6,14,5;1,0,13,7,13,9,14,9;-1,0,20,25,21,25,21,24,19,24;0,1,23,25,23,27,25,27,25,28;0,-1,24,16,23,16,23,15;0,1,27,23,26,23,26,25;1,0,13,10,15,10;0,1,25,22,25,25,24,25,24,26;-1,0,22,21,21,21,21,23,20,23;0,-1,18,14,17,14,17,11;-1,0,12,13,11,13,11,15,8,15;-1,0,13,13,13,12,11,12;0,1,26,19,26,22,29,22,29,24;0,1,23,24,23,23,22,23,22,26;-1,0,15,19,15,17,14,17;0,1,22,22,24,22,24,23;-1,0,14,12,14,11,12,11;-1,0,15,12,16,12,16,11,15,11;0,1,12,14,13,14,13,16;1,0,25,16,27,16,27,14,28,14;0,-1,16,13,14,13,14,16,17,16,17,15;1,0,25,21,23,21,23,20,25,20;0,1,23,19,23,17,26,17,26,18;0,-1,22,17,22,19,20,19,20,17;0,1,1,27,1,23,0,23,0,19,2,19,2,23;0,-1,3,17,0,17,0,14,3,14,3,9;0,1,20,35,24,35,24,30,26,30,26,28,30,28,30,30;-1,0,32,12,32,8,27,8,27,4,24,4,24,3,21,3;1,0,16,35,16,37,20,37,20,36,22,36;-1,0,7,7,7,4,9,4,9,0,14,0,14,1,11,1;0,1,5,24,3,24,3,28,1,28,1,30,6,30,6,35;0,-1,6,9,4,9,4,5,1,5,1,1;0,1,3,37,7,37,7,35,9,35,9,33,14,33,14,35;0,1,18,34,15,34,15,37,13,37,13,34,11,34,11,36;0,1,34,37,34,36,30,36,30,31,25,31,25,33;1,0,28,13,28,9,29,9,29,12,31,12,31,16,33,16;0,1,6,36,3,36,3,31,1,31,1,34;1,0,22,5,20,5,20,0,22,0,22,2,24,2;0,-1,0,3,0,0,2,0,2,3,3,3,3,1;0,1,25,37,25,35,29,35,29,32,26,32,26,34;1,0,34,34,34,30,32,30,32,26,28,26,28,27,31,27;0,-1,15,9,15,6,17,6,17,1;0,-1,32,2,32,7,29,7,29,3;0,-1,6,8,6,4,4,4,4,3,7,3,7,2;1,0,32,13,32,15,34,15,34,20,30,20,30,23,32,23;0,-1,34,5,33,5,33,9,34,9,34,14,33,14,33,12;1,0,34,25,34,21,31,21,31,22,33,22;-1,0,2,32,2,36,1,36;0,-1,28,3,26,3,26,1,30,1,30,6,31,6,31,5;0,-1,18,15,18,17,17,17,17,18,19,18,19,15;1,0,27,0,31,0,31,1,32,1;-1,0,2,11,0,11,0,8,3,8,3,6,1,6;0,-1,23,14,23,12,21,12,21,13,18,13,18,10;-1,0,0,12,0,13,2,13,2,12,1,12
36,40|0,1,13,34,13,35;1,0,28,7,29,7;0,-1,29,9,29,8;0,1,6,29,6,30;0,1,12,34,12,35;0,1,7,31,7,32;-1,0,6,28,5,28;0,1,5,26,5,27;0,-1,31,11,31,10;0,1,8,32,8,33;0,1,7,29,7,30;-1,0,9,31,8,31;0,1,8,29,8,30;-1,0,10,30,9,30;-1,0,7,27,6,27;-1,0,10,29,9,29;0,1,16,34,16,35;1,0,29,11,30,11;-1,0,9,27,8,27;1,0,30,14,31,14;0,1,18,32,18,33;-1,0,11,27,10,27,10,28,7,28;-1,0,13,28,11,28;-1,0,14,28,14,27,12,27;0,1,7,25,7,26;0,-1,26,8,26,7;-1,0,10,33,9,33;1,0,21,5,23,5;0,1,14,32,14,34,15,34,15,35;0,-1,22,9,21,9,21,8;0,1,6,26,6,24,8,24,8,26;-1,0,9,34,11,34,11,32,9,32;-1,0,11,29,13,29,13,30,11,30;0,-1,30,10,28,10,28,9,27,9,27,7;0,1,15,32,16,32,16,33;0,1,20,31,17,31,17,33;-1,0,16,28,15,28;-1,0,13,33,12,33,12,31,10,31;0,1,6,23,9,23,9,24;0,1,15,31,13,31,13,32;0,-1,18,7,17,7,17,8,19,8,19,6;0,-1,29,15,29,13,31,13,31,12;-1,0,16,31,16,30,14,30;1,0,29,16,29,17,30,17,30,15,31,15;-1,0,19,30,17,30,17,29,14,29;0,-1,17,13,17,10,16,10,16,9;0,-1,24,9,24,8;1,0,27,17,28,17;0,1,10,23,11,23,11,25;0,-1,18,9,18,11,19,11,19,9;-1,0,20,8,20,10,22,10,22,11,20,11;0,1,17,27,17,28;0,-1,25,7,25,10,23,10,23,7;0,-1,24,11,24,12,26,12,26,10;-1,0,18,29,18,26,16,26,16,27,15,27;0,1,19,26,20,26,20,27;0,-1,28,14,28,11,27,11,27,10;1,0,18,25,20,25,20,24,22,24;1,0,25,17,25,19,26,19,26,18,28,18;0,-1,16,16,16,17,13,17,13,14;1,0,26,15,26,16,28,16;0,-1,16,18,17,18,17,17;0,-1,13,21,10,21,10,20;-1,0,13,25,12,25,12,22,10,22;0,-1,25,15,24,15,24,14,27,14,27,12;0,1,15,22,13,22,13,24;1,0,23,16,25,16;0,1,16,25,16,23,17,23,17,24;-1,0,17,20,17,19,15,19;0,1,23,22,21,22,21,23;0,1,19,20,19,22,20,22,20,23;-1,0,20,16,18,16;-1,0,17,22,16,22,16,21,14,21;-1,0,21,16,21,15,20,15;-1,0,20,18,20,17,19,17;1,0,22,18,24,18;0,-1,20,14,22,14,22,12,23,12,23,11;-1,0,20,19,18,19,18,21,17,21;1,0,23,14,23,15,22,15,22,17,24,17;0,-1,23,21,23,19;0,-1,20,20,22,20,22,19,21,19,21,17;1,0,24,0,26,0,26,1,31,1;1,0,20,33,20,36,15,36,15,40,17,40,17,39,22,39;-1,0,0,28,2,28,2,33,7,33,7,36,2,36;0,1,26,6,26,4,30,4,30,9,33,9,33,14;0,-1,33,15,33,18,30,18,30,19,34,19,34,17;-1,0,23,0,18,0,18,3,14,3;-1,0,14,35,14,40,13,40,13,39,8,39;0,-1,12,15,11,15,11,17,9,17,9,21,7,21,7,17;-1,0,15,8,15,12,11,12,11,14,9,14,9,9,5,9;0,1,34,16,34,13,35,13,35,18;0,1,20,38,18,38,18,37,22,37,22,34,25,34,25,39;-1,0,3,12,3,9,1,9,1,14,3,14,3,19,1,19;-1,0,0,32,0,37,4,37,4,39,7,39,7,37,5,37;-1,0,5,17,5,20,0,20,0,15,2,15,2,17,1,17;1,0,28,0,32,0,32,2,34,2;0,-1,13,3,11,3,11,6,10,6,10,9,12,9,12,6;1,0,22,40,26,40,26,39,30,39;-1,0,0,27,0,25,4,25,4,21,2,21;0,1,36,39,36,35,34,35,34,39;1,0,33,25,33,20,28,20,28,23,23,23,23,25,25,25;1,0,32,24,30,24,30,28,34,28,34,24,35,24;-1,0,15,0,15,2,10,2,10,5,9,5;-1,0,9,8,8,8,8,5,7,5;0,-1,1,0,4,0,4,4,1,4,1,8,5,8,5,4;1,0,35,12,35,8,32,8,32,5,34,5;1,0,31,7,31,4,35,4;1,0,23,33,23,30,20,30,20,29,25,29;1,0,28,27,28,28,24,28,24,26,29,26,29,30,34,30;0,1,36,30,36,33,32,33,32,37;0,1,2,38,2,40,0,40,0,38,1,38,1,39
37,35|0,-1,6,10,6,9;0,-1,7,9,7,8;-1,0,6,14,5,14;-1,0,6,13,5,13;-1,0,6,12,5,12;-1,0,7,15,6,15;1,0,30,25,31,25;1,0,28,26,29,26;-1,0,8,14,7,14;-1,0,8,13,7,13;-1,0,10,7,9,7;0,-1,16,7,16,6;-1,0,7,11,6,11;1,0,31,21,29,21,29,18,30,18;0,-1,15,8,15,6;1,0,32,22,29,22,29,23,30,23;0,-1,20,7,20,6;1,0,28,20,27,20,27,21,28,21;1,0,25,16,26,16,26,15,27,15;-1,0,7,16,8,16,8,17,7,17;0,1,16,28,16,29,17,29,17,30;1,0,26,21,26,22,28,22;-1,0,10,16,9,16,9,15,8,15;0,-1,13,8,13,9,14,9,14,7;0,-1,13,10,11,10,11,7;0,-1,7,10,8,10,8,8;-1,0,19,29,18,29;1,0,24,19,24,20,25,20;1,0,25,14,26,14;0,-1,14,11,14,10,15,10,15,9;0,1,17,28,20,28,20,29;0,-1,8,11,9,11,9,9;1,0,23,14,22,14,22,15,25,15;1,0,24,18,23,18,23,17,25,17;0,1,14,27,14,28;1,0,22,11,24,11,24,13,26,13;0,-1,20,8,21,8,21,5;-1,0,17,7,17,8,16,8;-1,0,12,27,13,27,13,25,12,25;1,0,29,24,27,24,27,23,28,23;0,-1,11,12,11,11,10,11,10,9;1,0,24,21,24,24,26,24,26,25,29,25;1,0,23,27,24,27,24,26,27,26;1,0,22,18,22,16,23,16;-1,0,18,6,19,6,19,9,16,9;0,-1,11,14,11,13;-1,0,9,14,9,12,7,12;1,0,18,17,19,17;0,-1,22,7,22,8,24,8,24,7;0,-1,12,12,15,12,15,11;-1,0,13,24,13,23,15,23,15,25,14,25;1,0,18,16,21,16;1,0,21,14,21,13,22,13,22,12,23,12;1,0,21,19,23,19;-1,0,18,22,17,22;-1,0,19,27,17,27,17,26,14,26;0,1,20,26,20,27,21,27,21,30;0,1,23,26,23,25,22,25,22,27;1,0,23,10,22,10,22,9,25,9;0,1,8,19,11,19,11,18,12,18,12,21;1,0,20,14,20,15,21,15;0,-1,21,9,21,12,20,12,20,10;0,-1,12,13,13,13,13,15,10,15,10,12;-1,0,11,16,12,16,12,17,10,17;0,-1,18,11,18,10;0,1,18,24,18,26;0,1,15,21,15,20,13,20,13,21;0,-1,13,16,15,16,15,14;1,0,17,15,19,15;0,-1,20,13,19,13,19,11;1,0,18,12,18,14,19,14;-1,0,16,20,16,18,15,18;0,-1,17,12,17,10;0,-1,17,13,16,13,16,11;-1,0,21,26,21,24,19,24;-1,0,19,23,17,23;1,0,16,16,16,14,17,14;0,1,20,22,20,23,22,23,22,24;0,1,15,17,17,17,17,20;0,1,23,22,21,22,21,20,19,20,19,22;0,1,20,18,20,19,18,19,18,21;0,-1,0,17,0,13,1,13,1,8,6,8,6,6;0,-1,37,13,37,17,34,17,34,13;1,0,8,35,13,35,13,34,18,34,18,31,21,31;1,0,10,4,10,0,14,0,14,4,18,4,18,2,22,2;1,0,37,2,33,2,33,5,28,5,28,9,32,9;1,0,37,27,37,22,35,22,35,19,33,19,33,23,35,23;0,-1,7,2,9,2,9,5,6,5,6,3;0,1,11,22,11,24,7,24,7,21,4,21,4,26;-1,0,0,27,1,27,1,29,6,29,6,27,3,27;0,1,21,33,25,33,25,29,28,29,28,34;1,0,18,1,20,1,20,0,15,0,15,1,17,1;1,0,28,14,33,14,33,9,34,9;1,0,25,35,29,35,29,33,32,33;0,-1,22,6,22,5,24,5,24,1;-1,0,6,2,6,1,9,1,9,0,5,0,5,2,2,2;0,1,36,23,36,24,35,24,35,26;1,0,37,35,37,32,34,32,34,27,30,27,30,31,33,31;-1,0,1,7,4,7,4,4,1,4;0,1,28,27,28,28,24,28,24,32,19,32,19,33;-1,0,11,30,11,33,13,33,13,31,17,31,17,32,15,32;1,0,36,25,36,27,35,27,35,31,36,31;-1,0,2,22,2,20,0,20,0,18,3,18,3,23,2,23;0,1,10,31,10,34,6,34,6,30,3,30,3,31;-1,0,5,33,5,31,4,31,4,34,1,34;-1,0,0,35,0,33,3,33,3,32,2,32;-1,0,5,6,5,3,2,3;0,1,31,32,33,32,33,33,34,33,34,34;0,-1,28,3,26,3,26,0,29,0,29,4,25,4,25,1;1,0,37,1,37,0,33,0,33,1,36,1;1,0,35,13,35,8,32,8,32,6,29,6,29,8,30,8
42,43|0,1,5,21,5,22;-1,0,7,18,6,18;0,1,10,32,10,33;-1,0,7,19,6,19;0,1,6,21,6,22;-1,0,10,31,9,31;-1,0,8,23,7,23;-1,0,9,30,8,30;0,1,11,32,11,33;-1,0,8,22,7,22;-1,0,7,20,6,20;-1,0,9,24,8,24;-1,0,10,23,9,23;1,0,31,28,32,28;0,1,13,34,13,35;-1,0,9,26,8,26;0,1,16,34,16,35,14,35,14,36;0,1,13,32,14,32,14,34;0,1,11,31,12,31,12,34;0,1,14,31,15,31,15,34;-1,0,8,20,8,21,7,21;-1,0,11,14,11,13,10,13,10,14,9,14;1,0,33,18,33,19,34,19;-1,0,7,28,8,28,8,29,7,29;-1,0,17,32,16,32;0,1,9,29,10,29,10,30;-1,0,11,28,9,28,9,27,8,27;-1,0,19,34,17,34,17,33,16,33;1,0,22,7,21,7,21,5,23,5;-1,0,20,35,20,33,18,33;0,1,11,30,12,30,12,29,13,29,13,31;1,0,23,30,25,30,25,31,28,31;-1,0,11,26,11,25,8,25;-1,0,13,28,15,28,15,29,14,29;0,1,14,27,16,27,16,30;0,1,24,28,24,29;1,0,20,7,20,8,22,8;0,-1,25,10,25,11,24,11,24,9;-1,0,21,32,18,32;0,-1,23,12,23,10,22,10,22,9;0,1,26,29,26,27,28,27,28,28;0,-1,29,9,29,11,26,11,26,10;0,1,29,26,29,27,30,27,30,28;0,1,17,31,20,31,20,29,22,29,22,30;1,0,33,25,33,26,31,26,31,27,33,27;1,0,32,25,32,23,34,23;0,1,34,21,33,21,33,22;0,-1,24,13,24,12;-1,0,11,22,9,22;-1,0,10,24,12,24,12,27,10,27;0,-1,10,15,10,18,9,18,9,16;-1,0,10,21,12,21,12,23,11,23;0,1,29,23,29,25,30,25,30,26;0,1,17,28,18,28,18,30;0,1,32,22,32,20,35,20,35,22;0,1,32,19,32,18,31,18,31,22;0,-1,26,15,26,12;-1,0,11,18,11,19,8,19;-1,0,12,9,12,10,15,10,15,11,14,11;1,0,29,19,30,19;0,-1,17,10,17,9,18,9,18,8;0,1,22,25,22,28,19,28,19,29;-1,0,15,12,12,12;0,-1,16,13,16,9,14,9,14,7;0,-1,30,11,30,13,31,13,31,10;-1,0,15,15,13,15,13,13,12,13;0,-1,9,20,12,20,12,18,13,18,13,16;-1,0,13,26,14,26,14,23,13,23;-1,0,15,16,15,18,14,18;0,-1,23,15,23,13;-1,0,16,14,16,16,18,16,18,17,17,17;-1,0,17,19,17,18,16,18,16,19,13,19;0,-1,15,25,15,23;-1,0,16,26,16,22,18,22,18,21,17,21;1,0,20,10,19,10,19,9,21,9;1,0,28,19,28,18,30,18;0,1,23,27,25,27,25,29;0,1,23,26,24,26,24,25,25,25,25,26;-1,0,20,24,20,23,18,23;0,-1,21,11,18,11,18,10;0,-1,21,12,17,12,17,11;0,-1,21,13,22,13,22,12;0,1,25,24,25,22,28,22,28,25;0,1,16,20,20,20,20,21;1,0,32,16,30,16,30,17,31,17;0,1,21,24,21,20,22,20,22,22;0,1,20,17,19,17,19,19;0,-1,28,13,28,15,32,15,32,11;-1,0,21,14,21,16,19,16;0,-1,26,17,26,18,27,18,27,14;0,-1,22,14,22,16,24,16,24,14;0,-1,26,19,26,20,27,20,27,19;1,0,24,19,25,19,25,21,28,21;0,-1,23,22,23,18,25,18,25,16;0,-1,0,32,3,32,3,28,1,28,1,23;0,1,37,27,37,29,32,29,32,33;-1,0,32,8,32,5,27,5,27,0,25,0,25,3,21,3;-1,0,16,39,16,41,13,41,13,39,9,39,9,36,6,36;0,-1,11,0,11,3,15,3,15,6,18,6,18,3;0,-1,4,21,4,19,1,19,1,14;0,-1,36,19,36,15,39,15,39,13;1,0,25,37,25,34,30,34,30,39,34,39,34,34,39,34;0,-1,0,17,0,13,1,13,1,11;0,1,5,31,5,33,2,33,2,37,7,37,7,38;0,1,19,41,22,41,22,40,26,40,26,35,29,35,29,38;0,1,34,41,29,41,29,39,27,39,27,36,28,36,28,37;0,-1,40,12,38,12,38,9,33,9,33,13,35,13,35,11;1,0,37,16,37,19,38,19,38,24,36,24,36,20,37,20;-1,0,0,0,0,3,3,3,3,8,1,8;0,-1,36,3,36,2,34,2,34,4,37,4,37,2;0,-1,4,18,4,15,6,15,6,13;-1,0,9,13,8,13,8,9,4,9;0,1,33,30,36,30,36,33,40,33,40,35,39,35,39,37;-1,0,9,40,12,40,12,41,8,41,8,40,4,40;-1,0,5,41,3,41,3,40,1,40;0,-1,18,2,18,0,16,0,16,5,17,5,17,3;0,1,19,39,23,39,23,37,19,37,19,35,17,35,17,37;0,-1,13,9,13,7,9,7,9,12,10,12,10,10;0,-1,6,1,7,1,7,3,10,3,10,6,5,6,5,1;1,0,33,5,37,5,37,8,39,8;1,0,39,41,35,41,35,39,37,39;1,0,30,0,34,0,34,1,38,1;0,-1,40,5,40,7,38,7,38,4,39,4,39,1;0,-1,21,2,21,0,24,0,24,2,22,2,22,1;0,-1,28,4,28,2,32,2,32,4,29,4,29,3;-1,0,8,37,8,39,6,39,6,38,3,38;-1,0,2,11,3,11,3,9,1,9;1,0,40,22,40,18,38,18,38,16,39,16;0,-1,12,0,15,0,15,2,12,2,12,1;-1,0,2,22,2,25,3,25,3,21,2,21;0,-1,8,7,8,8,7,8,7,7,4,7,4,3;1,0,39,26,36,26,36,28,34,28,34,25,36,25;1,0,39,32,37,32,37,30,39,30;0,-1,17,8,15,8,15,7,19,7,19,5;1,0,38,36,35,36,35,38,37,38;0,-1,4,0,1,0,1,2,2,2,2,1;-1,0,5,39,2,39,2,38,1,38;-1,0,0,7,2,7,2,4,1,4;0,-1,21,4,19,4,19,2;-1,0,0,31,2,31,2,30,1,30;1,0,40,32,40,29,38,29,38,27,39,27;0,1,42,0,40,0,40,1,41,1,41,6;1,0,38,37,38,39,42,39,42,43,40,43,40,41,41,41;1,0,42,9,39,9,39,10,41,10;0,1,27,40,28,40,28,41,26,41,26,42;0,1,21,42,21,43,23,43,23,41,25,41,25,42;0,1,15,42,15,43,18,43,18,39,17,39,17,41;1,0,39,17,40,17,40,14,41,14;0,1,6,43,6,41,7,41,7,42
33,40|0,1,8,34,8,35;-1,0,9,10,8,10;-1,0,10,35,9,35;-1,0,8,26,7,26;-1,0,11,10,10,10;0,-1,23,14,23,13;-1,0,12,9,11,9;1,0,25,12,27,12;0,1,5,33,7,33,7,34;0,-1,25,13,24,13,24,12;1,0,19,8,20,8;-1,0,6,31,7,31,7,32,6,32;-1,0,8,33,8,32,9,32,9,31,8,31;-1,0,13,6,12,6,12,7,11,7;-1,0,11,8,13,8,13,10,12,10;-1,0,7,30,9,30,9,29,8,29;1,0,21,11,19,11,19,9,20,9;0,-1,27,14,26,14,26,13;0,-1,10,15,10,12,12,12,12,11;0,-1,26,15,26,16,27,16,27,15;0,1,12,34,11,34,11,35;1,0,19,13,21,13;-1,0,14,9,14,7,13,7;-1,0,10,31,10,34,9,34;0,1,12,33,11,33,11,32,13,32,13,35;0,-1,7,14,7,11;0,-1,24,16,24,14;0,1,14,34,15,34,15,33,17,33,17,34;-1,0,16,5,16,7,15,7;1,0,21,6,18,6,18,5,19,5;1,0,17,9,18,9,18,7,20,7;0,-1,14,10,15,10,15,8,17,8,17,6;0,-1,17,11,17,10;0,-1,11,13,13,13,13,11;0,1,23,30,22,30,22,31;0,-1,19,12,16,12,16,9;1,0,18,33,20,33,20,34,21,34;0,-1,8,13,8,15,9,15,9,13;0,1,8,28,10,28,10,30;-1,0,11,26,9,26,9,27,8,27;0,-1,13,16,11,16,11,15,12,15,12,14;-1,0,12,25,12,27,10,27;-1,0,15,30,13,30,13,31,12,31;0,-1,19,14,18,14,18,13;-1,0,15,27,15,28,14,28;1,0,25,14,25,17,28,17;1,0,19,32,19,31,21,31;-1,0,12,17,11,17,11,18,10,18;0,1,25,30,24,30,24,28,22,28,22,29;1,0,23,15,23,17,24,17;0,1,24,25,24,27,21,27,21,30;-1,0,15,15,14,15;-1,0,14,26,15,26,15,25,13,25;-1,0,18,32,18,30,16,30;0,-1,17,13,15,13,15,12,14,12,14,11;-1,0,14,23,14,24,12,24;-1,0,14,22,13,22,13,21,12,21;0,1,17,29,19,29,19,30;-1,0,16,22,15,22;-1,0,14,14,16,14,16,16,14,16;1,0,17,14,17,15,18,15;1,0,21,17,20,17,20,16,22,16;0,1,19,27,20,27,20,29;-1,0,13,18,13,20,15,20,15,21,14,21;1,0,23,22,23,24,24,24;1,0,13,29,16,29,16,28,18,28;0,1,21,26,18,26,18,27;1,0,20,23,20,24,22,24;0,1,19,23,19,24,18,24,18,25;0,-1,23,19,24,19,24,18;1,0,18,16,18,17,19,17;0,-1,15,19,16,19,16,17;-1,0,16,27,17,27,17,25,16,25;1,0,16,24,17,24;1,0,22,22,22,21,24,21;1,0,15,24,15,23,18,23;0,-1,24,20,22,20,22,18;0,1,21,19,21,21;0,1,17,22,17,21,20,21,20,22;0,-1,20,20,19,20,19,19,20,19,20,18;-1,0,17,16,17,18,18,18,18,20,16,20;0,-1,22,13,22,8,25,8,25,6,30,6,30,4;-1,0,0,25,0,27,5,27,5,31,4,31;-1,0,12,5,7,5,7,10,5,10,5,14,1,14;0,1,17,40,13,40,13,38,11,38,11,36,8,36,8,38;0,1,20,39,20,36,23,36,23,31,24,31,24,32;-1,0,0,19,0,24,2,24,2,25,6,25,6,23,1,23;0,1,26,19,28,19,28,23,30,23,30,26;1,0,26,8,28,8,28,12,29,12,29,17,30,17;0,1,0,28,4,28,4,30,3,30,3,32;-1,0,11,39,7,39,7,35,6,35;0,-1,1,20,5,20,5,17,0,17,0,13,3,13,3,12;-1,0,0,33,3,33,3,34,5,34,5,38,3,38;-1,0,26,5,26,4,24,4,24,7,22,7,22,4,17,4;0,-1,5,7,5,5,2,5,2,1;0,1,33,19,33,15,30,15,30,12,32,12,32,14;0,1,33,23,33,20,32,20,32,25;0,1,26,38,29,38,29,33,24,33,24,35;1,0,25,23,25,25,29,25,29,27,27,27,27,32,32,32;0,1,5,39,0,39,0,34,2,34,2,37;1,0,33,32,33,28,28,28,28,29,29,29;1,0,22,37,22,40,26,40,26,39,29,39;1,0,33,40,33,39,30,39,30,37,31,37;-1,0,0,10,0,7,1,7,1,11,4,11,4,6,2,6;1,0,24,0,24,3,26,3,26,0,29,0,29,1,31,1;0,1,17,35,14,35,14,36,19,36,19,38;0,-1,9,0,12,0,12,4,16,4,16,1;1,0,33,35,30,35,30,33,32,33;0,-1,22,0,19,0,19,3,17,3,17,2;0,-1,18,0,15,0,15,1,13,1,13,3,15,3,15,2;0,-1,33,12,33,8,32,8,32,3
34,41|1,0,26,14,27,14;1,0,27,13,28,13;0,-1,23,7,23,6;0,1,10,35,10,36;0,1,9,35,9,36;0,-1,24,8,24,7;1,0,24,14,25,14;0,-1,22,8,22,7;-1,0,7,30,6,30;-1,0,5,35,7,35,7,34,5,34;0,-1,28,10,27,10,27,8;1,0,26,10,26,11,29,11;-1,0,6,29,6,26,5,26;0,-1,10,11,10,9,9,9,9,8;1,0,24,9,25,9,25,8,26,8;-1,0,8,31,6,31;0,1,14,34,14,35,17,35,17,36;-1,0,13,7,13,6,15,6,15,5,13,5;-1,0,9,28,7,28;0,1,18,32,18,34;0,-1,20,8,19,8,19,7;-1,0,14,7,14,8,13,8;0,-1,18,8,18,7;0,-1,22,10,22,9;-1,0,6,33,8,33,8,36,6,36;-1,0,10,30,8,30;0,1,10,34,12,34,12,36;0,1,21,31,19,31,19,33;-1,0,8,27,10,27,10,26,9,26;-1,0,9,34,9,32,6,32;1,0,16,6,16,7,17,7;-1,0,12,28,10,28,10,29,7,29;0,-1,27,12,25,12,25,10,23,10,23,8;-1,0,8,24,7,24;0,1,16,32,17,32,17,34;0,-1,15,8,15,7;0,-1,26,13,24,13,24,11;0,1,9,31,10,31,10,33,13,33,13,35;0,-1,12,9,12,12,11,12,11,10;-1,0,17,8,16,8,16,9,13,9;0,-1,22,13,22,11;0,-1,9,13,9,14,10,14,10,12;0,1,13,30,11,30,11,32;-1,0,11,13,11,16,9,16;-1,0,13,29,13,27,11,27,11,25,9,25;0,1,14,31,14,33;1,0,17,31,18,31;0,1,18,29,18,30;-1,0,9,24,10,24,10,23,8,23;-1,0,14,30,15,30,15,29,14,29;1,0,20,10,20,9,21,9;0,1,14,28,16,28,16,31,15,31,15,33;0,-1,24,20,24,18,25,18,25,17;0,-1,7,19,9,19,9,17;0,-1,22,16,22,14,23,14,23,11;0,1,21,27,21,29,19,29,19,30;0,-1,10,17,11,17,11,19,10,19,10,18;0,1,20,28,17,28,17,30;-1,0,16,10,16,11,14,11,14,10,13,10;0,-1,20,11,19,11,19,9;-1,0,8,21,10,21,10,22,9,22;0,-1,19,12,18,12,18,9;0,-1,14,12,13,12,13,13,15,13,15,12;0,-1,12,14,12,17,13,17,13,15;0,1,8,20,11,20,11,21;0,-1,17,11,17,13,20,13,20,12;0,1,12,20,12,19,13,19,13,21;0,1,15,26,15,24,14,24,14,26;-1,0,16,12,16,14,15,14;0,1,17,27,17,26,16,26,16,27;0,-1,16,16,16,15;0,-1,14,15,14,17,17,17,17,14;-1,0,18,27,18,25,16,25;0,-1,21,17,21,14;0,-1,22,20,23,20,23,18,22,18,22,17;0,1,21,22,21,23,20,23,20,24;-1,0,13,18,16,18,16,19,14,19;0,1,23,21,20,21,20,22,19,22,19,25;0,-1,20,17,18,17,18,15;0,1,17,18,17,20,14,20,14,21;-1,0,18,21,18,18,21,18,21,20,19,20;1,0,18,5,21,5,21,2,26,2;0,1,5,28,3,28,3,23,7,23,7,20,4,20,4,22;1,0,8,39,12,39,12,37,17,37,17,39,22,39;0,1,2,29,5,29,5,32,4,32,4,34,2,34,2,36;-1,0,14,3,14,1,11,1,11,6,6,6,6,10,4,10;0,-1,33,14,33,9,28,9,28,5;-1,0,9,12,9,11,5,11,5,14,8,14,8,18,5,18;0,1,30,41,34,41,34,39,29,39,29,35,31,35,31,37;0,1,2,30,2,33,0,33,0,37,2,37,2,39;-1,0,4,14,3,14,3,18,1,18;1,0,29,0,27,0,27,3,31,3;-1,0,0,2,0,6,3,6,3,10,1,10;0,-1,20,4,20,3,15,3,15,1;0,1,4,41,0,41,0,38,1,38,1,40;-1,0,0,18,0,22,3,22,3,20,2,20;0,-1,34,3,33,3,33,5,34,5,34,8,32,8,32,4;0,-1,3,0,3,4,5,4,5,9,4,9,4,8;1,0,20,37,18,37,18,35,20,35,20,32,25,32;0,-1,31,0,34,0,34,2,31,2,31,1;0,-1,15,0,10,0,10,5,8,5,8,4;1,0,20,27,20,25,22,25,22,28,26,28,26,26,28,26;-1,0,1,29,1,32,0,32,0,28,2,28,2,25,1,25;0,1,25,31,25,29,28,29,28,33;0,1,28,39,26,39,26,36,21,36,21,33,23,33,23,35;0,-1,29,1,28,1,28,2,30,2,30,1;1,0,34,23,32,23,32,28,27,28,27,27,28,27;-1,0,0,12,0,14,2,14,2,17,1,17;1,0,26,30,27,30,27,34,29,34,29,33,33,33;1,0,32,32,29,32,29,29,33,29;0,-1,20,0,20,2,18,2,18,1
34,36|0,1,15,29,15,30;0,1,14,28,14,29;0,1,16,29,16,30;0,1,22,28,22,29;0,1,21,28,21,29;0,1,8,26,8,27;0,1,15,27,15,28;0,1,17,29,17,30;0,1,16,27,16,28;0,1,18,28,18,31;0,1,15,25,15,26;-1,0,6,20,5,20;0,1,16,25,16,26,17,26,17,28;0,1,23,29,23,27,20,27,20,29;0,1,13,28,13,29,12,29,12,30;0,1,12,28,11,28,11,30;0,1,18,25,18,27;-1,0,5,9,5,8,7,8,7,10,6,10;0,1,16,23,16,24;0,1,15,24,14,24,14,27;0,1,20,25,20,26,19,26,19,29;0,1,24,23,24,26;0,1,18,24,19,24,19,25;-1,0,11,9,10,9;1,0,26,20,27,20,27,21,28,21;0,1,12,24,12,25,13,25,13,26;0,1,11,27,10,27,10,29;0,1,22,25,23,25,23,26;1,0,26,24,27,24;0,1,10,25,10,26,9,26,9,27;0,1,22,24,21,24,21,25;0,1,9,25,9,23,8,23,8,24;1,0,26,27,26,25,25,25,25,22,28,22;0,1,15,22,15,23,13,23,13,24;0,1,10,22,10,24,11,24,11,26;1,0,29,11,27,11,27,10,29,10;-1,0,7,14,8,14,8,15,6,15;1,0,27,13,27,12,29,12;-1,0,10,7,11,7,11,6,10,6;0,1,16,22,17,22,17,25;0,-1,7,11,7,13,6,13,6,11;0,1,18,22,18,23;0,1,5,25,7,25,7,23,6,23,6,24;0,-1,25,8,25,6,24,6,24,5;-1,0,13,6,12,6,12,8,10,8;0,1,8,21,8,22,5,22,5,24;0,-1,28,15,27,15,27,14;0,-1,25,11,25,9,26,9,26,8;1,0,23,8,23,9,24,9,24,12,26,12;-1,0,5,19,7,19,7,21,6,21;1,0,26,21,25,21,25,19,27,19;1,0,26,15,26,16,28,16;1,0,23,10,20,10,20,8,21,8;1,0,23,13,26,13;0,-1,9,15,9,13,8,13,8,10;1,0,25,15,25,17,26,17;1,0,24,16,24,14,26,14;0,1,21,23,23,23,23,24;-1,0,13,11,12,11,12,10,11,10;0,-1,14,9,13,9,13,7,14,7,14,5;-1,0,15,10,13,10;1,0,22,19,24,19;0,-1,9,16,10,16,10,14,11,14,11,12;0,1,19,21,19,23,20,23,20,24;0,-1,10,18,10,17;0,-1,23,17,23,14;1,0,22,15,22,18,25,18;-1,0,17,7,17,9,15,9;0,1,12,21,13,21,13,22;1,0,21,16,20,16,20,15,21,15;0,-1,22,20,22,22,21,22,21,21;0,1,20,22,20,20,18,20,18,21;0,1,17,21,14,21,14,22;0,-1,9,19,9,17;0,-1,10,19,10,21,9,21,9,20;0,1,17,18,18,18,18,19;0,1,11,19,11,22;1,0,13,20,15,20,15,18,16,18;0,1,11,17,12,17,12,20;-1,0,14,11,16,11,16,12,15,12;0,1,17,16,15,16,15,17,13,17,13,18;1,0,16,10,18,10,18,12,19,12;1,0,19,30,19,34,15,34,15,36,12,36,12,33,15,33;0,1,34,23,32,23,32,19,34,19,34,15,31,15,31,19;1,0,21,34,21,30,24,30,24,27,25,27,25,30,28,30;-1,0,11,31,11,33,10,33,10,30,9,30;1,0,4,8,4,3,7,3,7,5,12,5,12,2,15,2;-1,0,7,31,9,31,9,32,6,32,6,30,4,30;1,0,26,0,21,0,21,2,25,2;0,-1,4,20,2,20,2,25,4,25,4,29,1,29,1,27;0,-1,34,9,34,13,32,13,32,9,30,9,30,5;-1,0,0,12,0,15,2,15,2,10,5,10,5,13,3,13;0,-1,28,2,26,2,26,4,31,4,31,8,33,8,33,5;1,0,29,22,29,21,31,21,31,23,28,23,28,27,31,27;0,-1,27,3,29,3,29,1,33,1,33,3,30,3,30,2;0,1,20,36,24,36,24,31,22,31,22,35;1,0,34,28,34,32,31,32,31,30,29,30,29,33,32,33;0,-1,1,11,0,11,0,9,2,9,2,7;1,0,32,27,33,27,33,24,29,24,29,25,30,25;0,1,26,34,31,34,31,36,34,36,34,33,33,33,33,34;0,1,3,30,3,32,5,32,5,34;0,-1,3,1,8,1,8,4,11,4,11,1;-1,0,3,7,3,3,2,3;0,-1,21,9,22,9,22,7,20,7,20,4;0,1,1,21,1,25,0,25,0,30,2,30,2,34;0,-1,18,0,18,1,16,1,16,6,18,6,18,2;0,1,7,35,6,35,6,33,8,33,8,35;-1,0,4,15,4,17,3,17,3,14,5,14,5,18,3,18;0,1,1,35,5,35,5,36,0,36,0,31,1,31,1,33;0,-1,0,2,0,4,1,4,1,1;0,-1,20,12,23,12,23,11,19,11,19,8;1,0,30,13,28,13,28,14,29,14
35,41|-1,0,9,35,8,35;-1,0,8,34,7,34;0,1,5,29,5,30;-1,0,7,33,6,33;-1,0,7,32,6,32;0,1,6,30,6,31;0,-1,25,6,25,5;0,-1,26,7,26,6;1,0,29,12,30,12;-1,0,9,33,8,33;-1,0,6,28,5,28;1,0,28,13,29,13;0,-1,25,8,25,7;1,0,29,11,30,11;0,-1,24,6,24,5;0,-1,26,9,26,8;0,-1,27,8,27,7;0,1,8,31,8,32;-1,0,8,24,7,24;1,0,26,13,27,13;0,-1,30,9,28,9,28,6;0,-1,27,11,27,9;-1,0,10,32,10,34,9,34;0,1,13,36,13,35,10,35,10,36;1,0,27,12,28,12,28,10,30,10;0,1,9,31,11,31,11,32;1,0,26,10,25,10,25,11,26,11;0,1,8,30,7,30,7,31;0,-1,28,15,29,15,29,14;0,1,12,32,12,34,14,34,14,35;0,-1,28,17,28,16,30,16,30,15;1,0,23,8,23,9,25,9;1,0,24,11,21,11,21,10,23,10;1,0,25,16,27,16;-1,0,8,29,6,29;0,-1,19,6,20,6,20,5;1,0,24,12,26,12;0,-1,14,8,17,8,17,7;0,1,6,27,7,27,7,28;0,-1,20,7,18,7,18,6;-1,0,9,30,9,28,8,28;0,-1,21,7,21,6,23,6,23,5;0,1,10,27,10,30,13,30,13,32;0,-1,26,14,25,14,25,13;1,0,21,12,23,12;-1,0,16,32,17,32,17,30,14,30;1,0,23,19,25,19,25,18,26,18;-1,0,18,31,18,33,17,33,17,35,15,35;0,-1,16,9,18,9,18,8;1,0,22,15,22,13,24,13,24,15,26,15;1,0,20,8,22,8,22,7,24,7;0,1,15,27,15,28;0,1,19,28,19,31;0,1,10,26,9,26,9,27;1,0,18,10,20,10,20,9,22,9;0,-1,23,16,23,17,22,17,22,16;0,1,17,27,18,27,18,30;0,-1,18,13,19,13,19,11,17,11,17,10;0,1,22,27,19,27,19,26,16,26,16,28;1,0,20,11,20,13,21,13;0,-1,9,20,9,21,10,21,10,20;0,1,9,24,9,25,7,25,7,26;0,1,12,23,10,23,10,25;1,0,21,14,19,14,19,15,21,15;-1,0,16,11,14,11,14,13,12,13;-1,0,16,16,14,16,14,14,12,14;0,1,13,25,14,25,14,27;-1,0,18,16,18,15,17,15;1,0,20,23,20,25,21,25;0,1,14,23,14,24,15,24,15,26;0,1,12,22,9,22,9,23;0,1,12,21,15,21,15,23;0,-1,19,16,21,16,21,18,24,18,24,17;-1,0,16,21,16,20,15,20;0,1,18,23,16,23,16,25;0,-1,13,19,14,19,14,17;0,-1,16,17,16,18,15,18,15,17;-1,0,19,24,19,22,16,22;0,-1,23,22,23,20,22,20,22,19;0,-1,22,21,21,21,21,19;1,0,19,21,20,21;1,0,15,19,18,19,18,20,20,20;1,0,16,7,16,5,19,5,19,0,24,0,24,4,26,4;0,1,2,39,2,36,0,36,0,33,2,33,2,35;0,-1,30,8,35,8,35,11,31,11,31,15,33,15,33,12;0,1,0,25,0,29,3,29,3,34,6,34,6,36;1,0,6,37,11,37,11,39,15,39;1,0,34,7,34,4,30,4,30,0,25,0,25,3,28,3;-1,0,13,15,9,15,9,12,6,12;-1,0,2,15,2,11,5,11,5,6,10,6,10,2,5,2;1,0,11,40,11,41,13,41,13,40,17,40,17,36,20,36;0,1,32,21,35,21,35,16,31,16,31,17,33,17,33,20;1,0,31,27,31,31,29,31,29,26,34,26;1,0,26,37,26,33,21,33,21,38,24,38,24,40,29,40;1,0,28,23,28,27,27,27,27,32,29,32,29,34,32,34;0,1,29,39,29,38,33,38,33,40;1,0,34,0,34,3,31,3,31,1,32,1;0,1,29,25,32,25,32,24,35,24,35,27,34,27,34,29;0,1,33,29,33,34,34,34,34,38;-1,0,3,24,1,24,1,26,6,26,6,24,4,24;0,-1,2,23,6,23,6,20,1,20,1,17;-1,0,7,40,7,38,10,38,10,40,9,40;0,-1,3,7,1,7,1,11,0,11,0,6,4,6,4,2;0,-1,9,11,8,11,8,10,10,10,10,14,11,14,11,9;0,1,1,41,6,41,6,40,5,40,5,35,3,35,3,38;-1,0,4,37,4,40,1,40;0,1,20,41,18,41,18,37,20,37,20,38;0,1,35,41,32,41,32,39,30,39,30,40;1,0,26,31,26,29,25,29,25,26,27,26,27,22,29,22;-1,0,15,6,15,2,18,2,18,0,17,0,17,1,12,1;0,-1,0,0,0,5,2,5,2,3;1,0,27,21,27,20,30,20,30,22,31,22
44,47|-1,0,6,10,5,10;-1,0,7,11,6,11;-1,0,7,12,6,12;-1,0,8,20,7,20;-1,0,9,21,8,21;-1,0,9,22,8,22;-1,0,7,13,6,13;-1,0,7,14,6,14;-1,0,8,15,7,15;-1,0,11,21,10,21;-1,0,7,9,6,9;-1,0,8,17,8,16,7,16;0,1,31,33,31,35;0,1,23,36,23,37;1,0,18,5,21,5,21,7,22,7;-1,0,12,28,9,28,9,29,7,29;-1,0,6,8,8,8,8,10,7,10;1,0,18,6,20,6,20,8,21,8;0,-1,22,12,22,10;-1,0,10,23,7,23;1,0,28,11,28,12,29,12;-1,0,10,20,10,19,8,19;0,-1,28,9,26,9,26,11,23,11,23,10;-1,0,9,27,10,27,10,26,7,26;1,0,27,10,27,13,29,13;0,-1,13,9,13,10,11,10,11,7;-1,0,11,25,8,25;0,-1,8,14,8,11;0,-1,17,8,17,6;0,-1,19,9,19,7;0,-1,11,11,9,11,9,8;0,-1,22,16,22,14;-1,0,10,17,10,18,8,18;-1,0,12,21,12,19,11,19,11,16,9,16;0,-1,25,17,25,19,26,19,26,18;0,-1,22,19,22,17;0,-1,22,20,23,20,23,19;-1,0,17,26,17,25,15,25;0,-1,16,5,16,9,14,9,14,6;0,1,24,34,24,37;0,-1,30,17,29,17,29,15;-1,0,12,24,8,24;-1,0,16,32,16,30,13,30,13,29,12,29;-1,0,18,28,18,30,17,30;1,0,18,8,18,10,21,10;0,-1,22,21,24,21,24,19;-1,0,15,37,15,35,13,35;-1,0,11,14,11,15,9,15;0,1,25,37,25,34,26,34,26,36;0,1,27,36,27,32,26,32,26,33;0,-1,19,20,21,20,21,18;0,-1,9,12,12,12,12,11;-1,0,20,26,18,26,18,27,17,27;0,-1,32,20,32,18,31,18,31,17;0,1,27,31,28,31,28,33;0,-1,15,11,15,10,17,10,17,9;0,1,30,32,34,32,34,29,35,29,35,30;-1,0,13,22,13,23,11,23,11,22,10,22;-1,0,15,19,15,21,13,21;0,1,9,13,12,13,12,16;1,0,35,27,33,27,33,28,34,28;1,0,31,24,34,24;-1,0,15,17,15,16,14,16;1,0,18,11,17,11,17,13,18,13;0,-1,15,12,13,12,13,11;0,1,33,29,31,29,31,31;0,-1,27,17,27,14;-1,0,17,24,15,24,15,22,14,22;0,-1,26,20,27,20,27,18,28,18,28,17;1,0,19,34,19,36,21,36,21,38,22,38;0,-1,23,22,21,22,21,21;-1,0,16,16,16,18,14,18;-1,0,19,37,17,37,17,34,15,34;1,0,32,26,34,26;-1,0,16,11,16,13,13,13;-1,0,18,36,18,33,16,33;-1,0,20,25,20,24,19,24;-1,0,17,32,21,32,21,33,19,33;0,-1,33,23,33,22,30,22,30,18;0,1,29,32,29,30,30,30,30,31;0,1,32,28,32,27,31,27,31,28;-1,0,17,18,17,14,14,14;0,1,30,27,30,29,28,29,28,30;0,-1,28,24,29,24,29,20,28,20,28,19;0,1,20,30,22,30,22,33;0,-1,17,22,16,22,16,19,18,19,18,18;0,-1,18,22,20,22,20,21;1,0,32,23,30,23,30,25,34,25;0,-1,29,28,29,25;0,1,25,31,25,29,24,29,24,30;0,1,22,27,22,29,23,29,23,32;0,1,26,27,26,25,28,25,28,28;0,1,23,26,25,26,25,28;0,1,17,31,19,31,19,28,21,28,21,29;0,1,23,25,22,25,22,26;-1,0,19,27,21,27,21,23,17,23;0,-1,5,23,5,20,0,20,0,15,1,15,1,10;-1,0,20,42,25,42,25,43,29,43,29,41,25,41;1,0,27,3,27,8,29,8,29,11,30,11,30,13,35,13;-1,0,20,2,20,4,15,4,15,2,10,2,10,5,7,5;0,1,4,23,4,21,1,21,1,24,3,24,3,29;0,-1,38,35,36,35,36,32,40,32,40,27,37,27,37,22;0,1,3,36,3,31,8,31,8,35;0,-1,2,4,3,4,3,9,1,9,1,4;0,-1,40,14,40,10,38,10,38,12,36,12,36,9;1,0,31,39,31,37,28,37,28,40,31,40;-1,0,7,39,11,39,11,43,16,43,16,40,12,40;0,1,38,40,40,40,40,36,36,36,36,40,32,40,32,42;1,0,30,43,35,43,35,41,37,41;0,-1,20,9,22,9,22,8,24,8,24,10,25,10,25,9;1,0,26,2,22,2,22,0,27,0,27,2,32,2;0,-1,35,0,40,0,40,5,36,5,36,3;0,1,0,22,0,26,2,26,2,31;-1,0,0,38,0,43,3,43,3,41,1,41;1,0,36,43,38,43,38,41,39,41;1,0,34,7,34,10,30,10,30,7,28,7,28,6,30,6;0,1,7,34,6,34,6,38,4,38,4,41;0,-1,5,13,4,13,4,8,5,8,5,6;1,0,32,8,32,7,33,7,33,9,31,9,31,6,35,6;-1,0,4,5,6,5,6,2,2,2;1,0,37,20,40,20,40,18,36,18,36,21,38,21;0,-1,18,2,18,1,16,1,16,3,19,3,19,1;0,-1,5,3,5,4,4,4,4,3,1,3,1,1;0,-1,35,3,35,5,34,5,34,1;1,0,40,34,37,34,37,33,39,33;0,1,4,43,6,43,6,39,5,39,5,41;-1,0,1,28,0,28,0,32,2,32,2,33,1,33;0,-1,28,5,29,5,29,3,31,3,31,5,33,5,33,1;1,0,39,25,39,24,40,24,40,26,38,26,38,23,39,23;1,0,32,17,32,16,30,16,30,14,33,14,33,17,36,17;1,0,38,17,38,16,34,16,34,15,39,15;1,0,35,8,36,8,36,6,38,6;-1,0,2,39,2,38,1,38,1,40,3,40,3,37,1,37;-1,0,0,33,0,34,2,34,2,36,1,36;0,-1,10,1,7,1,7,4,9,4,9,2;1,0,37,10,37,7,38,7;0,1,7,43,9,43,9,40,7,40,7,42;0,1,20,37,20,38,18,38,18,40;0,-1,24,3,24,4,21,4,21,2;0,1,20,41,21,41,21,39,19,39,19,42;0,1,11,38,11,36,13,36,13,38,17,38,17,40;1,0,14,44,14,45,17,45,17,44,21,44;1,0,21,45,23,45,23,44,28,44;0,1,42,1,42,4,41,4,41,8;1,0,39,21,40,21,40,23,41,23;0,1,41,22,41,19,42,19,42,24,41,24,41,25;0,1,41,32,42,32,42,34,41,34,41,39;1,0,33,44,33,45,29,45,29,44,31,44;1,0,34,44,37,44,37,45,39,45,39,43,41,43;-1,0,4,45,9,45,9,44,6,44;1,0,42,42,42,45,40,45,40,44,41,44;0,-1,41,15,41,10,43,10,43,7
34,36|-1,0,6,21,5,21;-1,0,6,20,5,20;-1,0,7,22,6,22;0,1,13,30,13,31;-1,0,7,19,6,19;-1,0,8,18,7,18;0,1,12,29,12,30;0,1,10,29,10,30;1,0,28,23,29,23;0,1,17,30,17,31;-1,0,7,24,6,24;0,1,11,28,11,29;-1,0,8,20,7,20;0,1,13,28,13,29;-1,0,8,21,7,21;-1,0,10,18,9,18;1,0,26,23,27,23;0,1,16,29,16,30;-1,0,9,20,9,22,8,22;-1,0,10,21,10,19,8,19;-1,0,6,26,6,25,8,25,8,23,7,23;0,1,7,28,7,27,9,27,9,29;0,1,11,27,10,27,10,28;0,1,12,26,12,28;0,-1,15,8,15,7,16,7,16,6;0,1,21,29,20,29,20,31;-1,0,10,25,10,26,7,26;1,0,28,18,28,16,29,16;-1,0,11,20,11,22,10,22;-1,0,13,24,10,24,10,23,9,23;1,0,27,24,27,25,25,25,25,27,27,27;-1,0,15,24,14,24,14,23,12,23;0,1,11,26,11,25,13,25,13,27;0,1,18,28,18,29;-1,0,14,22,15,22,15,21,12,21;1,0,28,15,29,15;1,0,28,11,28,14,29,14;1,0,26,16,27,16;0,1,28,19,27,19,27,22;1,0,24,14,26,14;1,0,17,29,17,28,14,28,14,30,15,30;1,0,26,10,26,11,27,11;1,0,22,26,22,25,23,25;-1,0,12,10,12,12,11,12;1,0,27,17,25,17,25,19,26,19;1,0,26,13,27,13;0,1,16,26,14,26,14,27;0,1,12,18,12,20;0,1,23,22,23,24,21,24,21,25;1,0,24,16,24,15,27,15;0,-1,17,8,20,8,20,6,18,6,18,5;0,1,25,23,25,20,26,20,26,22;0,-1,17,9,14,9,14,8;1,0,25,13,25,12,27,12;1,0,23,16,23,17,24,17;1,0,14,25,17,25,17,27,19,27;-1,0,10,17,9,17;1,0,21,13,24,13;1,0,25,11,23,11,23,10,25,10;-1,0,10,16,10,14,9,14;0,1,11,14,11,17;-1,0,14,19,14,20,13,20;0,-1,15,10,13,10,13,7;-1,0,13,11,13,13,12,13;1,0,22,16,22,15,23,15;0,-1,14,13,14,11,16,11,16,10;1,0,22,10,22,12,23,12;-1,0,19,9,19,10,17,10,17,12,16,12;0,1,22,19,24,19,24,20;0,-1,12,16,13,16,13,14;0,-1,16,13,17,13,17,15,15,15,15,13;1,0,21,11,21,9,22,9;1,0,20,9,20,12,21,12;-1,0,14,15,14,18,13,18;-1,0,18,11,19,11,19,14,18,14;-1,0,18,21,18,22,17,22,17,24,16,24;0,-1,23,18,22,18,22,17;0,1,17,19,19,19,19,21;0,-1,19,15,20,15,20,14;0,1,17,16,17,18,15,18,15,20;0,-1,19,17,21,17,21,15;1,0,18,15,18,18,19,18;0,1,2,18,2,23,0,23,0,26,2,26,2,31;1,0,14,36,19,36,19,34,22,34,22,29,27,29;-1,0,9,30,9,33,8,33,8,36,13,36,13,33,10,33;0,-1,1,22,1,18,0,18,0,13,2,13,2,11;0,-1,32,18,32,19,34,19,34,17,31,17,31,12;-1,0,24,7,24,5,20,5,20,3,15,3,15,6,13,6;0,1,33,25,31,25,31,27,34,27,34,29,31,29,31,32;0,-1,34,16,34,15,32,15,32,10,29,10,29,7;0,-1,12,7,10,7,10,11,7,11,7,7,2,7,2,3;0,1,1,35,2,35,2,36,0,36,0,32,2,32,2,34;0,-1,34,1,29,1,29,6,31,6,31,4;0,1,2,15,1,15,1,17,6,17,6,12,3,12,3,15;0,1,31,11,29,11,29,13,30,13,30,15;0,-1,1,7,0,7,0,2,3,2,3,5,5,5,5,1;0,1,29,33,32,33,32,36,28,36,28,33,24,33,24,35;0,1,6,18,4,18,4,21,3,21,3,26;0,1,5,23,5,22,4,22,4,24,5,24,5,26;0,1,7,35,3,35,3,31,5,31,5,27,3,27,3,28;1,0,28,24,28,25,30,25,30,23,31,23;1,0,32,4,34,4,34,9,30,9,30,7,31,7;1,0,34,24,34,21,31,21,31,19,29,19,29,22,31,22;0,-1,12,5,14,5,14,4,13,4,13,2;0,-1,11,1,11,5,9,5,9,10,8,10,8,7;0,1,27,36,25,36,25,34,27,34,27,35;0,-1,14,3,14,2,18,2,18,1;1,0,30,5,30,2,33,2;0,-1,7,3,6,3,6,1,8,1,8,6,6,6,6,5;0,1,23,26,23,28,28,28,28,30,23,30,23,32;0,-1,25,2,25,5,27,5,27,10,28,10,28,7;0,-1,26,0,21,0,21,4,24,4,24,3,23,3,23,1
34,41|-1,0,10,36,9,36;0,1,5,29,5,30;-1,0,10,35,9,35;-1,0,9,34,8,34;0,1,6,30,6,31;-1,0,10,10,9,10;-1,0,10,11,9,11;0,1,11,34,11,35;0,1,7,31,7,32;-1,0,11,9,10,9;0,1,6,28,6,29;-1,0,12,10,11,10;-1,0,9,31,8,31;0,1,7,27,7,30;-1,0,10,28,9,28,9,29,8,29;0,-1,27,13,27,12,28,12,28,10;-1,0,11,11,13,11,13,9,12,9;-1,0,8,15,7,15;-1,0,9,33,8,33;-1,0,9,15,9,16,8,16;0,-1,26,18,26,17,25,17,25,16;0,1,13,33,12,33,12,35;-1,0,8,30,10,30,10,32,8,32;1,0,25,29,24,29,24,30,26,30;-1,0,14,9,14,8,12,8;1,0,18,6,20,6,20,7,21,7;1,0,20,8,22,8,22,10,24,10;0,-1,29,16,29,15,27,15,27,14;1,0,18,8,19,8,19,9,21,9;0,-1,7,13,8,13,8,12;-1,0,10,12,9,12,9,14,7,14;-1,0,19,35,17,35;0,-1,15,9,15,7,12,7,12,5;0,-1,14,11,14,10,16,10,16,8;0,-1,23,16,23,19,24,19,24,17;1,0,22,31,22,32,24,32;-1,0,11,26,11,27,10,27;0,-1,16,14,16,12;1,0,17,7,17,9,18,9;0,-1,17,12,17,10;1,0,21,32,20,32,20,33,23,33;0,1,13,32,11,32,11,33,10,33,10,34;0,-1,18,10,18,11,21,11,21,10;0,-1,10,15,10,13,13,13,13,12;0,-1,19,13,19,12;0,1,25,26,25,28,23,28,23,29;0,1,13,31,14,31,14,33;0,1,19,33,19,34,22,34,22,35;-1,0,14,22,14,23,13,23;0,-1,17,14,18,14,18,12;-1,0,13,19,13,21,12,21;-1,0,13,16,13,14,11,14;-1,0,14,25,14,24,13,24;0,-1,14,15,14,16,15,16,15,14;1,0,18,34,18,32,19,32;1,0,20,29,20,30,19,30,19,31,20,31;0,1,18,29,18,31,17,31,17,33;0,1,23,23,23,24,24,24,24,27;0,1,15,30,15,33;-1,0,14,26,12,26;0,-1,16,15,19,15,19,14;-1,0,14,17,13,17,13,18,12,18;1,0,16,32,16,29,17,29;-1,0,15,29,12,29,12,31,11,31;0,-1,26,22,26,20,25,20,25,19;1,0,20,15,20,17,21,17,21,18,22,18;0,-1,15,20,15,17,16,17,16,16;0,-1,18,17,17,17,17,16;-1,0,12,28,15,28,15,27,12,27;1,0,23,21,25,21;0,-1,16,21,14,21,14,18;0,1,19,25,18,25,18,26;0,-1,21,19,20,19,20,18,19,18,19,17;1,0,22,21,21,21,21,20,24,20;0,-1,20,21,20,20,18,20,18,18;1,0,22,24,22,22,23,22;1,0,17,19,17,21,19,21;1,0,19,22,21,22;1,0,16,28,16,26,17,26;1,0,15,26,15,25,17,25,17,24,19,24;-1,0,17,23,16,23,16,24,15,24;-1,0,21,23,18,23,18,22,15,22;0,1,6,32,6,35,4,35,4,40;0,-1,8,8,8,10,7,10,7,12,6,12,6,7;0,-1,4,29,1,29,1,24,6,24,6,19,2,19,2,16;0,1,26,24,29,24,29,29,32,29,32,34;1,0,19,5,23,5,23,9,24,9,24,7,28,7;0,-1,3,13,3,11,0,11,0,15,1,15,1,13;0,1,11,41,7,41,7,38,12,38,12,36,14,36,14,38;-1,0,16,7,16,4,12,4,12,1,10,1;-1,0,8,36,6,36,6,41,3,41,3,37,2,37;0,-1,10,6,5,6,5,10,0,10,0,9,2,9,2,6;0,-1,34,10,31,10,31,12,29,12,29,7,31,7,31,3;0,1,22,38,19,38,19,41,23,41,23,36,18,36,18,38;0,-1,4,9,4,6,3,6,3,4,5,4,5,1;1,0,29,33,29,34,26,34,26,32,30,32,30,35,33,35;0,-1,2,0,2,3,0,3,0,5,2,5,2,4;0,-1,25,6,28,6,28,4,23,4,23,2;0,-1,26,3,24,3,24,0,20,0,20,4,17,4,17,1;0,1,23,34,23,35,25,35,25,39;0,-1,25,0,30,0,30,1,34,1,34,5,33,5,33,2;-1,0,0,40,0,38,1,38,1,34,4,34,4,31,1,31;-1,0,5,20,5,21,2,21,2,23,5,23,5,22,3,22;1,0,24,40,26,40,26,38,29,38;0,1,14,39,12,39,12,41,15,41,15,36,17,36,17,40;0,1,33,28,33,33,34,33,34,37,32,37,32,40;0,-1,19,0,16,0,16,3,14,3,14,1;1,0,31,22,32,22,32,17,27,17,27,22,30,22;0,-1,7,4,7,3,6,3,6,5,8,5,8,2;0,-1,7,7,9,7,9,8,11,8,11,5,9,5,9,3;1,0,32,26,32,28,30,28,30,25,32,25;-1,0,0,32,3,32,3,33,1,33
36,44|-1,0,6,31,5,31;-1,0,7,30,6,30;-1,0,7,29,6,29;0,1,6,34,6,35;0,1,6,32,6,33;0,-1,17,6,17,5;1,0,29,10,30,10;-1,0,9,24,8,24;0,-1,25,7,28,7,28,6;-1,0,8,16,9,16,9,15,8,15;0,1,10,37,10,38;0,-1,26,8,24,8,24,7;-1,0,9,38,9,36,7,36;-1,0,9,26,9,25,7,25;-1,0,9,23,8,23;-1,0,12,37,11,37;0,-1,26,9,23,9,23,6;-1,0,11,15,10,15,10,14,9,14;0,1,22,30,23,30,23,32;0,1,15,39,14,39,14,37,13,37,13,38;0,-1,21,9,21,7,22,7,22,6;0,1,7,33,7,35;0,-1,21,11,21,10,22,10,22,8;-1,0,11,8,11,7,14,7,14,9,12,9;0,1,7,32,8,32,8,35;-1,0,12,36,13,36,13,35,10,35;-1,0,10,34,12,34,12,33,11,33;0,-1,21,12,22,12,22,11,23,11,23,10;0,1,20,34,20,35,21,35,21,36;-1,0,15,36,14,36;-1,0,15,33,13,33,13,32,11,32;1,0,28,16,28,15,31,15;1,0,30,12,30,14,28,14,28,13,29,13;-1,0,7,31,8,31,8,28,7,28;1,0,19,34,19,33,20,33;1,0,27,14,27,17,28,17;0,-1,13,12,14,12,14,10;1,0,19,35,18,35,18,37,19,37;-1,0,10,26,11,26,11,25,10,25;0,-1,20,5,20,7,19,7,19,6;1,0,30,9,28,9,28,11,30,11;0,1,20,30,20,32;0,1,12,30,12,28,10,28,10,30;0,-1,16,6,15,6,15,7,18,7,18,6;0,1,16,35,14,35,14,34,17,34,17,37;0,-1,10,16,12,16,12,13,10,13,10,11;0,-1,15,8,15,10,17,10,17,8;0,-1,27,9,27,11,26,11,26,10;0,1,23,29,21,29,21,31;-1,0,10,24,10,22,8,22;0,1,12,27,9,27,9,29;1,0,24,11,25,11,25,12,28,12;-1,0,11,21,9,21;-1,0,19,8,18,8,18,11,16,11;0,1,8,17,8,20;1,0,18,34,18,31,16,31,16,33,17,33;0,1,19,30,19,29,18,29,18,30;0,-1,22,13,22,14,21,14,21,13;0,-1,9,17,10,17,10,20,9,20,9,18;1,0,24,15,24,16,26,16,26,13,27,13;-1,0,14,26,12,26,12,23,11,23;-1,0,18,12,15,12,15,13,13,13;0,-1,23,16,23,14;0,-1,12,18,12,17;0,-1,12,19,11,19,11,17;0,1,15,30,15,32;1,0,25,18,24,18,24,20,27,20;1,0,22,15,22,17,24,17;1,0,19,14,19,11,20,11;-1,0,16,30,16,29,14,29,14,31,13,31;-1,0,15,14,18,14,18,13,17,13;0,1,18,28,20,28,20,29;-1,0,16,19,13,19,13,20,11,20;0,-1,14,18,16,18,16,15;1,0,21,15,21,18,22,18;1,0,20,24,20,25,22,25;-1,0,17,30,17,28,15,28,15,27,13,27;-1,0,16,25,18,25,18,27,16,27;1,0,19,18,17,18,17,15,20,15;-1,0,20,26,19,26,19,24,18,24;0,-1,17,19,17,20,19,20,19,19;0,-1,21,23,23,23,23,21;1,0,17,21,18,21,18,23,20,23;1,0,16,3,20,3,20,0,24,0,24,2,28,2;0,1,0,26,0,22,1,22,1,18,3,18,3,20;0,1,5,35,5,33,3,33,3,37,7,37,7,39;0,1,8,27,7,27,7,26,5,26,5,30,1,30,1,32;0,1,33,16,36,16,36,14,32,14,32,19,34,19,34,24;-1,0,26,44,26,42,22,42,22,38,19,38,19,41,17,41;-1,0,7,15,7,10,10,10,10,7,6,7;0,1,10,44,10,41,6,41,6,38,5,38,5,39;1,0,31,14,31,10,32,10,32,7,34,7;0,1,27,25,27,30,24,30,24,34,28,34,28,38;0,1,0,36,0,34,1,34,1,39;1,0,29,41,27,41,27,44,30,44,30,39,34,39;1,0,35,39,36,39,36,42,31,42,31,40,33,40;1,0,33,6,36,6,36,10,33,10,33,12,35,12;0,1,2,44,2,40,5,40,5,42;0,-1,27,6,25,6,25,5,30,5,30,2;-1,0,2,4,5,4,5,8,9,8,9,9,7,9;-1,0,3,12,6,12,6,14,1,14;0,1,8,44,5,44,5,43,3,43,3,41,4,41,4,42;-1,0,19,2,19,0,18,0,18,2,16,2;0,-1,4,3,4,2,9,2,9,6,13,6,13,2;0,-1,7,19,5,19,5,15,0,15,0,11,1,11,1,7;-1,0,2,7,2,11,4,11,4,6,1,6;1,0,36,32,36,34,34,34,34,30,29,30,29,34,30,34;-1,0,3,22,3,25,1,25,1,29,4,29,4,27,3,27;1,0,27,31,25,31,25,32,28,32,28,28,32,28;0,-1,11,3,12,3,12,5,10,5,10,1;0,1,20,41,20,39,21,39,21,42;-1,0,0,9,0,4,1,4,1,0,4,0,4,1,2,1;0,-1,17,1,17,0,12,0,12,2,11,2,11,1
35,38|0,1,9,30,9,31;-1,0,10,5,9,5;-1,0,6,26,5,26;-1,0,7,25,6,25;0,1,8,29,8,30;0,1,26,29,26,30;-1,0,7,24,6,24;0,1,19,32,19,33;1,0,25,27,26,27;-1,0,13,32,12,32;0,1,18,31,18,33;-1,0,6,14,6,13,7,13,7,15,6,15;0,-1,8,8,9,8,9,7;-1,0,10,30,10,29,9,29;-1,0,11,6,13,6,13,5,11,5;1,0,25,30,25,28,26,28;0,-1,16,7,15,7,15,6;0,-1,8,11,8,10,7,10,7,8;0,1,11,29,11,31,14,31,14,32;-1,0,8,25,9,25,9,26,7,26;0,1,17,30,17,33;0,1,8,28,8,27,10,27,10,28;0,-1,10,11,10,10,9,10,9,9;0,1,24,29,24,31,23,31,23,33;0,-1,28,7,28,8,26,8,26,6;1,0,22,30,21,30,21,31,22,31;1,0,26,26,28,26,28,24,30,24;0,1,6,23,8,23,8,24;0,-1,24,8,23,8,23,6;1,0,20,29,19,29,19,27,21,27;0,1,16,32,16,30,15,30,15,32;0,1,10,25,10,26,11,26,11,28;0,-1,22,8,22,9,25,9,25,6;1,0,19,31,20,31,20,32,22,32;0,-1,29,10,27,10,27,9;0,1,12,27,12,29;0,1,24,23,25,23,25,22,26,22,26,25;1,0,15,29,18,29,18,30,20,30;1,0,19,26,17,26,17,28,18,28;0,1,12,26,13,26,13,27,16,27,16,28;0,-1,9,12,7,12,7,11;0,-1,23,11,24,11,24,10;0,-1,7,16,8,16,8,13,10,13,10,12;0,-1,12,7,12,8,14,8,14,6;1,0,28,11,29,11;0,1,22,20,22,23,23,23,23,25;0,1,26,20,25,20,25,21;0,-1,16,8,17,8,17,7;0,-1,11,14,11,11,13,11,13,9;1,0,27,13,27,14,29,14;0,-1,12,12,14,12,14,9,15,9,15,8;0,1,13,25,13,23,14,23,14,24;0,-1,27,11,26,11,26,9;0,1,22,19,22,18,21,18,21,20;-1,0,12,25,12,23,11,23,11,24,9,24;1,0,18,22,19,22;0,-1,20,12,22,12,22,11,20,11,20,9;0,-1,27,12,25,12,25,10;0,-1,26,13,24,13,24,12;1,0,23,12,23,14,26,14;0,-1,14,14,14,13;0,1,24,18,25,18,25,19,23,19,23,21;0,1,9,21,6,21,6,22;0,-1,28,16,28,15;-1,0,10,16,9,16;0,-1,20,15,19,15,19,12,17,12,17,9;0,-1,15,14,16,14,16,12;-1,0,12,13,12,16,11,16;-1,0,8,17,8,20,7,20;0,1,11,22,12,22,12,20,14,20,14,21;0,1,29,19,26,19,26,17,27,17,27,18;1,0,19,19,18,19,18,21,20,21;1,0,22,13,21,13,21,15,24,15;1,0,27,16,24,16,24,17,25,17;1,0,19,17,21,17,21,16,23,16;0,1,11,18,9,18,9,20,10,20,10,21;-1,0,11,17,9,17;1,0,16,20,16,22,17,22;0,1,17,19,15,19,15,20;0,-1,14,15,13,15,13,13;0,1,12,19,12,17,13,17,13,19;0,1,14,16,14,19;-1,0,15,15,15,17,17,17,17,18,16,18;1,0,28,2,24,2,24,0,20,0,20,2,22,2;1,0,12,0,15,0,15,1,19,1,19,4,22,4;0,-1,25,31,25,33,28,33,28,29,33,29,33,25;1,0,7,38,11,38,11,37,16,37;0,-1,2,28,2,25,0,25,0,20,2,20,2,16;1,0,17,37,20,37,20,33,21,33,21,34,24,34;0,-1,35,0,30,0,30,4,34,4,34,2;0,-1,11,3,7,3,7,7,3,7,3,2;1,0,30,27,30,25,29,25,29,28,31,28,31,24,33,24;1,0,28,18,28,17,33,17,33,12,30,12,30,10,32,10;0,1,0,15,2,15,2,13,5,13,5,15,3,15,3,20;0,1,33,1,35,1,35,6,34,6,34,11;0,1,32,36,32,33,34,33,34,30,32,30,32,32;0,1,4,20,5,20,5,25,3,25,3,27;-1,0,11,36,15,36,15,35,11,35,11,32,9,32;-1,0,18,6,18,4,13,4,13,1,10,1;0,1,3,35,3,33,7,33,7,29,4,29,4,31;-1,0,0,37,3,37,3,38,5,38,5,36,1,36;0,1,29,30,29,31,31,31,31,36;-1,0,6,28,3,28,3,31,2,31;0,-1,0,12,3,12,3,8,0,8,0,4,2,4,2,1;-1,0,5,31,5,30,6,30,6,32,4,32;1,0,33,23,33,20,30,20,30,18,32,18;0,1,28,38,33,38,33,37,30,37,30,32,29,32,29,35;0,-1,33,9,31,9,31,6,29,6,29,1;0,1,29,36,29,37,28,37,28,34,25,34,25,36;0,1,35,31,35,34,34,34,34,36;-1,0,0,32,2,32,2,33,1,33;0,1,25,37,25,38,22,38,22,35,24,35,24,37;0,-1,4,2,4,6,5,6,5,2
41,49|0,1,5,30,5,31;0,1,12,37,12,38;0,1,6,37,6,38;0,1,11,37,11,38;-1,0,9,39,8,39;0,1,13,36,13,37;1,0,32,19,33,19;1,0,31,10,32,10;1,0,30,9,31,9;0,1,7,37,7,38;0,-1,22,6,22,5;-1,0,6,29,5,29;-1,0,6,28,5,28;-1,0,7,31,6,31;1,0,32,13,33,13;0,1,9,38,10,38,10,39;1,0,29,20,29,21,30,21,30,20,31,20;0,-1,29,9,29,6;-1,0,15,42,16,42,16,41,14,41;-1,0,8,35,7,35;1,0,31,19,31,18,33,18;-1,0,8,38,8,36,6,36;1,0,31,17,33,17,33,15,34,15;0,-1,19,6,20,6,20,5;-1,0,17,39,15,39;0,-1,23,7,23,6;0,1,7,34,9,34,9,37;1,0,34,11,31,11,31,14,33,14;1,0,29,14,29,13,30,13;-1,0,10,35,12,35,12,36,10,36;-1,0,15,37,15,36,14,36;1,0,28,8,28,10,30,10;-1,0,19,38,19,40,15,40;1,0,26,6,26,8,27,8,27,7,28,7;1,0,29,19,30,19;1,0,25,8,25,5,27,5;1,0,30,18,30,16,32,16;0,-1,10,21,10,18;0,1,9,33,10,33,10,34;0,1,11,32,7,32,7,33;1,0,28,14,28,12,30,12;-1,0,9,31,8,31,8,30,6,30;1,0,27,13,27,11,29,11;1,0,26,12,26,14,27,14;0,-1,29,16,28,16,28,15;1,0,27,19,28,19,28,17,29,17;0,1,5,24,5,27,7,27,7,29;1,0,26,22,26,23,27,23;1,0,24,13,24,12,25,12;-1,0,10,31,10,29,8,29;0,-1,9,22,9,18;1,0,28,21,28,20,25,20,25,21,26,21;0,-1,22,7,21,7,21,5;-1,0,19,37,19,36,16,36;0,1,8,28,11,28,11,31;1,0,25,17,25,16,27,16;-1,0,15,32,14,32;0,1,23,35,20,35,20,38;1,0,26,11,24,11,24,9,25,9;-1,0,6,26,8,26,8,24,6,24;0,-1,20,7,17,7,17,10,15,10,15,7;1,0,26,19,23,19,23,21,24,21;0,-1,15,13,14,13,14,12;-1,0,14,22,12,22,12,18,11,18;-1,0,14,33,15,33,15,34,12,34;-1,0,20,8,20,9,18,9;0,-1,9,26,9,23;1,0,23,10,23,14,24,14;0,-1,18,10,21,10,21,8,24,8,24,6;1,0,21,13,21,11,22,11;0,-1,18,11,16,11,16,14,13,14,13,13;0,-1,13,20,15,20,15,18;-1,0,10,25,10,27,8,27;1,0,23,15,26,15;1,0,21,19,21,17,24,17;1,0,18,34,18,35,19,35,19,34,20,34;1,0,18,12,18,13,20,13;1,0,19,14,22,14,22,16,24,16;0,1,13,35,16,35,16,33,17,33,17,34;1,0,22,20,22,22,24,22,24,25,25,25;1,0,17,13,17,15,20,15;0,-1,24,28,24,30,23,30,23,28;0,1,15,30,16,30,16,32;0,-1,12,24,12,23;1,0,18,33,18,31,19,31;-1,0,19,19,17,19;0,-1,21,16,19,16,19,18,16,18,16,17;0,-1,11,24,11,26,13,26,13,23;-1,0,15,22,16,22,16,21,14,21;0,1,14,27,14,29,17,29,17,32;0,-1,22,30,22,27;-1,0,16,26,17,26,17,27,15,27;-1,0,21,26,21,30,18,30;-1,0,20,17,20,20,18,20,18,21,17,21;0,-1,14,23,14,25,16,25,16,23;0,-1,20,23,21,23,21,20;0,-1,17,22,17,25,19,25,19,22;-1,0,10,46,10,44,13,44,13,39,11,39,11,40,7,40;0,1,39,16,34,16,34,20,37,20,37,25,35,25,35,30;0,1,0,41,2,41,2,36,5,36,5,38;0,-1,36,14,36,12,35,12,35,15,37,15,37,12;-1,0,16,6,14,6,14,10,10,10;0,-1,17,6,18,6,18,4,22,4,22,3;-1,0,15,0,15,3,20,3,20,0,25,0,25,1,21,1;1,0,38,13,38,8,34,8,34,5,32,5,32,9,36,9;1,0,31,31,35,31,35,35,37,35;-1,0,2,24,4,24,4,29,1,29;0,1,7,39,5,39,5,42;0,-1,10,17,6,17,6,13,1,13,1,8,4,8,4,5;-1,0,8,0,8,2,12,2,12,5,17,5,17,4,16,4;1,0,13,46,17,46,17,44,20,44;0,1,6,43,6,47,3,47,3,43,5,43,5,44;0,1,25,40,25,37,28,37,28,41,30,41,30,45;-1,0,13,6,11,6,11,3,8,3;0,-1,16,0,19,0,19,2,16,2,16,1;0,-1,0,0,0,1,3,1,3,6,1,6,1,4;1,0,24,5,23,5,23,4,27,4,27,3,32,3;0,-1,9,7,9,12,6,12,6,9;-1,0,0,31,0,34,2,34,2,32,6,32,6,35,3,35;0,1,36,39,39,39,39,34,38,34,38,36;1,0,39,43,39,41,34,41,34,46,38,46;0,-1,7,11,7,8,5,8,5,6,6,6,6,1;-1,0,4,18,4,16,2,16,2,19,5,19,5,15,1,15;0,-1,5,0,5,4,4,4,4,2;-1,0,7,20,7,23,8,23,8,19,6,19,6,23,1,23;1,0,23,2,23,3,26,3,26,2,30,2;1,0,39,3,39,0,34,0,34,3,38,3;0,1,9,42,6,42,6,41,10,41,10,43,7,43,7,46;0,1,25,43,25,47,22,47,22,45,20,45,20,46;0,-1,30,1,29,1,29,0,31,0,31,2,32,2,32,1;-1,0,4,30,0,30,0,28,3,28,3,26,2,26;1,0,27,6,28,6,28,4,31,4;1,0,39,32,37,32,37,34,36,34,36,29,37,29;-1,0,1,16,0,16,0,20,5,20,5,21,4,21;-1,0,5,22,3,22,3,21,2,21;1,0,39,4,39,7,35,7,35,6,36,6;-1,0,3,41,3,37,4,37,4,42,2,42;0,-1,10,4,8,4,8,7,7,7,7,2;1,0,38,22,38,19,35,19,35,18,38,18;0,1,33,36,37,36,37,38,34,38,34,40,32,40,32,43;0,1,26,47,27,47,27,44,29,44,29,42,26,42,26,45;0,1,10,47,8,47,8,44,9,44,9,45;0,1,21,46,21,47,19,47,19,45,18,45,18,46;0,1,0,44,0,42,1,42,1,45;0,1,31,42,31,47,28,47,28,45,29,45,29,46;1,0,38,24,39,24,39,28,36,28,36,26,38,26;0,1,36,47,33,47,33,44,32,44,32,45;0,-1,35,5,36,5,36,4,33,4,33,2;1,0,39,31,39,30,37,30,37,31,38,31;1,0,38,45,38,42,35,42,35,45,36,45;-1,0,2,5,2,2,1,2;0,-1,10,1,10,0,13,0,13,4,14,4,14,3;1,0,27,49,25,49,25,48,29,48;0,1,38,40,41,40,41,43,40,43,40,47;1,0,41,45,41,49,37,49,37,48,40,48;0,1,9,49,13,49,13,47,16,47,16,48
37,36|1,0,31,27,32,27;0,-1,7,8,7,7;-1,0,6,13,5,13;-1,0,8,9,7,9;1,0,31,26,32,26;0,1,6,15,6,16;-1,0,7,14,6,14;-1,0,8,16,7,16;-1,0,8,13,7,13;1,0,29,28,30,28;-1,0,9,6,9,8,8,8;0,-1,17,7,17,8,16,8,16,6;0,-1,14,8,14,6;0,-1,13,8,10,8,10,7;0,-1,7,12,8,12,8,10;0,-1,9,11,9,9;1,0,30,27,30,25,32,25;0,-1,11,9,11,10,12,10,12,9;-1,0,21,5,21,7,19,7;1,0,28,28,28,27,29,27;0,-1,7,15,8,15,8,14,9,14,9,12;0,-1,14,10,15,10,15,8;-1,0,14,27,14,26,12,26;0,-1,16,11,16,9;0,-1,22,7,22,9,21,9,21,8;0,1,31,22,31,24;1,0,28,26,29,26,29,24,30,24;0,-1,8,19,8,17,9,17,9,15;0,-1,14,11,14,12,15,12,15,11;0,1,27,27,27,29,28,29,28,31;0,-1,17,12,17,10;0,-1,24,10,24,8;1,0,28,23,30,23,30,21,31,21;0,-1,18,11,19,11,19,9;0,-1,23,10,20,10,20,8;0,-1,14,14,14,13;0,-1,16,12,16,13,18,13,18,12;0,1,17,30,15,30,15,28,13,28,13,29;1,0,26,26,27,26,27,24,28,24;-1,0,18,30,18,29,17,29;1,0,25,23,25,24,26,24;0,1,11,22,11,19,10,19,10,21;0,-1,20,11,21,11,21,14,19,14,19,13;1,0,28,16,28,15,29,15;-1,0,16,28,16,27,15,27,15,25,13,25;1,0,27,10,27,12,28,12;0,1,11,18,9,18,9,21;0,-1,26,10,26,8,25,8,25,6;0,1,24,27,26,27,26,29;0,1,31,20,29,20,29,18,31,18,31,19;0,-1,13,10,13,11,10,11,10,9;0,1,17,28,19,28,19,31;-1,0,10,14,10,13,11,13,11,12,10,12;1,0,25,9,25,12,26,12;-1,0,13,23,13,21,12,21;0,1,10,17,12,17,12,18;1,0,22,29,23,29,23,26,25,26;-1,0,19,26,16,26,16,24,14,24;0,1,18,27,20,27,20,30;-1,0,11,15,13,15,13,14,11,14;0,1,16,21,16,22;0,-1,16,16,16,15,17,15,17,14;0,-1,15,16,15,13;0,-1,22,12,23,12,23,11;0,-1,22,15,22,13,24,13,24,12;0,1,23,25,23,23,24,23,24,25;-1,0,13,19,13,16,12,16;0,1,14,22,14,21,15,21,15,23;0,-1,13,20,16,20,16,18,14,18,14,15;1,0,28,20,28,17,27,17,27,14,29,14;0,1,24,16,26,16,26,17;0,1,20,24,20,26,21,26,21,29;0,1,22,25,22,22,21,22,21,25;0,-1,18,17,17,17,17,16,19,16,19,15;0,1,28,13,26,13,26,15;0,1,22,21,20,21,20,23;0,-1,24,14,25,14,25,13;0,-1,25,15,23,15,23,14;-1,0,17,21,18,21,18,20,17,20;0,-1,23,17,23,16,20,16,20,15;0,1,21,17,21,19;-1,0,19,18,18,18,18,19,17,19;0,-1,20,20,19,20,19,19,20,19,20,17;0,1,13,24,10,24,10,22,7,22,7,26;-1,0,24,2,20,2,20,6,17,6,17,4,12,4;0,1,37,19,37,24,34,24,34,27;-1,0,20,36,23,36,23,35,19,35;1,0,2,4,2,0,6,0,6,1,10,1;-1,0,31,32,26,32,26,36,24,36,24,32,21,32;0,-1,32,19,35,19,35,14,33,14,33,10;0,1,1,17,5,17,5,15,0,15,0,11,3,11,3,14;-1,0,16,31,16,34,11,34,11,30,9,30,9,28,5,28;-1,0,4,28,0,28,0,24,5,24,5,26,2,26;-1,0,10,36,10,32,8,32,8,29,7,29,7,32,3,32;1,0,24,7,23,7,23,5,28,5;1,0,35,1,35,4,32,4,32,6,34,6;0,1,5,36,9,36,9,33,7,33,7,34;0,-1,22,3,22,4,27,4,27,1;1,0,30,30,30,29,29,29,29,31,31,31,31,29,34,29;0,1,32,31,36,31,36,28,37,28,37,25,35,25,35,28;0,-1,3,6,0,6,0,10,1,10,1,8;0,-1,27,0,30,0,30,2,28,2,28,4,31,4,31,2;-1,0,0,33,1,33,1,29,6,29,6,31,2,31;0,-1,0,2,0,5,1,5,1,2;1,0,36,16,36,14,37,14,37,12,34,12,34,8,36,8;0,1,17,35,15,35,15,36,18,36,18,31,17,31,17,33;1,0,31,36,31,33,33,33,33,35,35,35;-1,0,5,20,5,18,1,18,1,23,5,23,5,21,3,21;0,1,27,36,30,36,30,33,27,33,27,34;0,-1,16,5,13,5,13,7,11,7,11,6;0,-1,8,7,8,3,11,3,11,1;-1,0,0,34,3,34,3,33,6,33,6,35,1,35;0,-1,19,2,19,5,18,5,18,1;0,-1,22,1,22,0,17,0,17,3,16,3,16,1
34,39|1,0,28,16,29,16;0,-1,5,18,5,17;1,0,27,24,28,24;-1,0,6,26,5,26;-1,0,6,16,6,19,5,19;1,0,26,18,28,18,28,17,29,17;1,0,26,13,29,13;-1,0,8,15,8,16,7,16;0,1,19,30,19,32;-1,0,7,26,7,25,5,25;-1,0,9,30,11,30,11,33,9,33;0,1,13,30,13,32,12,32,12,34;0,1,28,21,28,23;1,0,26,24,26,25,27,25;0,1,7,28,8,28,8,29;0,-1,12,8,12,7;0,1,7,27,9,27,9,29;1,0,16,32,18,32;0,-1,12,9,11,9,11,7;0,1,27,26,27,27,25,27,25,28;-1,0,7,19,8,19,8,18,7,18;-1,0,12,30,12,29,10,29;-1,0,7,22,7,24,6,24;0,1,14,32,14,33,17,33,17,34;0,1,8,23,8,26;1,0,27,20,28,20,28,19,29,19;-1,0,10,15,9,15;0,-1,22,12,22,10,24,10,24,9;0,1,13,29,13,27,10,27,10,28;0,-1,26,10,26,12,27,12,27,11;0,1,10,24,10,25,12,25,12,26;-1,0,7,12,8,12,8,13,7,13;1,0,18,7,18,6,19,6;1,0,27,16,27,14,28,14;-1,0,18,5,16,5,16,7,13,7;0,1,15,32,15,30,14,30,14,31;1,0,27,23,27,21,25,21,25,19,27,19;0,-1,10,10,11,10,11,11,12,11,12,10;1,0,23,21,23,22,26,22;0,1,18,30,16,30,16,31;0,-1,26,16,26,14;1,0,18,8,20,8,20,9,21,9;0,1,21,26,21,29,20,29,20,31;0,1,6,21,8,21,8,22;0,1,24,25,24,27;1,0,23,27,23,24,25,24,25,26,26,26;-1,0,9,23,9,20,6,20;0,1,14,29,14,28,15,28,15,29;0,1,11,24,13,24,13,26;1,0,22,23,24,23;-1,0,19,27,19,29,16,29,16,27,14,27;0,-1,24,13,25,13,25,12,24,12,24,11;0,1,19,26,19,24,22,24,22,27;-1,0,6,11,9,11,9,14,8,14;1,0,18,19,20,19;1,0,25,14,25,15,24,15,24,17,26,17;0,1,11,21,11,19,10,19,10,22;0,-1,13,9,14,9,14,8;1,0,23,15,23,18,25,18;0,1,14,22,13,22,13,23,14,23,14,25;-1,0,12,16,10,16,10,17,8,17;1,0,19,9,19,11,20,11;1,0,15,25,15,26,17,26,17,23,20,23;0,-1,11,13,10,13,10,11;1,0,17,22,18,22,18,20,20,20;0,1,17,19,17,21;0,1,24,14,22,14,22,16;-1,0,12,13,12,15,11,15,11,14,10,14;-1,0,18,9,16,9,16,8,15,8;-1,0,16,10,13,10,13,12,12,12;-1,0,14,15,13,15;0,1,13,20,13,21;0,1,13,19,12,19,12,21;1,0,16,22,16,20,14,20,14,19,16,19;1,0,20,18,20,16,21,16;0,-1,15,12,17,12,17,10;0,-1,19,14,19,12,18,12,18,10;0,1,23,12,23,13,21,13,21,14;-1,0,14,18,14,16,13,16;0,-1,15,17,15,14,13,14,13,13;0,-1,16,18,16,15;0,-1,17,13,17,15,20,15,20,12;0,1,19,17,19,16,17,16,17,18;0,1,30,19,30,21,32,21,32,25,28,25,28,26;0,-1,5,16,4,16,4,14,0,14,0,10,2,10,2,8;0,1,28,37,25,37,25,32,20,32,20,36;-1,0,17,35,17,39,15,39,15,37,10,37;1,0,29,18,30,18,30,13,33,13;-1,0,18,4,18,0,16,0,16,3,11,3;1,0,23,5,27,5,27,10,32,10;0,1,5,20,5,24,4,24,4,28,1,28,1,30;-1,0,2,36,7,36,7,32,10,32,10,31,6,31;0,-1,1,7,1,9,0,9,0,6,3,6,3,2;-1,0,0,20,0,15,2,15,2,17,4,17,4,19,1,19;0,1,21,36,21,39,19,39,19,35,18,35,18,37;0,-1,33,8,33,10,34,10,34,7,30,7,30,4;-1,0,13,0,10,0,10,2,15,2,15,1,12,1;0,1,4,31,4,33,1,33,1,36;0,1,14,36,14,35,9,35,9,38;0,-1,0,2,0,5,1,5,1,1;1,0,27,4,27,0,30,0,30,2,33,2;1,0,26,35,26,30,29,30,29,26,32,26;0,1,29,12,34,12,34,14,33,14,33,18;0,1,34,39,33,39,33,35,34,35,34,33,32,33,32,38;0,1,3,37,4,37,4,39,0,39,0,37,2,37,2,38;1,0,34,0,31,0,31,1,32,1;0,-1,10,9,10,5,8,5,8,2;1,0,27,36,27,32,30,32,30,27,32,27;0,-1,7,14,7,15,5,15,5,11,4,11,4,9;0,1,31,33,28,33,28,35,31,35,31,38;0,-1,1,11,3,11,3,7,7,7,7,2;0,1,28,36,30,36,30,38;0,-1,2,0,2,1,4,1,4,6,6,6,6,5;-1,0,2,23,1,23,1,20,4,20,4,23,3,23;-1,0,0,21,0,25,3,25,3,27,2,27
32,40|-1,0,7,12,6,12;0,1,5,30,5,31;0,1,6,31,6,32;-1,0,8,33,7,33;-1,0,8,31,7,31;-1,0,7,29,6,29;0,-1,14,6,14,5;-1,0,8,11,7,11;-1,0,9,10,8,10;-1,0,10,34,9,34;-1,0,10,11,9,11;1,0,26,10,24,10,24,9,26,9;0,1,19,32,19,33;0,1,9,33,11,33,11,34;-1,0,8,29,8,30,6,30;-1,0,9,13,8,13;0,1,18,33,18,34;-1,0,9,30,9,32,7,32;-1,0,9,26,9,28,8,28;-1,0,13,34,12,34,12,32,10,32;-1,0,10,28,10,29,9,29;-1,0,11,27,11,26,10,26;-1,0,8,9,9,9,9,8,8,8;-1,0,8,12,11,12,11,13,10,13;0,1,10,31,10,30,11,30,11,31;0,-1,27,11,26,11,26,13,25,13,25,12;-1,0,14,32,14,33,13,33;-1,0,12,31,12,29,11,29;0,1,23,31,21,31,21,32;1,0,24,29,24,28,22,28,22,27,23,27;1,0,20,33,20,30,21,30;-1,0,13,30,13,28,11,28;0,1,13,31,15,31,15,34,14,34,14,35;-1,0,16,32,17,32,17,34,16,34;0,-1,20,11,20,8,21,8,21,6;0,-1,19,7,18,7,18,6;0,1,13,27,12,27,12,24,13,24,13,26;0,-1,15,8,15,7,16,7,16,5;-1,0,12,12,12,11,11,11;-1,0,13,5,13,6,10,6;0,1,17,31,16,31,16,30,18,30,18,32;0,1,20,26,20,27,21,27,21,29;-1,0,10,9,10,10,13,10,13,7,12,7;0,1,14,28,16,28,16,29,19,29,19,31;0,-1,14,7,14,9,16,9,16,8;0,-1,18,9,17,9,17,6;0,1,14,23,14,26;0,1,15,26,17,26,17,28;0,-1,23,14,24,14,24,13;0,1,19,25,19,27,18,27,18,28;0,1,14,20,14,21;0,-1,18,13,18,10,19,10,19,8;-1,0,12,13,12,15,11,15;-1,0,17,10,14,10;0,1,11,23,10,23,10,24;0,-1,12,18,12,17,11,17,11,16;1,0,26,18,24,18,24,20,25,20;1,0,23,22,25,22,25,24,26,24;-1,0,15,24,17,24,17,25,15,25;0,1,20,25,21,25,21,26;-1,0,15,11,14,11,14,14,13,14;0,1,25,14,25,17;1,0,22,20,23,20,23,21,24,21;1,0,21,14,22,14,22,15,24,15;0,-1,18,15,17,15,17,12;0,1,19,24,22,24,22,25;0,1,20,23,18,23,18,25;0,-1,24,16,21,16,21,15;1,0,18,22,20,22,20,21,22,21;0,-1,13,15,15,15,15,14;0,-1,21,17,20,17,20,15;0,-1,12,19,11,19,11,18;0,1,11,22,12,22,12,23;1,0,21,19,21,20,20,20,20,18,21,18;1,0,17,19,19,19;0,-1,15,16,16,16,16,15;0,-1,13,17,13,16;1,0,15,23,16,23,16,22,17,22;0,-1,19,18,17,18,17,16,19,16,19,14;0,1,11,21,13,21,13,22;-1,0,14,18,13,18,13,20,11,20;1,0,14,16,14,17,16,17;-1,0,15,18,15,19,14,19;0,-1,15,22,15,20,16,20,16,18;0,1,7,6,7,9,6,9,6,11,3,11,3,14;0,1,8,34,8,35,3,35,3,33,6,33,6,34;1,0,20,34,20,35,18,35,18,38,21,38,21,33,22,33;1,0,29,26,29,22,27,22,27,18,30,18;-1,0,18,2,16,2,16,0,21,0,21,2,19,2;-1,0,17,4,13,4,13,2,9,2;1,0,22,38,22,34,25,34,25,30,30,30,30,25,31,25;0,-1,5,32,2,32,2,35,0,35,0,31,2,31,2,27;0,1,15,36,13,36,13,40,8,40,8,36,4,36,4,38;-1,0,3,23,6,23,6,18,10,18,10,15,8,15;-1,0,2,14,2,19,4,19,4,17,9,17,9,16,7,16;0,-1,0,19,0,14,1,14,1,11;-1,0,5,40,3,40,3,36,2,36;-1,0,0,1,0,6,4,6,4,4,6,4,6,8,5,8;1,0,29,11,29,12,32,12,32,10,28,10,28,8,31,8;1,0,25,36,25,39,23,39,23,35,26,35,26,31,29,31;0,1,28,19,30,19,30,22,32,22,32,27,31,27,31,30;0,-1,26,6,23,6,23,10,21,10,21,13,23,13,23,11;0,1,32,31,32,34,31,34,31,32,29,32,29,34;0,-1,22,0,27,0,27,2,32,2,32,7,30,7,30,3;1,0,30,38,30,40,27,40,27,37,31,37;1,0,32,0,28,0,28,1,31,1;0,-1,17,3,14,3,14,2;-1,0,7,28,7,24,3,24,3,25,1,25;-1,0,1,18,1,22,5,22,5,21,4,21;0,1,28,32,27,32,27,35,29,35,29,36,26,36,26,38;1,0,32,21,32,19,31,19,31,17,26,17,26,14,30,14;0,-1,4,0,8,0,8,3,4,3,4,2;1,0,32,15,27,15,27,16,29,16;-1,0,6,27,4,27,4,31,3,31,3,26,1,26;0,1,25,40,20,40,20,39,17,39,17,35,16,35,16,39;0,1,2,37,2,40,0,40,0,36,1,36,1,38
33,42|-1,0,8,29,7,29;-1,0,7,28,6,28;1,0,27,10,28,10;0,1,6,35,6,36;1,0,26,8,27,8;-1,0,10,29,9,29;1,0,27,12,28,12;1,0,24,9,26,9,26,11,27,11;0,1,7,33,7,36;-1,0,9,31,7,31;-1,0,10,30,8,30;1,0,27,14,26,14,26,13,27,13;0,-1,9,9,9,11,8,11,8,10;0,1,8,35,8,36,9,36,9,37;0,-1,10,11,10,10;1,0,24,10,24,12,26,12;0,1,7,32,8,32,8,34,9,34,9,35;0,-1,13,7,13,8,12,8,12,6;0,1,14,36,11,36,11,34,10,34,10,36;1,0,25,16,25,15,27,15;-1,0,14,5,15,5,15,7,14,7;0,-1,24,8,23,8,23,6;0,-1,11,10,11,13,10,13,10,12;-1,0,12,33,9,33;0,1,12,34,13,34,13,35;-1,0,9,23,7,23;-1,0,9,16,7,16;0,-1,21,5,21,7,22,7,22,6;0,1,6,27,6,26,7,26,7,27;1,0,24,14,24,13,25,13;1,0,21,10,21,8,22,8;0,-1,21,13,21,11;0,1,13,32,11,32,11,31,10,31,10,32;1,0,23,16,24,16,24,17,25,17;-1,0,9,24,7,24,7,25,5,25;0,-1,13,15,13,13;-1,0,7,11,7,12,8,12,8,15,6,15;-1,0,9,25,11,25,11,26,8,26;0,1,15,35,15,33,14,33,14,35;1,0,22,16,22,15,24,15;0,1,18,33,17,33,17,36;-1,0,18,7,16,7,16,8,14,8;-1,0,11,23,11,24,10,24;-1,0,15,29,12,29,12,28,10,28;0,-1,17,8,19,8,19,7;0,-1,15,13,15,11,16,11,16,10;0,1,11,30,12,30,12,31,14,31,14,32;0,1,17,32,16,32,16,35;0,-1,17,9,18,9,18,11,20,11,20,9;0,-1,15,14,16,14,16,13;-1,0,17,31,15,31,15,30,13,30;0,-1,20,12,17,12,17,10;-1,0,19,32,18,32,18,30,16,30;0,-1,21,16,21,14,23,14,23,12;0,-1,11,14,11,15,9,15,9,13;-1,0,13,27,13,25,12,25;0,1,20,30,19,30,19,31;0,-1,10,17,10,16;1,0,20,15,18,15,18,13,19,13;-1,0,6,18,8,18,8,19,6,19;0,1,12,23,12,24;0,1,19,29,20,29,20,28,22,28,22,29;0,1,16,27,16,28,18,28,18,29;1,0,18,19,18,18,19,18;0,-1,13,16,12,16,12,13;0,1,20,26,20,27;1,0,18,17,18,16,19,16;-1,0,9,22,8,22,8,21,7,21;1,0,19,22,19,21,21,21;0,-1,14,16,14,14;-1,0,9,21,10,21,10,20,7,20;0,1,11,22,13,22,13,24;1,0,17,26,17,27,18,27,18,26,19,26;0,1,18,25,18,23,19,23,19,25;0,1,15,25,14,25,14,26;0,-1,11,16,11,18,9,18,9,17;0,-1,16,16,16,17,17,17,17,14;0,-1,9,19,11,19,11,21,12,21,12,18;0,1,17,23,17,25,16,25,16,26;-1,0,15,15,15,17,13,17;-1,0,14,24,14,23,16,23,16,24,15,24;1,0,15,19,17,19,17,22,18,22;1,0,14,19,14,18,16,18;0,-1,16,22,15,22,15,20,13,20,13,18;0,-1,33,17,28,17,28,13,31,13,31,9;0,1,0,17,0,15,5,15,5,19,2,19,2,21;-1,0,2,31,2,29,6,29,6,34,5,34;1,0,20,5,20,3,17,3,17,0,20,0,20,2,24,2;-1,0,12,42,10,42,10,40,7,40,7,37,2,37;-1,0,13,12,13,9,10,9,10,4,6,4;1,0,26,22,26,18,22,18,22,21,23,21,23,26,28,26;1,0,16,39,18,39,18,34,20,34;1,0,33,4,33,0,29,0,29,3,24,3,24,7,27,7;0,1,0,22,0,26,1,26,1,30;1,0,27,9,28,9,28,7,31,7;0,1,20,35,19,35,19,37,21,37,21,34,23,34,23,39;0,1,1,34,1,31,0,31,0,35,1,35,1,39;0,-1,6,2,6,0,11,0,11,5,12,5,12,1;1,0,27,35,31,35,31,30,29,30,29,26,31,26;0,-1,1,4,0,4,0,9,2,9,2,4;0,-1,9,8,9,5,4,5,4,3,2,3,2,2;0,-1,0,0,3,0,3,2,4,2,4,1;0,1,13,42,18,42,18,40,23,40,23,41;1,0,19,41,22,41,22,42,24,42,24,40,26,40;1,0,24,36,24,39,27,39,27,42,29,42,29,40,31,40;1,0,33,28,33,24,32,24,32,27,30,27,30,29,32,29;1,0,26,17,26,16,27,16,27,18,31,18;-1,0,7,41,9,41,9,42,6,42,6,40,5,40;0,1,5,41,5,42,2,42,2,38,4,38,4,40;1,0,28,22,31,22,31,19,27,19,27,23,32,23;1,0,30,9,30,12,29,12,29,8,31,8;1,0,32,15,32,12,33,12,33,16,29,16,29,14,31,14;1,0,32,4,32,1,31,1,31,4,27,4,27,6,29,6;1,0,33,42,30,42,30,41,32,41;0,-1,20,8,20,6,16,6,16,3;-1,0,4,10,4,6,8,6,8,7,6,7,6,12,4,12
42,47|0,1,6,30,6,31;-1,0,8,32,7,32;-1,0,7,13,6,13;-1,0,7,14,6,14;-1,0,8,31,7,31;-1,0,8,30,7,30;0,1,14,36,14,37;0,1,15,35,15,36;0,1,16,36,16,37;-1,0,6,26,5,26;0,1,24,35,24,36;-1,0,8,29,7,29;-1,0,9,34,8,34;0,1,18,36,18,37;-1,0,11,30,9,30;-1,0,6,28,8,28,8,27,6,27;1,0,31,11,31,13,32,13;0,-1,5,10,5,9,7,9,7,6;1,0,30,14,30,16,33,16;1,0,27,15,27,13,29,13;-1,0,9,33,10,33,10,35,8,35;0,1,14,35,14,33,12,33,12,36;-1,0,8,9,8,10,6,10;-1,0,10,9,10,11,7,11;0,1,9,31,9,32,11,32,11,35;0,-1,8,15,8,13;1,0,28,17,30,17;-1,0,13,30,13,31,10,31;0,-1,9,12,11,12,11,10;-1,0,13,28,12,28;-1,0,14,30,14,32,12,32;0,1,9,27,9,25,7,25,7,26;0,-1,9,14,11,14,11,13;0,1,6,23,6,25;1,0,32,9,29,9,29,11,30,11;1,0,26,8,26,10,28,10,28,12,29,12;-1,0,12,9,16,9,16,8,14,8;0,1,22,38,22,36,19,36,19,37;0,1,10,29,14,29,14,25,12,25,12,27;1,0,22,8,22,9,24,9;-1,0,13,13,13,14,12,14;0,1,7,24,7,22,5,22,5,23;-1,0,5,17,6,17,6,15,5,15;0,1,21,34,21,35;1,0,23,10,25,10,25,11,26,11;1,0,23,15,23,11,24,11;1,0,30,25,31,25,31,29,32,29;-1,0,16,35,16,34,15,34;1,0,30,26,27,26,27,24,31,24;1,0,14,5,15,5,15,6,18,6;-1,0,6,18,7,18,7,21,6,21;0,1,25,34,26,34,26,33,28,33,28,34;0,-1,7,16,9,16,9,15;-1,0,10,16,10,17,7,17;0,-1,28,18,27,18,27,16;0,-1,9,18,11,18,11,15;0,-1,8,24,8,20,9,20,9,19;-1,0,13,19,10,19,10,21,9,21;0,1,20,34,17,34,17,37;0,1,23,36,23,33,22,33,22,35;-1,0,12,12,12,10,14,10,14,12,13,12;-1,0,16,33,20,33,20,30,19,30;1,0,29,31,26,31,26,32,29,32;0,-1,25,19,25,18;0,-1,20,9,20,12,22,12,22,10;0,-1,23,17,22,17,22,16;0,-1,28,19,26,19,26,17;-1,0,22,29,22,31,21,31;0,1,23,28,23,32,21,32,21,33;-1,0,12,23,12,21,11,21;0,1,20,26,18,26,18,27;0,1,25,30,25,32,24,32,24,34;-1,0,14,22,13,22,13,20,11,20;-1,0,19,8,17,8,17,7,13,7;0,1,16,24,16,26,15,26,15,28;0,-1,27,22,27,20,29,20,29,19;1,0,27,29,28,29;1,0,26,20,26,23,27,23;1,0,27,30,26,30,26,28,27,28;-1,0,14,23,18,23,18,24,17,24;0,1,23,26,24,26,24,29;-1,0,15,19,15,21,14,21;1,0,17,12,17,13,19,13;1,0,19,10,18,10,18,9,19,9;1,0,16,13,16,11,19,11;0,-1,14,14,14,13;1,0,24,20,25,20,25,24,26,24;-1,0,25,29,25,27,26,27,26,26,25,26;0,-1,18,14,15,14,15,12;-1,0,14,16,14,15,12,15;0,-1,17,16,18,16,18,15;1,0,22,20,22,24,24,24,24,25,26,25;1,0,22,19,24,19;0,-1,21,20,21,18,24,18,24,17;1,0,18,25,20,25,20,23,21,23;1,0,16,15,15,15,15,17,17,17;0,-1,15,22,16,22,16,18;0,1,19,21,19,23;1,0,24,40,19,40,19,43,22,43,22,41,25,41;-1,0,0,35,1,35,1,31,5,31,5,27,4,27;-1,0,15,41,10,41,10,37,6,37;0,-1,32,28,35,28,35,23,30,23,30,19,34,19,34,15;0,-1,1,9,3,9,3,11,5,11,5,14,3,14,3,12;0,1,32,10,32,11,37,11,37,16;-1,0,11,5,11,0,7,0,7,2,5,2;1,0,28,39,30,39,30,43,33,43,33,39,37,39;0,-1,27,6,27,9,28,9,28,8,30,8,30,3;-1,0,3,16,0,16,0,21,4,21,4,26,3,26;0,-1,2,5,5,5,5,8,3,8,3,7;0,-1,9,10,9,6,13,6,13,5,12,5,12,1;-1,0,4,28,4,30,0,30,0,25,3,25,3,24,2,24;1,0,33,33,33,29,34,29,34,34,32,34,32,37,34,37;0,-1,13,0,16,0,16,3,21,3,21,6,19,6,19,4;-1,0,1,20,1,17,4,17,4,15,2,15;0,1,13,34,13,38,18,38,18,40;0,-1,4,2,3,2,3,0,0,0,0,4,4,4,4,3;0,1,5,36,7,36,7,34,4,34,4,38;1,0,36,10,36,8,31,8,31,4,33,4;1,0,22,7,22,4,25,4,25,0,30,0,30,2,34,2;1,0,34,40,38,40,38,38,35,38,35,37,36,37;1,0,35,2,37,2,37,5,32,5,32,7,33,7;-1,0,17,40,16,40,16,43,18,43,18,42,17,42;0,1,5,37,5,38,7,38,7,39,4,39,4,40;-1,0,7,42,11,42,11,43,15,43,15,42,13,42;-1,0,9,38,9,40,6,40,6,42,3,42;1,0,36,28,36,25,38,25,38,29,35,29,35,30,37,30;0,1,26,43,26,38,28,38,28,35,26,35,26,37;1,0,38,11,38,6,34,6,34,7,36,7;0,-1,21,2,24,2,24,0,20,0,20,2,17,2,17,1;0,1,7,33,2,33,2,37;1,0,36,32,36,36,33,36,33,35,34,35;-1,0,0,24,0,22,3,22,3,23,1,23;1,0,36,15,35,15,35,19,37,19;-1,0,5,40,5,41,1,41;1,0,37,20,33,20,33,22,31,22,31,20,32,20;-1,0,4,7,4,6,2,6,2,7,1,7;1,0,38,43,34,43,34,41,36,41;1,0,33,0,35,0,35,1,37,1;1,0,37,22,37,23,38,23,38,21,36,21,36,24,37,24;1,0,35,34,35,31,36,31;-1,0,0,41,0,43,2,43,2,42,1,42;-1,0,3,34,3,38,1,38;-1,0,1,15,0,15,0,14,2,14,2,12,1,12;-1,0,2,8,0,8,0,11,2,11,2,10,1,10;0,1,27,43,29,43,29,40,28,40,28,41;-1,0,1,36,0,36,0,40,3,40,3,39,2,39;1,0,38,20,38,18,36,18,36,17,37,17;-1,0,29,45,25,45,25,44,22,44;1,0,36,0,38,0,38,1,39,1;1,0,40,31,37,31,37,34,39,34;0,1,5,43,3,43,3,45,7,45,7,43,10,43,10,44;1,0,40,40,39,40,39,35,37,35,37,37,38,37;1,0,40,14,40,12,38,12,38,14,39,14;1,0,39,41,39,42,37,42,37,41,38,41;1,0,37,45,33,45,33,44,38,44;1,0,40,15,38,15,38,17,39,17;0,1,40,41,40,43,39,43,39,44;1,0,39,7,40,7,40,2,38,2,38,5,39,5;0,1,42,27,40,27,40,22,39,22,39,20,41,20,41,23
37,42|-1,0,7,30,6,30;-1,0,7,29,6,29;-1,0,6,28,5,28;-1,0,7,24,6,24;0,1,16,35,16,36;-1,0,7,25,6,25;0,-1,6,27,6,26;0,1,7,31,7,32;-1,0,9,31,8,31;1,0,31,11,32,11;-1,0,9,25,8,25;0,1,17,34,17,35;-1,0,9,30,8,30;-1,0,9,33,8,33;1,0,32,10,31,10,31,9,32,9;-1,0,9,29,8,29;-1,0,15,37,11,37,11,35,10,35;1,0,31,13,31,14,32,14;0,1,14,34,12,34,12,36;0,1,19,35,19,33,18,33,18,34;-1,0,8,32,10,32,10,34,8,34;1,0,30,10,30,12,31,12;0,1,11,34,11,30,12,30,12,31;0,1,14,32,15,32,15,34;0,-1,26,5,26,6,27,6,27,5;-1,0,7,28,7,26,10,26,10,24,9,24;1,0,30,6,30,8,31,8;0,1,22,31,20,31,20,32;0,1,19,31,19,32,17,32,17,33;0,1,16,34,16,31,13,31,13,33;0,-1,29,5,29,7,28,7,28,5;0,1,20,28,20,29;0,-1,31,15,31,16,32,16,32,15;-1,0,12,25,12,26,11,26;0,-1,30,9,29,9,29,8;0,1,14,27,14,28,15,28,15,30;-1,0,10,31,10,28,9,28;1,0,25,5,25,6,24,6,24,7,26,7;0,1,9,27,11,27,11,29,13,29,13,30;0,-1,29,10,28,10,28,8;0,-1,27,9,27,11,26,11,26,10;0,-1,30,15,30,13,29,13,29,11;-1,0,18,31,17,31,17,29,16,29;0,1,23,28,23,27,21,27,21,28;0,1,20,27,18,27,18,30;-1,0,15,15,13,15;-1,0,8,22,10,22,10,23,8,23;-1,0,16,10,14,10;-1,0,19,6,19,8,16,8;0,1,21,25,19,25,19,26;1,0,23,9,23,5,24,5;0,-1,26,15,26,12,28,12,28,11;0,-1,27,17,26,17,26,16,29,16,29,14;0,-1,22,6,22,7,21,7,21,5;-1,0,20,9,19,9,19,10,17,10;0,1,15,25,16,25,16,27;1,0,27,18,27,19,28,19;0,-1,24,10,24,13,25,13,25,11;0,-1,21,10,21,8,20,8,20,6;-1,0,11,18,10,18,10,20,9,20;0,1,18,23,18,26,17,26,17,28;0,-1,11,23,11,19,12,19,12,17;0,-1,22,11,22,9;0,1,23,24,23,23,24,23,24,24;0,-1,23,10,23,12,21,12,21,11;1,0,19,11,19,13,23,13;0,-1,26,18,25,18,25,16;0,-1,20,14,20,15,19,15,19,14;-1,0,15,11,16,11,16,13,14,13;1,0,22,24,22,22,23,22;0,1,12,24,13,24,13,27,12,27,12,28;0,1,19,23,19,21,21,21,21,22;0,1,25,21,25,20,24,20,24,21;0,1,17,23,17,24,14,24,14,26;-1,0,12,20,15,20,15,23,13,23;-1,0,16,23,16,22,18,22,18,20,16,20;-1,0,16,16,16,14,14,14;-1,0,15,17,15,18,14,18;1,0,23,19,23,18,24,18,24,19,25,19;-1,0,16,17,16,19,15,19;1,0,23,21,23,20,21,20,21,18,22,18;0,1,17,19,17,17,19,17,19,20;0,-1,24,17,24,16,21,16,21,14;0,-1,23,17,20,17,20,16,17,16,17,14;0,-1,2,40,2,35,6,35,6,32,2,32,2,27;0,-1,5,24,5,25,2,25,2,23,7,23,7,19;-1,0,4,3,4,8,7,8,7,13,12,13,12,16,8,16;1,0,13,41,13,39,18,39,18,37,20,37;0,-1,34,23,37,23,37,18,36,18,36,13;0,1,32,1,32,6,37,6,37,8,33,8,33,13;-1,0,28,1,28,4,23,4,23,1,18,1;1,0,24,41,22,41,22,36,24,36;0,1,35,12,35,16,33,16,33,19;1,0,29,38,29,34,34,34,34,39,36,39;0,-1,9,15,9,14,7,14,7,16,3,16,3,14;-1,0,2,42,7,42,7,41,2,41;-1,0,2,11,6,11,6,15,5,15,5,12,2,12;0,1,3,4,3,7,0,7,0,9,1,9,1,12;0,1,5,17,5,22,1,22,1,27;-1,0,0,19,0,17,4,17,4,21,1,21;-1,0,12,4,7,4,7,1,3,1;0,1,23,29,23,33,20,33,20,35,21,35,21,39;0,1,0,27,0,29,1,29,1,32;0,-1,24,2,27,2,27,0,29,0,29,4,30,4,30,1;1,0,24,25,24,29,27,29,27,33,29,33,29,32,33,32;0,1,33,38,31,38,31,35,33,35,33,37;0,1,0,30,0,33,1,33,1,35;1,0,30,39,33,39,33,42,30,42,30,40,32,40;-1,0,4,15,4,13,2,13,2,15,1,15;0,-1,11,12,11,9,14,9,14,5;0,-1,32,0,37,0,37,3,34,3,34,1;0,-1,13,0,8,0,8,3,11,3,11,1;0,-1,14,0,15,0,15,1,17,1,17,6,15,6,15,3;1,0,36,41,36,40,37,40,37,42,34,42,34,40,35,40;1,0,25,23,27,23,27,27,31,27;1,0,30,24,34,24,34,28,36,28;0,1,14,38,11,38,11,40;0,1,7,33,7,36,10,36,10,37
38,40|0,-1,5,16,5,15;0,-1,6,15,6,14;-1,0,7,16,6,16;-1,0,7,17,6,17;-1,0,8,15,7,15;-1,0,8,14,7,14;-1,0,8,13,7,13;1,0,32,25,33,25;-1,0,10,8,9,8;-1,0,8,18,7,18;1,0,31,23,32,23;0,1,20,33,20,34;-1,0,11,26,11,27,10,27;1,0,32,24,31,24,31,26,32,26;1,0,30,22,32,22;-1,0,9,10,9,12,8,12;0,1,26,30,26,32,29,32,29,33;-1,0,10,10,10,9,8,9;0,-1,11,11,11,8;1,0,31,31,31,30,32,30;0,-1,30,17,28,17,28,15;-1,0,15,30,13,30;0,-1,14,9,14,11,13,11,13,9;0,-1,9,13,9,17,8,17,8,16;0,-1,13,13,12,13,12,10;-1,0,13,29,13,28,9,28;1,0,28,26,30,26;0,1,21,32,19,32,19,33;-1,0,16,6,16,9,15,9;-1,0,17,8,17,5,16,5;1,0,12,33,16,33,16,35,17,35;-1,0,13,32,16,32,16,31,14,31;0,1,16,28,16,30,17,30,17,32;0,1,12,26,13,26,13,27;1,0,26,14,26,11,27,11;0,1,22,31,22,32;0,1,20,31,20,30,18,30,18,32;0,1,23,32,23,30,21,30,21,31;0,1,32,29,29,29,29,31;0,-1,16,10,16,11,18,11,18,8;0,-1,17,12,15,12,15,10;0,-1,21,12,21,10,19,10,19,7;1,0,26,9,26,10,24,10,24,14,25,14;0,1,23,28,25,28,25,29;-1,0,9,18,9,19,8,19;0,-1,16,15,16,13,14,13,14,12;0,-1,20,12,20,13,22,13,22,12;-1,0,10,22,10,20,8,20;0,1,29,28,31,28,31,27,28,27,28,30;1,0,27,20,29,20,29,21,31,21;-1,0,12,21,11,21;1,0,27,18,29,18;0,1,28,24,30,24,30,25;0,1,26,29,27,29,27,31;0,-1,10,15,10,12;-1,0,11,22,11,24,10,24,10,23,9,23;1,0,23,15,26,15;0,-1,20,17,20,15,17,15,17,13;0,-1,21,16,21,14,23,14,23,13;-1,0,12,24,12,25,9,25;0,-1,21,17,22,17,22,16;0,-1,28,19,25,19,25,16;1,0,26,24,27,24,27,23,30,23;0,-1,13,15,13,14,11,14,11,12;0,1,15,24,15,25,14,25,14,28;0,-1,24,18,24,16;-1,0,13,23,12,23;-1,0,12,15,12,16,15,16,15,19,12,19;1,0,22,29,22,27,26,27,26,28,27,28;0,1,20,29,20,28,18,28,18,29;0,1,26,23,26,22,25,22,25,26;0,-1,26,20,24,20,24,19;0,1,19,23,16,23,16,25;0,1,24,25,24,26,21,26,21,29;0,-1,23,20,23,18;1,0,22,23,22,25,23,25;0,-1,16,19,19,19,19,17;1,0,24,22,22,22,22,21,25,21;-1,0,16,22,14,22,14,24,13,24;0,1,11,20,13,20,13,21;0,1,21,19,21,23;0,1,16,21,15,21,15,20,14,20,14,21;0,1,16,20,17,20,17,21;1,0,18,22,18,20,20,20,20,18,22,18;1,0,10,1,10,5,15,5,15,0,18,0,18,1,22,1;-1,0,25,37,25,40,21,40,21,39,17,39;0,-1,0,23,0,19,2,19,2,14;0,-1,37,27,37,23,35,23,35,18;0,-1,6,13,6,9,1,9,1,5;0,1,4,29,4,26,0,26,0,31,2,31,2,36;1,0,19,0,23,0,23,1,26,1;0,1,26,35,26,33,28,33,28,34,32,34,32,39;1,0,20,2,25,2,25,7,28,7;0,1,36,0,38,0,38,3,34,3,34,7;0,1,32,31,35,31,35,26,33,26,33,28;1,0,35,12,35,14,30,14,30,10,34,10;0,1,5,17,5,21,9,21,9,22,6,22,6,27;1,0,38,29,38,32,35,32,35,34,33,34,33,37,35,37;-1,0,19,40,16,40,16,39,14,39;0,1,8,33,8,28,6,28,6,30;-1,0,4,40,4,38,7,38,7,40,10,40,10,37,8,37;0,-1,8,8,8,7,3,7,3,2;1,0,38,33,38,35,34,35,34,36,36,36;0,1,14,35,14,36,15,36,15,34,13,34,13,37;0,-1,38,18,38,14,37,14,37,9,33,9,33,5;0,-1,6,0,3,0,3,1,7,1,7,6,9,6,9,4;-1,0,4,36,4,33,7,33,7,37,3,37,3,39,2,39;0,-1,9,0,11,0,11,4,14,4,14,1;-1,0,0,9,0,4,2,4,2,2,1,2;0,1,27,34,27,35,31,35,31,36;0,-1,28,14,28,11,29,11,29,9;0,1,31,37,31,38,26,38,26,36,30,36,30,37;0,-1,30,0,33,0,33,4,28,4,28,2;1,0,38,6,38,4,35,4,35,8,37,8;1,0,36,38,36,40,33,40,33,38,34,38;0,1,38,38,38,36,37,36,37,37;-1,0,3,14,5,14,5,10,4,10,4,12,2,12;0,1,0,38,0,34,1,34,1,38;-1,0,1,14,1,11,3,11,3,10,1,10
34,41|1,0,28,17,29,17;1,0,28,16,29,16;1,0,28,22,29,22;1,0,28,21,29,21;1,0,27,23,28,23;1,0,27,15,28,15;-1,0,17,36,13,36;0,1,17,33,17,35;0,1,11,34,11,35;0,1,6,31,6,34,9,34,9,35;1,0,26,24,28,24;0,1,11,30,11,31;0,1,9,30,9,32,10,32,10,34;1,0,28,19,28,20,29,20;1,0,26,20,26,21,27,21;-1,0,8,30,6,30,6,28,5,28;0,1,5,22,5,26,6,26,6,27;0,1,15,34,12,34,12,35;-1,0,7,27,8,27,8,25,7,25;0,-1,9,15,9,14;-1,0,14,9,14,8,13,8;-1,0,7,15,7,14,8,14,8,16,6,16;0,-1,10,15,10,12;0,-1,9,17,9,16;1,0,25,19,27,19,27,18,29,18;0,-1,11,14,11,13;0,1,13,30,13,33;-1,0,11,29,8,29;0,1,9,26,9,28,12,28,12,30;0,-1,10,17,10,16,11,16,11,15;1,0,26,17,27,17;-1,0,16,9,15,9,15,7,14,7;0,-1,12,13,12,12;0,1,11,27,11,26,13,26,13,29;0,1,14,28,14,29;1,0,21,32,19,32,19,33,21,33;-1,0,8,17,8,18,6,18;0,-1,17,9,17,8,16,8,16,5;-1,0,16,33,16,31,15,31;1,0,25,30,24,30,24,29,25,29;0,1,12,25,10,25,10,26;0,1,6,22,6,24,9,24,9,25;0,1,5,19,5,21,7,21,7,23;1,0,20,31,18,31,18,35,21,35;0,-1,13,10,13,12,15,12,15,11;0,1,18,30,18,28,17,28,17,32;1,0,26,13,26,14,29,14;0,-1,26,11,26,12,24,12,24,10;0,1,27,27,25,27,25,28,23,28,23,29;-1,0,8,21,9,21,9,19,6,19;1,0,27,16,25,16,25,18,26,18;-1,0,10,19,10,23,8,23;-1,0,13,22,13,24,10,24;0,-1,18,8,18,10,22,10,22,7;0,1,14,25,14,27,15,27,15,28;0,1,26,26,24,26,24,27;-1,0,11,20,13,20,13,18,9,18;-1,0,14,13,13,13,13,15,12,15;0,1,18,26,19,26,19,29;1,0,25,22,27,22;-1,0,13,16,12,16,12,17,11,17;0,-1,16,15,16,13;0,-1,15,13,15,16,14,16,14,14;0,1,20,24,22,24,22,25;0,1,17,24,17,27,16,27,16,28;1,0,25,24,24,24,24,25,28,25;1,0,24,14,24,15,26,15;0,-1,18,18,18,15;-1,0,16,18,14,18;0,1,18,22,18,23,19,23,19,25;0,1,13,21,14,21,14,23;1,0,23,10,23,11,22,11,22,13,25,13;0,-1,13,17,16,17,16,16;0,1,26,23,23,23,23,27;1,0,23,14,23,16,24,16;0,1,17,23,15,23,15,25;0,1,20,23,20,21,21,21,21,23;0,-1,16,20,16,19,17,19,17,16;1,0,24,22,22,22,22,21,25,21;-1,0,18,20,17,20,17,22,16,22;0,-1,22,14,22,16,21,16,21,13;1,0,22,19,21,19,21,20,24,20;0,-1,18,19,19,19,19,17;1,0,20,16,20,17,23,17;0,1,22,18,20,18,20,20,19,20,19,22;0,-1,29,25,34,25,34,21,32,21,32,17;0,-1,4,8,9,8,9,10,12,10,12,7,9,7,9,4;0,-1,34,16,34,13,30,13,30,10,27,10,27,8;1,0,8,41,12,41,12,39,15,39;0,1,29,38,25,38,25,33,23,33,23,36,18,36,18,37;1,0,19,0,19,5,23,5,23,0,25,0,25,3,28,3;0,1,13,41,17,41,17,39,19,39,19,37,20,37,20,40;0,-1,0,15,0,20,3,20,3,17,1,17,1,13;0,-1,21,6,18,6,18,4,16,4,16,3;-1,0,15,3,14,3,14,1,9,1;-1,0,16,37,16,38,12,38,12,36,10,36,10,38,7,38;0,1,11,40,6,40,6,37,3,37,3,32,5,32,5,35;-1,0,5,38,5,39,2,39,2,34,1,34;-1,0,11,0,8,0,8,1,7,1;1,0,28,26,30,26,30,28,26,28,26,33,29,33;-1,0,5,27,0,27,0,30,2,30,2,33,1,33;0,1,26,36,30,36,30,32,28,32,28,31,31,31,31,35;0,-1,34,2,34,4,31,4,31,2;0,-1,17,3,18,3,18,2,15,2,15,1;0,-1,5,13,5,9,0,9,0,7,1,7,1,3;1,0,32,36,34,36,34,40,30,40,30,38,33,38;-1,0,7,2,7,3,2,3,2,0,6,0,6,1,4,1;-1,0,3,22,1,22,1,23,4,23,4,21,1,21;-1,0,0,24,4,24,4,26,2,26;0,1,24,34,24,37,22,37,22,39;1,0,24,5,24,7,28,7,28,9,30,9,30,7,32,7;0,-1,24,4,29,4,29,0,32,0,32,3,33,3,33,1;1,0,32,26,32,29,27,29,27,30,29,30;0,1,32,41,28,41,28,39,26,39,26,40;0,1,0,33,0,38,1,38,1,40;-1,0,9,11,6,11,6,15,4,15,4,10,3,10;1,0,30,6,25,6,25,5,30,5;1,0,31,6,31,5,34,5,34,10,31,10,31,12,32,12;-1,0,2,16,3,16,3,11,1,11
33,42|0,1,5,33,5,34;0,1,6,34,6,35;-1,0,8,36,7,36;-1,0,8,28,7,28;1,0,27,12,28,12;-1,0,7,29,6,29;-1,0,7,30,6,30;0,-1,14,7,14,6;0,-1,14,9,14,8;0,-1,20,7,20,6;0,1,12,36,12,37;-1,0,9,27,9,29,8,29;-1,0,6,31,7,31,7,32,6,32;-1,0,8,14,7,14;0,-1,11,11,10,11,10,8;0,-1,12,10,12,8;0,-1,14,10,13,10,13,7;-1,0,10,36,9,36,9,35,7,35;-1,0,9,34,7,34,7,33,6,33;0,1,8,30,8,33,11,33,11,36;0,1,24,31,24,33;0,1,13,34,13,36;-1,0,17,9,16,9,16,6,15,6;0,-1,8,11,8,13,7,13,7,12;-1,0,9,11,9,15,7,15;0,1,21,34,21,32,23,32,23,33;0,-1,13,13,13,11;-1,0,16,11,14,11;-1,0,10,15,10,16,8,16;0,1,14,34,14,36,15,36,15,37;0,1,20,35,19,35,19,37;0,1,15,34,16,34,16,36,18,36,18,37;0,1,24,30,23,30,23,31;0,-1,19,5,19,8,21,8,21,6;0,-1,11,16,11,14,10,14,10,12;-1,0,19,9,18,9,18,10,15,10;0,-1,25,9,25,12,26,12,26,9;0,-1,26,16,26,14;-1,0,10,30,10,29,12,29,12,28,11,28;0,1,20,34,19,34,19,33,17,33,17,34;0,1,16,33,12,33,12,35;0,1,16,31,17,31,17,32;-1,0,13,30,14,30,14,32,11,32;0,-1,13,16,13,15,12,15,12,12;-1,0,18,13,17,13,17,15,14,15;0,-1,23,11,23,9,22,9,22,7;0,1,23,29,25,29,25,30;-1,0,20,9,20,10,19,10;0,-1,26,17,28,17,28,20,26,20,26,19;0,1,15,32,15,30,18,30,18,31;0,-1,14,17,12,17,12,16;0,-1,25,13,25,14,24,14,24,11;1,0,25,22,25,21,26,21;0,1,26,25,26,26;1,0,24,21,24,20,25,20;0,-1,25,18,25,15,23,15,23,12;0,1,19,27,18,27,18,29;-1,0,22,10,21,10,21,11,17,11;1,0,21,16,21,18,22,18,22,19,25,19;0,-1,23,21,23,20;1,0,21,20,22,20;-1,0,14,28,13,28;0,-1,20,13,22,13,22,12;1,0,18,12,19,12,19,14,22,14;-1,0,14,18,11,18,11,17,10,17;1,0,20,21,22,21;-1,0,16,29,15,29,15,27,12,27;-1,0,16,28,17,28,17,26,15,26;1,0,21,28,24,28;0,1,19,26,21,26,21,27;1,0,19,17,18,17,18,15,21,15;-1,0,20,18,17,18;1,0,25,24,25,27,23,27,23,24,24,24;-1,0,14,20,11,20;0,-1,17,19,18,19,18,20,19,20,19,19;0,-1,18,22,18,21;0,1,22,27,22,25,18,25,18,26;-1,0,15,20,15,19,12,19;-1,0,16,19,16,21,15,21;0,-1,17,22,17,21;1,0,15,25,17,25;1,0,21,22,23,22,23,23,26,23;0,-1,15,24,16,24,16,22;0,-1,22,23,20,23,20,22;0,-1,19,21,19,24,17,24,17,23;0,-1,5,21,5,19,7,19,7,16,6,16,6,11;1,0,5,35,5,40,8,40,8,42,11,42,11,40,16,40;-1,0,31,11,29,11,29,7,24,7,24,2,19,2;1,0,15,38,20,38,20,36,22,36,22,41,27,41;-1,0,3,32,5,32,5,29,4,29,4,24,1,24;0,-1,5,5,10,5,10,0,15,0,15,3,17,3,17,1;0,-1,33,29,33,24,32,24,32,21;-1,0,0,21,0,17,1,17,1,14,5,14,5,11,2,11;0,1,0,23,0,28,1,28,1,33;0,-1,33,8,33,12,32,12,32,8;0,-1,31,9,30,9,30,7,33,7,33,6,29,6,29,3;0,1,0,33,0,35,2,35,2,39;-1,0,1,36,1,39,0,39,0,42,4,42,4,41,2,41;-1,0,10,6,5,6,5,10,1,10;1,0,28,3,28,6,25,6,25,2,29,2;1,0,21,35,23,35,23,40,26,40,26,37,31,37;1,0,25,42,28,42,28,41,31,41;0,-1,31,4,31,2,30,2,30,5,32,5,32,1;0,1,33,18,31,18,31,22,30,22,30,27,32,27,32,31;-1,0,7,2,4,2,4,6,1,6;1,0,25,28,28,28,28,32,30,32,30,36,32,36;0,1,21,37,21,39,19,39,19,40;-1,0,6,1,7,1,7,0,5,0,5,1,3,1;0,-1,18,8,17,8,17,6,18,6,18,2;1,0,29,21,29,16,27,16,27,13,30,13;-1,0,3,4,0,4,0,2,3,2,3,3,1,3;1,0,30,15,28,15,28,14,30,14;1,0,33,37,33,35,31,35,31,34,32,34;1,0,30,31,29,31,29,28,31,28,31,32,32,32;1,0,33,38,33,40,31,40,31,38,28,38,28,40,30,40;-1,0,0,16,0,12,4,12,4,13,2,13;-1,0,0,5,0,7,4,7,4,8,2,8;-1,0,9,20,6,20,6,21,11,21,11,22,6,22;0,-1,6,4,5,4,5,3,7,3,7,4,9,4,9,3;0,-1,9,0,8,0,8,2,9,2,9,1
43,50|-1,0,6,31,5,31;0,-1,34,13,34,12;-1,0,6,32,5,32;-1,0,12,10,11,10;-1,0,13,11,12,11;-1,0,9,36,8,36;-1,0,14,10,13,10;-1,0,13,9,12,9;1,0,31,10,32,10;1,0,31,9,32,9;-1,0,7,33,6,33;-1,0,9,35,8,35;-1,0,8,31,7,31;0,1,16,38,16,39;0,-1,23,7,23,6;-1,0,14,8,12,8;-1,0,8,33,8,32,7,32;0,1,15,37,15,40;1,0,30,9,30,8,32,8;0,1,21,37,19,37,19,39;-1,0,15,10,15,9,14,9;0,-1,12,14,12,12;1,0,30,11,33,11;0,1,21,36,17,36,17,40;0,1,14,41,14,40,11,40,11,41;0,1,16,36,14,36,14,39;1,0,29,13,30,13,30,12,32,12;1,0,29,12,29,10,30,10;0,1,12,36,12,39,10,39,10,41;-1,0,9,32,9,30,7,30;-1,0,8,16,9,16,9,17,8,17;0,1,11,35,13,35,13,37;0,1,15,33,14,33,14,35;0,-1,29,9,29,6;0,-1,15,8,16,8,16,5;-1,0,8,18,8,19,10,19,10,18,9,18;-1,0,10,36,10,34,7,34;1,0,28,8,28,6,25,6,25,5,27,5;0,-1,13,14,13,15,11,15,11,13;-1,0,8,29,7,29;-1,0,20,6,17,6;-1,0,16,9,19,9,19,8,17,8;-1,0,11,19,13,19,13,16,10,16;-1,0,22,6,22,7,18,7;-1,0,14,11,17,11,17,14,14,14;-1,0,11,34,11,32,10,32,10,33,9,33;0,1,14,32,16,32,16,33;0,-1,26,7,24,7,24,6;0,-1,28,9,28,10,27,10,27,8;0,-1,18,10,20,10,20,8;0,1,27,32,26,32,26,33;-1,0,11,29,9,29,9,28,7,28;0,1,11,31,11,30,12,30,12,34;-1,0,25,38,25,37,24,37,24,35,23,35;0,-1,15,16,15,15,18,15,18,13;-1,0,9,20,9,22,7,22;-1,0,14,19,15,19,15,20,12,20;0,-1,19,11,21,11,21,8;-1,0,16,19,17,19,17,18,16,18;0,-1,19,15,19,12;-1,0,8,25,9,25,9,23,8,23;0,1,23,33,23,34,25,34,25,35;-1,0,22,8,26,8,26,10,23,10;0,1,25,32,25,33;1,0,25,12,27,12,27,13,28,13;0,-1,14,21,16,21,16,20;0,-1,22,14,20,14,20,13;0,1,14,29,14,31,13,31,13,33;0,-1,8,27,8,26,10,26,10,23;0,1,21,32,18,32,18,34;-1,0,28,11,24,11,24,14,23,14;0,-1,18,21,17,21,17,20;0,1,12,29,13,29,13,30;0,1,18,30,18,31,17,31,17,33;0,-1,30,16,32,16,32,15;1,0,26,28,23,28,23,30,25,30;-1,0,21,15,21,17,20,17;-1,0,22,17,23,17,23,15,22,15;0,1,21,28,22,28,22,30;-1,0,14,23,12,23,12,21,11,21;0,1,26,26,26,25,25,25,25,27;-1,0,17,23,15,23;1,0,17,30,17,29,20,29;0,1,26,24,24,24,24,26;0,-1,25,14,25,16,24,16,24,15;0,1,11,24,11,28,15,28,15,30;0,1,14,25,12,25,12,27;1,0,30,20,30,17,32,17;1,0,22,26,21,26,21,27,22,27;0,1,13,24,15,24,15,25,17,25,17,27;1,0,23,22,23,23,25,23;0,1,28,15,27,15,27,17,29,17,29,20;-1,0,27,14,26,14,26,18,22,18;1,0,18,28,20,28,20,25,22,25;1,0,26,19,23,19,23,20,24,20;1,0,21,21,21,19,22,19,22,21,23,21;-1,0,16,24,18,24,18,22,17,22;0,-1,22,23,22,22;1,0,19,23,19,22,21,22,21,24,23,24;0,1,32,4,37,4,37,9,39,9,39,14,37,14,37,17;0,1,7,10,10,10,10,7,6,7,6,12,1,12,1,15;0,1,7,27,4,27,4,32,2,32,2,37,7,37,7,41;-1,0,18,46,22,46,22,45,20,45,20,43,15,43;0,1,39,23,39,19,36,19,36,22,31,22,31,27;-1,0,26,0,23,0,23,5,19,5,19,1,15,1;-1,0,11,42,11,46,6,46,6,44,2,44;1,0,24,33,24,31,29,31,29,29,33,29;1,0,24,46,24,45,26,45,26,41,31,41,31,36,36,36;0,1,6,15,4,15,4,19,0,19,0,16,1,16,1,17;1,0,39,27,39,32,38,32,38,37,35,37,35,38,38,38;1,0,30,6,30,7,33,7,33,5,29,5,29,2,34,2;0,-1,14,7,11,7,11,5,7,5,7,1;0,-1,32,3,36,3,36,2;-1,0,11,1,11,4,8,4,8,0,6,0,6,4,3,4;-1,0,1,24,3,24,3,20,6,20,6,25,1,25;-1,0,0,38,0,35,1,35,1,39,4,39,4,41,1,41;0,1,15,46,15,44,13,44,13,41,12,41,12,42;1,0,32,0,34,0,34,1,38,1;0,1,6,38,6,40,5,40,5,43,1,43,1,45;1,0,38,12,36,12,36,15,33,15,33,18,38,18;0,-1,21,2,22,2,22,1,20,1,20,4,22,4,22,3;1,0,25,46,27,46,27,45,29,45;1,0,31,43,35,43,35,46,30,46,30,42,34,42;0,1,35,42,38,42,38,39,36,39,36,41;-1,0,7,6,2,6,2,11,5,11,5,9,4,9;0,-1,28,2,28,4,27,4,27,3;0,-1,0,15,0,11,1,11,1,9;1,0,37,22,37,27,32,27,32,24,35,24;-1,0,0,33,0,31,3,31,3,30,2,30;0,-1,5,3,3,3,3,2,0,2,0,7,1,7,1,5;0,1,25,36,26,36,26,39,23,39,23,43;-1,0,0,23,0,26,3,26,3,28,1,28;1,0,39,41,39,46,36,46,36,44,38,44;-1,0,3,1,0,1,0,0,5,0,5,1,4,1;0,1,18,45,19,45,19,44,17,44,17,45;0,-1,13,4,13,0,10,0,10,3,9,3,9,1;1,0,39,2,37,2,37,3,38,3;1,0,14,48,12,48,12,47,14,47;0,-1,38,48,36,48,36,47,41,47,41,45,40,45,40,42;0,-1,39,18,39,15,41,15,41,19,40,19,40,17;0,1,25,42,25,44,23,44,23,47;-1,0,11,48,8,48,8,47,5,47;-1,0,6,48,4,48,4,46,2,46;1,0,41,8,38,8,38,5,40,5;1,0,38,22,38,26,39,26;1,0,40,34,40,36,41,36,41,33,39,33,39,38,40,38;-1,0,0,45,0,48,3,48,3,47,1,47;0,-1,38,4,40,4,40,2;1,0,40,21,41,21,41,25,39,25,39,24,40,24;0,1,20,47,20,48,16,48,16,46,17,46,17,47;1,0,41,43,41,39,39,39,39,40,40,40;0,-1,17,5,18,5,18,4,14,4,14,1;1,0,36,0,39,0,39,1,40,1;-1,0,0,20,0,22,2,22,2,20,1,20;0,-1,24,5,24,2,27,2,27,1;0,1,43,3,43,1,42,1,42,3;0,1,41,7,39,7,39,6,42,6,42,8;1,0,43,7,43,9,40,9,40,10,42,10;1,0,1,49,0,49,0,50,2,50,2,49,7,49;0,1,40,49,37,49,37,50,35,50,35,47,33,47,33,48;1,0,43,27,40,27,40,32,42,32;1,0,42,35,43,35,43,31,41,31,41,30,42,30;0,1,29,46,28,46,28,47,24,47,24,49
35,40|-1,0,6,24,5,24;-1,0,7,23,6,23;-1,0,7,25,6,25;-1,0,7,22,6,22;-1,0,7,26,6,26;-1,0,10,32,9,32;-1,0,7,28,6,28;0,1,13,32,13,33;0,1,20,33,21,33,21,34;-1,0,9,30,8,30;1,0,28,8,28,11,29,11;-1,0,8,25,9,25,9,24,8,24;-1,0,8,26,8,27,6,27;1,0,29,26,27,26,27,24,29,24;-1,0,8,23,8,21,6,21;-1,0,7,15,6,15;-1,0,10,24,10,26,9,26;-1,0,11,34,11,31,10,31;-1,0,8,6,9,6,9,9,8,9;-1,0,9,10,8,10,8,11,6,11;-1,0,12,24,12,26,11,26;1,0,23,12,24,12;-1,0,10,7,12,7,12,5,10,5;1,0,26,29,26,27,30,27;1,0,22,28,24,28;0,1,17,35,17,33,18,33,18,34;1,0,24,25,25,25,25,26,26,26;1,0,21,28,21,27,22,27;1,0,23,23,26,23,26,22,28,22;-1,0,13,25,14,25,14,23,10,23;-1,0,13,26,13,27,9,27;-1,0,10,30,11,30,11,29,8,29;1,0,24,26,22,26,22,24,24,24;0,1,12,33,12,31,14,31,14,33;0,-1,8,13,8,12;0,-1,10,13,10,11;0,1,16,31,16,33;1,0,22,33,22,32,25,32;-1,0,15,34,15,30,14,30;-1,0,9,22,9,19,8,19;0,-1,16,8,14,8,14,7;1,0,22,30,22,31,23,31,23,29,25,29;0,-1,12,11,12,9,13,9,13,7;1,0,26,10,26,9,27,9;1,0,21,26,21,23,22,23;0,-1,13,10,13,12,11,12,11,8;1,0,24,11,23,11,23,10,25,10;0,-1,9,11,9,14,7,14,7,12;1,0,17,32,21,32,21,29,22,29;-1,0,15,9,15,10,14,10;-1,0,16,30,16,29,12,29,12,28,8,28;-1,0,15,11,14,11,14,13,13,13;0,-1,15,12,16,12,16,9;-1,0,17,11,18,11,18,10,17,10;-1,0,17,26,15,26,15,28,14,28;0,1,20,27,20,31;0,1,10,20,10,19,13,19,13,21;-1,0,17,29,18,29,18,28,16,28;-1,0,15,23,15,22,14,22;0,-1,16,14,16,13;0,1,20,22,20,26;0,-1,24,8,21,8,21,7;0,1,23,20,24,20,24,22;-1,0,18,31,19,31,19,27,16,27;0,1,9,18,9,15,8,15,8,18;0,1,16,25,18,25,18,26;0,1,18,24,18,23,19,23,19,26;0,-1,16,15,16,16,15,16,15,13;0,1,18,22,17,22,17,24;1,0,29,15,28,15,28,13,30,13;1,0,22,10,22,9,25,9,25,8,27,8;0,-1,15,19,15,17,14,17,14,15;0,1,28,17,28,18;0,-1,10,14,10,18,11,18,11,16;0,-1,12,16,12,15;-1,0,13,14,13,17,12,17;-1,0,17,20,14,20,14,18,12,18;0,1,16,23,16,21,19,21,19,22;0,1,25,19,22,19,22,21;1,0,22,11,22,13,23,13;1,0,23,17,26,17,26,14,27,14;1,0,21,19,18,19,18,20,19,20;0,1,24,18,22,18,22,17,20,17,20,18;0,-1,21,9,21,12,20,12,20,10;-1,0,21,13,19,13,19,15,17,15;0,-1,4,28,4,24,1,24,1,22;1,0,16,37,11,37,11,35,15,35,15,36,20,36;0,1,4,31,8,31,8,33,3,33,3,28,1,28,1,32;0,-1,2,18,2,21,5,21,5,16,1,16,1,13;0,1,31,23,32,23,32,21,30,21,30,24,32,24,32,28;0,1,25,5,29,5,29,10,33,10,33,15;0,-1,0,11,0,6,2,6,2,2;-1,0,20,3,20,0,16,0,16,1,11,1;1,0,26,30,26,32,27,32,27,28,29,28,29,31,33,31;0,1,35,30,35,34,33,34,33,36;0,-1,9,3,9,5,8,5,8,1;-1,0,35,36,35,40,33,40,33,39,31,39;-1,0,22,40,22,37,17,37,17,40,13,40,13,39,8,39;0,1,18,40,18,38,21,38,21,39;0,-1,19,6,15,6,15,2,19,2,19,4,22,4,22,1;0,-1,2,0,2,1,4,1,4,5,7,5,7,1;-1,0,2,39,2,40,4,40,4,38,2,38;0,1,27,37,27,34,25,34,25,39;1,0,34,9,30,9,30,7,32,7;0,-1,35,4,35,8,34,8,34,3;1,0,21,3,21,0,23,0,23,1,25,1;0,-1,9,0,6,0,6,1,5,1,5,4,6,4,6,2;0,1,4,37,4,35,0,35,0,33,1,33,1,34;0,-1,31,1,31,4,28,4,28,3;0,1,18,35,23,35,23,38;0,-1,0,3,0,5,1,5,1,3;1,0,31,28,30,28,30,30,31,30,31,29,33,29;1,0,26,20,30,20,30,19,34,19;0,1,2,37,3,37,3,36,1,36,1,38;1,0,31,20,35,20,35,23,33,23,33,28,34,28;1,0,34,0,32,0,32,2,33,2;0,1,30,35,28,35,28,32,29,32,29,34;1,0,35,15,34,15,34,18,29,18,29,16,31,16;0,-1,11,2,14,2,14,3,10,3,10,1;0,1,2,31,2,34,7,34,7,36;-1,0,0,31,0,27,3,27,3,25,1,25
35,43|-1,0,6,24,5,24;0,1,5,35,5,36;0,1,6,35,6,36;0,1,5,33,5,34;-1,0,11,38,10,38;0,-1,23,6,23,5;-1,0,8,22,7,22;0,-1,24,7,24,6;-1,0,6,26,5,26;0,1,13,37,13,38;0,1,8,35,8,36;0,1,15,36,15,37;0,-1,28,8,28,7;0,-1,24,10,23,10,23,7;0,1,15,35,14,35,14,37;-1,0,12,38,12,37,9,37;0,-1,25,6,25,8,26,8,26,7;0,1,5,32,6,32,6,34;-1,0,7,26,7,25,6,25;0,-1,26,9,27,9,27,7;0,-1,28,9,29,9,29,8;0,1,12,33,12,34,9,34,9,36;0,-1,5,31,6,31,6,27;0,1,10,33,8,33,8,34,7,34,7,36;-1,0,9,21,8,21,8,19,7,19;-1,0,11,33,11,32,7,32;0,-1,27,12,27,10,30,10,30,8;1,0,22,10,22,6,19,6,19,8,20,8;-1,0,9,30,9,31,7,31;-1,0,8,26,8,27,7,27;-1,0,9,18,9,16,8,16;-1,0,12,29,12,30,10,30,10,29,8,29;-1,0,9,27,9,28,7,28;-1,0,12,28,10,28;-1,0,13,27,10,27,10,26,9,26;0,-1,29,14,29,12,30,12,30,11;0,-1,28,14,28,13,26,13,26,12;0,1,18,33,18,35,17,35,17,37;0,1,13,35,13,34,16,34,16,36;0,1,18,32,17,32,17,34;-1,0,13,31,16,31,16,33,15,33;0,-1,16,9,16,8,14,8,14,7;-1,0,11,16,11,15,9,15;-1,0,9,22,9,23,7,23;1,0,25,13,25,14,27,14;0,-1,15,9,15,11,13,11,13,8;0,1,29,15,29,19,30,19,30,20;-1,0,7,24,11,24,11,25,8,25;0,1,14,26,14,29,13,29,13,30;0,-1,21,9,21,11,20,11,20,9;-1,0,16,27,15,27;0,1,16,29,16,28,17,28,17,31;0,-1,12,13,13,13,13,12;-1,0,11,22,10,22,10,19,9,19;-1,0,15,26,15,25,12,25;-1,0,14,15,12,15,12,18,11,18;-1,0,12,24,12,23,11,23;-1,0,12,20,13,20,13,19,12,19;-1,0,18,28,19,28,19,29,18,29;0,1,15,23,13,23,13,24;-1,0,18,26,16,26;0,-1,28,16,28,15,24,15,24,12;1,0,22,23,22,22,24,22;0,1,21,29,20,29,20,30,18,30,18,31;-1,0,16,24,17,24,17,23,16,23;1,0,25,17,25,19,28,19;1,0,21,19,24,19,24,20,28,20;-1,0,15,22,12,22,12,21,11,21;0,-1,19,12,22,12,22,11;0,-1,22,15,21,15,21,13,23,13,23,11;0,-1,14,12,14,14,11,14,11,11;0,-1,19,16,19,15,18,15,18,13;-1,0,15,13,15,14,16,14,16,12,15,12;0,1,17,25,19,25,19,27;-1,0,15,21,14,21;1,0,21,21,21,24,23,24;0,-1,16,15,17,15,17,18,15,18,15,15;0,-1,18,17,20,17,20,16;1,0,18,21,19,21;0,-1,21,16,23,16,23,14;0,1,16,22,16,19,14,19,14,20;1,0,18,20,21,20;-1,0,23,18,23,17,21,17,21,18,18,18;1,0,18,23,20,23;1,0,20,22,17,22,17,19,20,19;-1,0,19,42,19,38,14,38,14,40,12,40;0,1,8,39,5,39,5,37,7,37,7,38;1,0,29,28,29,26,33,26,33,23,30,23,30,21,32,21;-1,0,13,5,13,1,18,1,18,4,23,4,23,2,21,2;0,1,4,19,4,15,2,15,2,17;0,1,0,18,2,18,2,20,7,20,7,21,4,21,4,26;-1,0,14,43,9,43,9,40,4,40,4,37,1,37;0,-1,12,12,12,8,10,8,10,5,6,5,6,1;1,0,28,3,24,3,24,0,29,0,29,1,34,1;-1,0,3,28,3,24,1,24,1,29,4,29,4,32,1,32;1,0,24,4,24,5,25,5,25,4,30,4;1,0,35,20,35,25,34,25,34,20,31,20,31,18,34,18;-1,0,0,43,4,43,4,41,8,41,8,42,7,42;-1,0,7,0,5,0,5,2,1,2;-1,0,3,38,3,39,0,39,0,42,3,42,3,40,2,40;0,1,12,41,12,42,16,42,16,39,18,39,18,41;1,0,32,19,35,19,35,15,30,15,30,17,32,17;1,0,17,43,17,42,18,42,18,43,20,43,20,42,23,42;-1,0,0,27,0,30,3,30,3,31,2,31;0,-1,14,0,12,0,12,4,9,4,9,2;1,0,29,43,25,43,25,41,28,41;1,0,31,6,31,2,29,2,29,3,30,3;-1,0,4,3,4,4,0,4,0,0,4,0,4,1,1,1;-1,0,0,31,0,36,4,36,4,33,3,33,3,34,1,34;1,0,23,23,28,23,28,26,25,26,25,29,30,29;1,0,23,35,28,35,28,31,30,31;0,1,31,29,35,29,35,31,31,31,31,33;1,0,28,36,28,39,30,39,30,43,31,43,31,42,33,42;1,0,30,33,29,33,29,36,31,36,31,41,32,41;1,0,33,10,33,14,30,14,30,13,32,13;-1,0,5,16,7,16,7,12,4,12;1,0,34,43,34,40,35,40,35,38,32,38,32,40,33,40;1,0,35,6,35,8,32,8,32,3,34,3;-1,0,6,14,3,14,3,12,2,12;-1,0,7,6,7,10,11,10,11,9,8,9;-1,0,6,10,3,10,3,5,1,5;0,-1,11,1,11,0,10,0,10,3,11,3,11,2
38,41|-1,0,6,18,5,18;-1,0,7,17,6,17;1,0,32,26,33,26;1,0,32,25,33,25;-1,0,8,16,7,16;-1,0,9,15,8,15;-1,0,8,18,7,18;-1,0,8,19,7,19;1,0,30,29,31,29;1,0,30,31,31,31;1,0,30,30,31,30;0,-1,19,7,19,6;-1,0,10,16,9,16,9,17,8,17;1,0,30,28,32,28;1,0,26,17,28,17;0,1,21,32,21,34,19,34,19,36;-1,0,10,15,12,15,12,14,9,14;1,0,32,22,32,24,31,24,31,27,32,27;1,0,28,25,28,23,29,23;0,-1,14,7,17,7,17,6;1,0,27,14,29,14;-1,0,12,28,11,28;1,0,26,26,29,26;0,1,18,33,18,34;1,0,30,20,30,21,32,21;1,0,25,32,24,32,24,34,25,34;-1,0,9,13,9,9,10,9,10,7,8,7;0,1,14,34,14,33,17,33,17,35;0,1,19,29,19,32;0,-1,20,5,20,8,18,8,18,5;0,1,29,29,29,28,28,28,28,30;-1,0,9,24,10,24,10,23,9,23;1,0,26,27,29,27;0,-1,13,10,11,10,11,9;0,1,16,30,16,32,13,32,13,34;1,0,26,29,26,30,27,30;-1,0,15,8,15,9,14,9,14,11,11,11;1,0,25,11,25,8,23,8,23,10,24,10;1,0,26,16,26,13,29,13;0,1,14,30,13,30,13,31,11,31,11,32;1,0,23,24,25,24,25,23,27,23;0,-1,9,18,9,22,8,22,8,20;1,0,25,26,25,28,27,28;0,1,21,29,21,31,20,31,20,32;0,-1,25,13,25,15,24,15,24,14;0,-1,20,9,17,9,17,8;0,-1,18,12,19,12,19,10;0,1,16,29,17,29,17,31;0,-1,13,12,15,12,15,11;0,1,19,27,18,27,18,30;1,0,30,22,27,22,27,21,28,21;-1,0,22,7,22,8,21,8,21,10,20,10;0,-1,21,11,22,11,22,9;0,-1,19,15,19,13,16,13,16,11;1,0,23,14,23,16,25,16;0,1,25,30,25,31,23,31,23,32;0,1,20,25,20,29;-1,0,11,27,11,26,9,26;0,-1,19,16,20,16,20,12,23,12,23,11;0,-1,21,16,21,13;0,1,24,26,24,30,22,30,22,32;-1,0,12,26,12,25,9,25;-1,0,11,12,11,13,13,13,13,16,11,16;0,1,10,22,10,20,11,20,11,23;0,1,16,27,15,27,15,29,12,29,12,30;-1,0,13,25,13,27,12,27;0,-1,14,16,14,17,16,17,16,14;1,0,26,22,26,20,29,20;0,-1,21,17,18,17,18,15;0,1,13,24,13,22,12,22,12,24;0,1,16,25,16,26,14,26,14,28;-1,0,10,17,13,17,13,18,12,18;-1,0,19,26,17,26;0,-1,18,19,18,18,22,18,22,16;0,1,17,25,17,23,15,23,15,25;1,0,24,22,24,21,25,21;1,0,25,17,24,17,24,18,26,18;-1,0,14,22,14,21,12,21,12,19,11,19;1,0,23,28,23,27,21,27,21,25,24,25;0,-1,17,20,13,20,13,19,14,19,14,18;1,0,22,21,22,22,23,22;1,0,20,24,22,24,22,23,24,23;1,0,18,25,19,25,19,23,20,23;1,0,23,19,26,19;0,1,17,21,18,21,18,24;0,1,25,20,21,20,21,19,19,19,19,21;0,1,34,27,34,25,37,25,37,28,33,28,33,30;0,-1,5,19,0,19,0,14,4,14,4,12,7,12,7,9;0,1,7,20,7,22,5,22,5,27,7,27,7,29;-1,0,23,41,23,38,18,38,18,36,17,36,17,39,12,39;0,-1,34,14,34,10,31,10,31,6;1,0,27,19,28,19,28,18,31,18,31,16,33,16;-1,0,27,7,27,3,22,3,22,0,17,0,17,5,13,5;-1,0,10,4,5,4,5,8,3,8,3,12,2,12;1,0,38,21,38,16,35,16,35,13,37,13;-1,0,9,39,9,36,12,36,12,34,7,34,7,30,2,30;0,1,33,39,33,36,28,36,28,38;0,1,30,32,30,35,27,35,27,39;0,-1,30,2,33,2,33,6,38,6,38,9,34,9,34,8;1,0,32,29,32,31,33,31,33,35,35,35,35,38,37,38;0,-1,11,0,15,0,15,3,10,3,10,1;-1,0,10,41,13,41,13,40,8,40;-1,0,1,41,6,41,6,38,8,38,8,36,5,36;-1,0,0,40,1,40,1,37,5,37,5,39,3,39;1,0,37,24,37,20,36,20,36,24,33,24,33,23,34,23;0,-1,3,13,0,13,0,11,1,11,1,9;1,0,25,41,29,41,29,37,32,37,32,40,37,40;0,-1,0,5,3,5,3,3,6,3,6,1;-1,0,2,33,5,33,5,35,2,35;-1,0,2,26,2,29,6,29,6,28,4,28,4,25,2,25;0,-1,36,0,36,2,34,2,34,5,36,5,36,4;1,0,38,26,38,29,34,29,34,31,37,31;0,-1,27,8,27,11,29,11,29,8;1,0,37,34,34,34,34,33,36,33;-1,0,2,4,0,4,0,0,5,0,5,2,2,2;1,0,34,36,34,39,35,39;1,0,36,14,38,14,38,12,35,12,35,10,36,10;-1,0,2,11,2,7,4,7,4,6,3,6;1,0,38,34,38,37,36,37,36,36,37,36;0,1,17,40,15,40,15,41,18,41,18,39,20,39,20,40;0,-1,6,0,9,0,9,3,7,3,7,2;0,-1,31,11,33,11,33,12,30,12,30,7,28,7,28,5;-1,0,1,24,4,24,4,23,2,23
36,40|-1,0,7,25,6,25;0,1,5,23,5,24;-1,0,8,26,7,26;-1,0,7,24,6,24;-1,0,6,22,5,22;-1,0,6,20,5,20;-1,0,7,23,6,23;-1,0,6,19,5,19;-1,0,7,18,6,18;-1,0,7,21,6,21;1,0,29,12,30,12;-1,0,8,20,7,20;-1,0,9,25,8,25;1,0,30,22,31,22;-1,0,8,23,8,22,7,22;-1,0,8,19,7,19;-1,0,10,29,8,29;-1,0,9,22,9,24,8,24;0,1,11,31,12,31,12,33,10,33,10,35;1,0,27,9,28,9,28,10,30,10;-1,0,9,28,8,28;0,1,17,34,17,35;-1,0,14,35,14,34,13,34;1,0,28,28,29,28;-1,0,10,23,10,21,8,21;-1,0,8,27,10,27,10,26,9,26;-1,0,10,32,9,32,9,30,7,30;0,1,14,33,15,33,15,34;-1,0,12,9,14,9,14,11,11,11;1,0,30,25,30,24,29,24,29,26,31,26;0,-1,15,8,13,8,13,6;1,0,21,8,21,9,22,9,22,8,24,8;-1,0,10,31,10,30,12,30,12,28,10,28;0,1,14,30,13,30,13,33;1,0,27,23,27,22,29,22,29,23,31,23;0,1,25,28,24,28,24,29;0,1,7,15,7,17,8,17,8,18;0,-1,10,14,11,14,11,12;-1,0,18,5,18,7,16,7,16,9,15,9;1,0,29,11,27,11,27,12,28,12;0,1,30,21,30,20,29,20,29,21;0,-1,11,15,11,16,8,16,8,15;0,-1,17,8,19,8,19,7;1,0,23,33,22,33,22,31,23,31;0,1,13,29,15,29,15,31;1,0,26,21,28,21,28,19,30,19;0,1,18,35,18,33,16,33,16,34;1,0,31,16,30,16,30,13,31,13;0,-1,17,9,19,9,19,13,20,13,20,9;0,-1,17,14,16,14,16,12,18,12,18,10;0,-1,20,14,22,14,22,13;0,-1,22,16,21,16,21,15;-1,0,11,19,10,19;1,0,21,31,19,31,19,34,23,34;1,0,27,19,27,18,30,18;1,0,28,24,26,24,26,25,28,25;0,1,19,29,20,29,20,30;-1,0,16,31,18,31,18,32,17,32;-1,0,11,23,11,20,10,20;0,-1,15,14,13,14,13,12;0,-1,16,15,12,15,12,14;-1,0,12,16,14,16,14,17,10,17;-1,0,15,28,17,28,17,30,16,30;-1,0,27,10,26,10,26,11,24,11;0,-1,31,17,29,17,29,14;1,0,27,28,27,26,28,26;1,0,26,30,26,27,23,27,23,26,26,26;0,1,17,26,20,26,20,28,18,28,18,30;0,1,19,25,21,25,21,26;0,1,11,27,11,24,10,24,10,25;-1,0,12,21,12,18,11,18;0,1,28,13,28,16;0,1,19,22,19,24;1,0,23,21,23,25,25,25;0,-1,14,21,13,21,13,18,15,18,15,16;-1,0,26,13,26,12,25,12,25,13,24,13;0,-1,25,14,23,14,23,17,27,17,27,15;0,1,17,22,18,22,18,25;0,-1,19,19,21,19,21,18,22,18,22,17;-1,0,12,22,14,22,14,24,12,24;-1,0,16,19,16,20,15,20;1,0,24,18,24,20,25,20;0,1,23,19,23,20,21,20,21,24;0,-1,12,26,12,25,15,25,15,21;0,1,18,21,16,21,16,25;1,0,20,23,20,20,17,20,17,18,18,18;0,-1,31,27,36,27,36,22,33,22,33,18;0,1,5,30,5,25,4,25,4,23,3,23,3,27;0,-1,4,22,4,18,0,18,0,14,3,14,3,9;0,-1,36,14,36,12,32,12,32,7;0,1,23,29,22,29,22,27,21,27,21,30,24,30,24,35;-1,0,15,2,15,0,20,0,20,4,18,4,18,3,14,3;-1,0,14,36,14,37,18,37,18,40,15,40,15,38,13,38;0,-1,12,6,10,6,10,11,9,11,9,7,5,7,5,2;-1,0,14,40,10,40,10,38,7,38;-1,0,10,37,10,36,5,36,5,38,2,38;-1,0,0,38,0,35,4,35,4,30,3,30;1,0,24,38,24,39,19,39,19,35,20,35,20,37,24,37;-1,0,15,5,12,5,12,3,7,3,7,1,3,1;1,0,33,31,33,35,28,35,28,40,30,40,30,37,34,37;0,-1,35,0,31,0,31,2,29,2,29,4,32,4,32,2;-1,0,1,26,1,24,0,24,0,27,2,27,2,23,1,23;0,-1,2,11,0,11,0,9,2,9,2,5;-1,0,4,39,4,40,9,40,9,39,8,39;0,-1,21,11,23,11,23,9,26,9,26,7,23,7,23,6;-1,0,0,22,0,19,3,19,3,22,2,22;0,1,35,32,36,32,36,28,34,28,34,33,35,33,35,37;0,-1,31,9,30,9,30,8,28,8,28,6,24,6,24,5;-1,0,2,28,2,30,0,30,0,34,3,34,3,31,2,31;0,-1,26,0,26,2,28,2,28,4,24,4,24,2;0,-1,14,0,9,0,9,2,14,2,14,1;-1,0,5,0,1,0,1,2,4,2,4,3,1,3;0,1,4,36,4,37,3,37,3,36,1,36,1,38;1,0,36,11,33,11,33,8,35,8;0,-1,20,8,20,7,22,7,22,2;0,1,34,40,32,40,32,38,35,38,35,39;-1,0,0,39,0,40,3,40,3,39,1,39;0,1,27,32,27,29,29,29,29,33,26,33,26,37;1,0,31,18,31,21,32,21,32,16,35,16;1,0,33,5,29,5,29,6,30,6;-1,0,3,8,3,6,4,6,4,4,3,4;0,1,29,34,27,34,27,38;1,0,33,13,35,13,35,14,31,14,31,15,32,15
41,49|0,1,12,38,12,39;-1,0,14,39,13,39;-1,0,8,17,7,17;0,1,5,34,5,35;0,1,6,36,6,37;0,1,11,35,11,36;0,1,10,35,10,36;0,1,5,32,5,33;-1,0,9,16,8,16;0,1,21,39,21,40;-1,0,7,31,6,31;0,1,21,37,21,38;0,1,6,34,6,35;0,1,8,36,8,37;0,1,7,38,7,35,9,35,9,37;-1,0,13,36,13,37,12,37;0,1,19,38,16,38,16,40;0,-1,24,10,24,8,23,8,23,7;0,-1,22,8,22,7,20,7,20,5;-1,0,12,17,9,17;0,1,11,33,10,33,10,34;0,1,25,36,25,38;0,-1,24,11,24,12,23,12,23,10;1,0,29,31,27,31,27,32,28,32;0,1,23,37,23,38,22,38,22,39;0,-1,24,13,26,13,26,12;1,0,18,6,19,6,19,8,21,8;0,1,20,36,20,39;0,-1,27,13,28,13,28,12;0,1,19,37,15,37,15,39;-1,0,10,18,9,18;0,-1,27,15,26,15,26,14,23,14,23,13;1,0,30,15,29,15,29,12,32,12;-1,0,15,36,14,36,14,38,13,38;1,0,24,34,26,34,26,36,29,36;-1,0,6,15,8,15,8,13,6,13;1,0,22,37,22,35,25,35;-1,0,7,12,10,12,10,11,9,11;0,1,17,33,17,35;-1,0,11,18,11,19,9,19;0,-1,22,13,22,10;0,-1,31,16,28,16,28,14;-1,0,8,33,6,33;0,-1,25,15,25,17,26,17,26,16;0,-1,25,18,27,18,27,17;-1,0,8,31,8,32,6,32;0,1,14,33,14,35,16,35,16,36;1,0,21,12,21,14,22,14;1,0,21,36,21,34,23,34;0,-1,32,17,30,17,30,21,28,21,28,20;1,0,24,19,27,19;-1,0,9,14,9,13,11,13,11,10,9,10;0,-1,20,15,20,13;1,0,16,6,16,9,17,9;-1,0,9,31,9,34,7,34;0,1,19,33,20,33,20,35;-1,0,12,15,13,15,13,14,10,14;1,0,25,24,26,24;0,1,15,34,15,31,14,31,14,32;0,1,12,31,12,30,10,30,10,32;1,0,26,28,26,29,27,29,27,28,28,28;1,0,27,27,27,25,24,25,24,26,25,26;0,1,16,34,16,32,18,32,18,35;1,0,24,33,24,32,26,32;1,0,21,18,20,18,20,17,22,17;0,-1,27,21,27,20;-1,0,12,11,12,9,9,9;-1,0,12,16,13,16,13,18,12,18;1,0,16,14,19,14;0,1,22,32,23,32,23,33;1,0,12,12,13,12,13,9,15,9;1,0,19,16,21,16,21,15,22,15;1,0,15,14,15,15,19,15;0,-1,27,23,27,22,26,22,26,20;1,0,27,30,24,30,24,28,25,28;1,0,23,28,23,31,24,31;1,0,20,30,22,30;1,0,16,18,16,17,17,17,17,16,18,16;0,1,19,32,21,32,21,33;0,-1,25,20,25,22,24,22,24,21;1,0,21,27,24,27;-1,0,16,16,14,16,14,13,12,13;1,0,23,26,23,24,24,24;0,-1,12,20,12,19,14,19,14,17;-1,0,14,30,13,30,13,28,12,28;-1,0,15,17,15,21,12,21;1,0,21,29,19,29,19,31,22,31;0,1,20,27,19,27,19,28;1,0,22,26,21,26,21,25,22,25;1,0,21,19,21,21,23,21;0,-1,17,21,17,23,16,23,16,20;0,-1,11,23,11,26,13,26,13,22;0,1,15,30,17,30,17,31;1,0,15,28,18,28,18,26,19,26;0,-1,23,23,23,22;-1,0,16,26,14,26;-1,0,17,24,15,24,15,23,14,23;-1,0,18,31,18,29,14,29,14,27,10,27;1,0,15,27,17,27,17,25,20,25;1,0,22,22,22,24,20,24,20,22,21,22;0,-1,5,21,3,21,3,17,0,17,0,12,2,12,2,9;1,0,25,45,21,45,21,44,18,44,18,41,22,41;-1,0,13,45,8,45,8,42,5,42;1,0,20,4,20,0,25,0,25,2,29,2;0,1,34,29,34,26,31,26,31,31,35,31,35,34;0,1,35,42,37,42,37,39,34,39,34,34,32,34,32,39;-1,0,4,39,4,34,0,34,0,30,4,30,4,25,1,25;0,-1,34,13,32,13,32,16,36,16,36,11,31,11,31,8;-1,0,8,11,8,8,6,8,6,4,1,4;-1,0,18,40,19,40,19,39,17,39,17,41,14,41;-1,0,0,45,0,40,3,40,3,36,1,36;1,0,33,40,33,45,28,45,28,44,24,44,24,43,27,43;1,0,23,6,23,4,21,4,21,2,24,2,24,7,26,7;0,-1,29,9,29,5,34,5,34,2;0,1,9,38,9,40,13,40,13,42,17,42,17,43;0,-1,26,4,30,4,30,1,33,1,33,4,31,4,31,2;0,-1,37,10,37,5,35,5,35,1;1,0,31,22,28,22,28,24,31,24;-1,0,10,22,10,25,5,25,5,22,1,22;0,1,5,45,1,45,1,41,2,41,2,43;1,0,37,43,37,45,34,45,34,43,36,43;-1,0,19,4,18,4,18,0,13,0,13,1,9,1;0,1,20,45,16,45,16,43,15,43,15,44;1,0,37,36,35,36,35,38,36,38;-1,0,1,14,3,14,3,9,5,9,5,5,2,5;-1,0,0,29,0,24,4,24,4,23,3,23;-1,0,12,5,16,5,16,3,14,3;0,-1,10,8,10,6,7,6,7,1;1,0,37,20,32,20,32,24,33,24;-1,0,9,0,6,0,6,3,2,3;-1,0,4,0,0,0,0,2,5,2,5,1,4,1;1,0,30,27,28,27,28,25,29,25;-1,0,0,18,2,18,2,21,1,21;1,0,33,23,33,21,34,21,34,25,36,25;1,0,37,15,37,17,36,17,36,19,33,19,33,18,35,18;0,-1,35,0,37,0,37,4,36,4,36,1;-1,0,1,8,4,8,4,7,1,7;-1,0,0,36,0,39,2,39,2,38,1,38;0,1,6,45,7,45,7,43,6,43,6,44;1,0,35,23,37,23,37,26,35,26,35,28,36,28;1,0,33,27,33,28,32,28,32,30,35,30,35,29,36,29;1,0,37,22,37,21,35,21,35,22,36,22;0,1,35,35,38,35,38,39;1,0,7,46,3,46,3,47,0,47,0,46,1,46;1,0,38,34,36,34,36,33,38,33;0,-1,39,15,39,19,38,19,38,17;1,0,14,43,14,47,19,47,19,46,22,46;0,1,26,47,26,45,27,45,27,46;1,0,39,34,39,30,36,30,36,32,38,32;0,-1,37,11,37,14,39,14,39,12,38,12,38,9;1,0,27,47,28,47,28,46,33,46;1,0,36,27,37,27,37,29,38,29;0,1,39,37,39,41,38,41,38,44;0,-1,39,9,39,5,38,5,38,2;0,1,8,49,8,46,10,46,10,48;0,1,41,44,41,46,36,46,36,47;1,0,41,31,41,35,39,35,39,36,40,36;0,-1,39,4,39,2,41,2,41,7,40,7,40,3;1,0,38,24,41,24,41,28,38,28,38,26,39,26;1,0,41,23,38,23,38,20,40,20;1,0,41,22,39,22,39,21,40,21;1,0,9,47,9,49,11,49,11,46,13,46,13,48,15,48;1,0,25,46,23,46,23,49,26,49,26,48,28,48;0,1,41,49,41,47,37,47,37,48;-1,0,0,48,0,49,4,49,4,48,1,48;0,1,4,47,7,47,7,48
35,44|-1,0,6,34,5,34;0,-1,16,6,16,5;-1,0,7,35,6,35;-1,0,8,28,7,28;-1,0,8,32,7,32;0,1,11,37,11,38;0,1,10,36,10,37;-1,0,8,31,7,31;0,1,19,34,19,35;-1,0,9,14,8,14;0,-1,18,7,18,6;1,0,27,8,28,8;0,-1,25,7,25,6;-1,0,8,22,7,22;0,1,13,38,12,38,12,37,14,37,14,38;-1,0,8,35,8,36,7,36;0,1,6,37,9,37,9,38;-1,0,9,16,8,16;1,0,26,6,26,9,30,9;0,1,9,35,9,33,7,33,7,34;-1,0,9,30,7,30;1,0,28,16,28,15,29,15;0,1,20,35,20,36;1,0,27,16,27,14,29,14;0,-1,28,11,28,12,29,12,29,10;1,0,25,9,25,10,27,10;-1,0,7,29,9,29,9,27,7,27;1,0,23,9,23,11,25,11;-1,0,10,14,10,15,9,15;1,0,24,14,26,14,26,13,29,13;-1,0,13,6,13,9,12,9;1,0,22,13,25,13,25,12,27,12;-1,0,16,10,12,10;0,1,10,33,10,35,11,35,11,36;1,0,22,7,24,7,24,8,25,8;0,1,9,32,11,32,11,34,12,34,12,36;0,-1,27,19,28,19,28,18;1,0,22,8,20,8,20,7,21,7;0,-1,15,7,17,7,17,6;1,0,22,11,22,12,23,12;1,0,20,13,21,13,21,10,22,10;-1,0,16,39,16,38,15,38,15,36,14,36;1,0,17,8,19,8,19,9,22,9;-1,0,14,35,13,35;0,-1,11,14,11,13,10,13,10,11;0,-1,16,8,14,8,14,6;-1,0,13,29,10,29,10,31,9,31;-1,0,19,11,17,11,17,9,14,9;0,-1,11,16,11,15;0,-1,19,14,19,12;0,1,17,36,16,36,16,37;0,-1,22,15,22,14;1,0,23,14,23,15,26,15;1,0,21,34,21,32,22,32;0,-1,7,18,9,18,9,17;0,-1,18,14,18,16,19,16,19,15;-1,0,15,33,14,33,14,34,13,34;1,0,22,17,22,16,24,16;0,-1,8,21,8,19,10,19,10,16;0,-1,19,17,17,17,17,16;-1,0,10,26,10,24,8,24;-1,0,12,27,13,27,13,28,11,28;0,-1,20,18,20,16,21,16,21,15;-1,0,14,29,14,26,13,26;0,1,16,35,16,34,15,34,15,35;0,-1,15,15,15,16,13,16,13,15;0,-1,11,18,11,17,12,17,12,13;-1,0,9,21,9,23,8,23;-1,0,12,18,13,18,13,19,11,19;0,1,20,34,20,32,18,32,18,36;0,1,22,28,22,27,20,27,20,29;-1,0,15,29,15,25,14,25;1,0,17,32,17,30,19,30;-1,0,17,35,17,33,16,33,16,30,13,30;-1,0,16,15,16,17,13,17;0,-1,10,20,14,20,14,18;0,1,17,28,17,26,16,26,16,29;0,1,14,24,14,21,10,21,10,23;-1,0,18,27,18,25,17,25;-1,0,18,19,17,19,17,21,16,21;0,1,20,24,20,25,19,25,19,28;0,1,18,23,21,23,21,24;0,1,16,22,15,22,15,24;-1,0,18,20,18,22,17,22;0,-1,22,18,22,19,19,19,19,18;1,0,20,21,20,20,19,20,19,22,21,22;0,-1,2,28,6,28,6,30,4,30,4,34,3,34,3,29;-1,0,4,5,4,9,7,9,7,14,5,14,5,18,3,18;0,-1,5,24,5,27,0,27,0,22,1,22,1,18;0,-1,10,3,15,3,15,1,17,1,17,4,22,4,22,1;1,0,7,44,12,44,12,39,14,39,14,41,19,41;1,0,34,12,30,12,30,16,34,16;0,1,2,29,0,29,0,33,2,33,2,36;0,-1,26,3,23,3,23,0,21,0,21,3,19,3,19,1;0,1,29,24,29,29,26,29,26,32;1,0,28,4,28,6,27,6,27,3,29,3,29,8,30,8;1,0,22,37,22,41,25,41,25,44,20,44,20,41,21,41;1,0,30,11,30,10,35,10,35,7,30,7,30,4,31,4;-1,0,4,3,1,3,1,0,5,0,5,2,3,2;0,1,35,44,33,44,33,40,35,40,35,35,34,35,34,39;0,1,23,36,28,36,28,32,32,32,32,30,28,30,28,31;0,1,27,42,26,42,26,44,28,44,28,40,32,40,32,42;0,-1,16,4,15,4,15,5,12,5,12,7,9,7,9,3;1,0,34,6,34,2,29,2,29,0,24,0,24,2,25,2;-1,0,5,39,5,35,4,35,4,37,1,37;1,0,33,15,31,15,31,14,33,14;1,0,28,25,27,25,27,21,30,21,30,26,33,26;-1,0,10,2,10,0,8,0,8,4,7,4;0,-1,3,4,5,4,5,6,6,6,6,3;0,1,1,36,1,34,0,34,0,38,4,38,4,40;1,0,35,13,35,18,34,18,34,17,32,17,32,19,34,19;-1,0,0,2,0,5,3,5,3,7,2,7;-1,0,4,14,4,17,2,17,2,13,6,13,6,10,2,10;1,0,26,16,26,20,31,20,31,23,32,23;1,0,35,19,35,20,32,20,32,22,33,22;-1,0,0,16,1,16,1,12,5,12,5,11,2,11;-1,0,10,42,11,42,11,39,9,39,9,43,5,43;1,0,27,41,26,41,26,38,30,38,30,34,34,34;-1,0,2,39,2,41,4,41,4,43,2,43;1,0,35,25,35,29,33,29,33,27,30,27,30,29,32,29;0,1,0,41,0,39,1,39,1,42;1,0,29,33,33,33,33,32,34,32;1,0,34,25,31,25,31,24,34,24;-1,0,2,6,0,6,0,8,3,8,3,9,1,9;1,0,35,0,30,0,30,1,33,1
37,43|-1,0,6,28,5,28;0,1,19,35,19,36;0,1,16,35,16,36;0,1,17,34,17,35;-1,0,7,26,6,26;0,1,18,33,18,34;1,0,28,16,29,16;0,1,20,34,20,35;0,1,7,30,7,32;-1,0,8,28,7,28;0,1,5,29,5,30,6,30,6,31;-1,0,7,25,7,23,6,23;-1,0,8,25,8,27,6,27;-1,0,10,30,9,30,9,29,7,29;1,0,25,5,25,8,24,8,24,9,27,9;0,-1,27,10,27,11,23,11,23,8;0,1,13,34,11,34,11,35;-1,0,6,13,6,16,7,16,7,18,6,18;-1,0,8,24,10,24,10,26,9,26;1,0,23,34,24,34;0,-1,9,8,8,8,8,6;-1,0,6,19,7,19,7,21,6,21;-1,0,12,27,12,24,11,24;1,0,28,28,28,27,29,27;-1,0,10,33,9,33,9,32,8,32;1,0,26,27,26,26,28,26;0,-1,14,9,14,7;-1,0,11,28,11,31,8,31;1,0,24,32,24,33,25,33;1,0,24,23,24,24,27,24;-1,0,10,23,8,23,8,22,7,22;1,0,27,28,25,28,25,25,26,25;0,-1,10,7,10,9,7,9,7,7;0,-1,8,11,7,11,7,10;1,0,29,29,26,29,26,31,27,31;-1,0,8,18,8,20,10,20,10,18,9,18;0,-1,13,13,13,10;-1,0,11,8,11,10,9,10,9,12,7,12;0,1,17,32,17,33,16,33,16,34;0,-1,26,13,26,12;-1,0,12,33,12,32,10,32;0,1,15,36,15,32,14,32,14,34;0,1,12,31,13,31,13,33;-1,0,12,23,12,22,9,22;-1,0,15,10,17,10,17,11,16,11;1,0,30,13,28,13,28,14,29,14;1,0,19,27,22,27;1,0,25,20,24,20,24,19,28,19;-1,0,15,25,15,26,13,26,13,28,12,28;0,1,8,13,9,13,9,17;-1,0,13,29,15,29,15,27,14,27;-1,0,18,11,18,9,15,9;1,0,28,18,27,18,27,15,28,15;1,0,20,11,20,10,21,10;0,1,24,31,25,31,25,29,23,29,23,32;0,1,20,33,19,33,19,34;0,-1,26,16,26,14,27,14,27,12;0,1,19,32,21,32,21,34;1,0,17,12,19,12,19,9,20,9;0,1,21,28,21,30,22,30,22,33;0,1,24,26,22,26,22,23,23,23,23,24;-1,0,13,18,13,19,12,19,12,18,11,18;-1,0,14,31,17,31,17,30,13,30;0,1,19,31,19,28,20,28,20,31;0,-1,23,14,19,14,19,13;0,-1,10,12,10,14,12,14,12,12;0,1,16,26,16,29,18,29,18,32;1,0,25,15,24,15,24,13,25,13;-1,0,14,19,14,20,12,20,12,21,10,21;-1,0,14,17,11,17,11,15,10,15;1,0,15,13,18,13;0,-1,12,16,12,15,14,15,14,12;-1,0,18,22,17,22;1,0,17,28,17,27,18,27,18,26,20,26;1,0,23,20,23,18,24,18;-1,0,16,21,14,21;0,1,25,16,24,16,24,17;0,-1,22,16,23,16,23,15;-1,0,18,14,15,14,15,16,13,16;0,-1,21,16,21,19,22,19,22,17;1,0,21,25,21,22,23,22;1,0,16,15,18,15;0,-1,20,22,20,19;-1,0,17,24,15,24;-1,0,17,23,20,23,20,25,17,25;-1,0,19,22,19,19,18,19,18,20,15,20;1,0,10,39,10,37,15,37,15,40,20,40,20,36,22,36;0,1,4,17,4,14,0,14,0,19,2,19,2,24;0,-1,33,17,35,17,35,13,34,13,34,8;1,0,12,11,12,9,13,9,13,6,18,6,18,2,23,2;0,1,34,26,30,26,30,24,35,24,35,29,33,29,33,31;0,1,33,36,29,36,29,32,34,32,34,34;-1,0,8,33,7,33,7,35,5,35,5,31,3,31;0,-1,24,21,24,22,29,22,29,19,31,19,31,15;-1,0,1,34,1,30,4,30,4,29,2,29;1,0,24,0,24,3,19,3,19,7,23,7,23,4,27,4;0,-1,7,0,12,0,12,5,15,5,15,2;-1,0,3,24,6,24,6,25,4,25,4,28,1,28;1,0,33,16,33,12,29,12,29,8,26,8,26,5,29,5;1,0,35,1,31,1,31,6,27,6,27,7,30,7;0,-1,0,9,1,9,1,12,6,12,6,10;0,-1,2,2,2,7,6,7,6,4;-1,0,1,3,1,0,6,0,6,1,2,1;0,1,21,39,23,39,23,41,28,41,28,36,23,36,23,38;-1,0,13,39,13,41,9,41,9,39,8,39;0,1,0,34,0,37,2,37,2,39;1,0,33,34,33,33,30,33,30,35,34,35;0,-1,13,1,17,1,17,5,16,5,16,3;0,-1,30,5,30,1,27,1,27,3,25,3,25,2;0,1,35,31,35,36,34,36,34,38;1,0,35,18,35,21,34,21,34,23,32,23,32,19,33,19;1,0,30,8,30,10,32,10,32,6,33,6;-1,0,1,23,0,23,0,25,3,25,3,27,2,27;1,0,34,2,34,5,32,5,32,2,33,2;-1,0,3,41,8,41,8,40,6,40;0,1,2,40,2,41,0,41,0,38,1,38,1,39;0,1,11,40,11,38,14,38,14,40;1,0,31,38,31,41,33,41,33,37,29,37,29,40,30,40;-1,0,3,15,1,15,1,18,5,18,5,13,1,13;-1,0,0,8,2,8,2,9,6,9,6,8,3,8;0,1,35,37,35,39,34,39,34,40;1,0,30,11,33,11,33,7,34,7;0,-1,37,10,37,15,36,15,36,11;0,-1,35,4,35,2,37,2,37,7,36,7,36,4;0,1,14,43,14,41,17,41,17,42;0,1,37,26,37,24,36,24,36,28
37,43|0,1,15,37,15,38;0,1,16,37,16,38;0,1,5,33,5,34;0,1,15,35,15,36;-1,0,7,26,6,26;0,1,14,35,14,36;0,1,6,34,6,35;0,1,12,36,12,37;0,1,7,35,7,36;0,1,15,33,15,34;0,1,17,35,17,36;0,-1,25,6,25,5;1,0,30,19,31,19;-1,0,8,24,7,24;-1,0,8,31,7,31;0,1,12,33,12,34;1,0,32,14,30,14,30,13,31,13;1,0,29,11,29,9,30,9;0,1,11,34,11,36;0,-1,22,6,22,5;0,1,16,35,16,36;1,0,30,15,31,15;0,1,14,34,13,34,13,36;1,0,28,18,30,18,30,16,31,16;1,0,28,11,28,12,30,12;0,-1,29,6,26,6,26,5;0,1,6,33,6,32,7,32,7,34;0,1,17,34,16,34,16,32,14,32,14,33;0,1,10,36,8,36,8,37;0,-1,28,7,29,7,29,8,31,8,31,7;-1,0,8,26,8,25,7,25;0,1,10,35,10,33,8,33,8,35;0,-1,28,10,28,8;0,-1,27,10,27,7;-1,0,10,25,9,25;0,-1,17,6,21,6,21,5;0,-1,24,6,24,8,26,8,26,7;0,-1,24,13,25,13,25,10;0,-1,14,10,15,10,15,8;0,1,10,32,11,32,11,33;0,-1,29,14,29,13,27,13,27,11;0,-1,23,9,23,6;-1,0,17,7,19,7,19,8,18,8;0,-1,20,7,20,8,22,8,22,7;1,0,24,15,27,15,27,14,28,14;1,0,21,9,22,9,22,11,23,11;-1,0,11,31,9,31,9,32,8,32;-1,0,8,29,8,27,7,27;0,-1,26,13,26,14,23,14,23,13;0,1,13,30,15,30,15,31;0,-1,22,12,21,12,21,10;-1,0,15,16,13,16;-1,0,10,26,9,26,9,30,8,30;1,0,17,9,20,9;1,0,17,10,19,10;1,0,22,13,21,13,21,14,22,14;1,0,22,27,22,28,23,28;-1,0,12,24,9,24;0,1,10,27,10,29,11,29,11,30;0,-1,18,11,18,12,16,12,16,10;1,0,25,16,26,16,26,17,28,17;0,1,15,29,12,29,12,32;0,-1,13,11,13,12,14,12,14,11;-1,0,14,26,14,28,11,28;-1,0,15,26,15,25,13,25;-1,0,18,31,18,33,17,33;1,0,27,20,26,20,26,18,27,18;0,1,23,33,21,33,21,32,20,32,20,33;0,1,8,20,9,20,9,23;0,-1,10,23,10,20,12,20,12,18;-1,0,21,31,19,31,19,34,18,34;1,0,20,13,20,15,21,15;0,-1,13,14,13,15,17,15,17,13;0,-1,23,19,25,19,25,17;0,1,21,30,19,30,19,28,17,28,17,29;1,0,21,16,21,18,22,18;0,1,18,27,15,27,15,28;0,-1,11,22,11,23,12,23,12,21;1,0,24,24,24,23,22,23,22,21,25,21;1,0,22,20,24,20;0,1,22,19,21,19,21,22;-1,0,20,27,19,27,19,26,16,26;-1,0,16,16,18,16,18,18,16,18;1,0,14,24,17,24,17,25,19,25;1,0,17,22,17,21,19,21;0,-1,20,20,20,18,19,18,19,14;0,-1,13,23,16,23,16,20,19,20,19,19;0,-1,36,14,37,14,37,19,32,19,32,16,35,16,35,11;-1,0,17,39,18,39,18,43,16,43,16,39,11,39;0,-1,7,40,5,40,5,36,1,36,1,31;0,-1,15,4,18,4,18,0,20,0,20,4,25,4,25,1;0,-1,0,33,0,28,1,28,1,24;-1,0,9,19,9,16,12,16,12,12,11,12,11,8,9,8;0,-1,34,12,31,12,31,9,32,9,32,7,33,7,33,3;1,0,27,22,27,25,32,25,32,20,34,20;-1,0,12,0,12,4,8,4,8,9,10,9,10,11,7,11;0,-1,0,26,0,21,2,21,2,18;0,-1,5,14,0,14,0,9,1,9,1,7;1,0,30,7,30,3,26,3,26,0,29,0,29,2,33,2;-1,0,10,41,5,41,5,42,1,42;0,-1,37,4,37,2,36,2,36,4,34,4,34,2;0,-1,25,0,21,0,21,3,23,3,23,2;1,0,22,35,22,37,17,37,17,38,20,38,20,40,25,40;1,0,21,38,21,39,25,39,25,38,29,38,29,40,34,40;-1,0,0,0,4,0,4,2,1,2;1,0,34,0,30,0,30,1,33,1;0,-1,2,8,3,8,3,11,1,11,1,13,5,13,5,12;0,-1,9,10,5,10,5,8;0,1,36,23,37,23,37,20,35,20,35,24;1,0,29,31,29,29,27,29,27,27,25,27,25,32,27,32;1,0,34,30,35,30,35,27,33,27,33,31,36,31;-1,0,6,9,7,9,7,7,6,7,6,4,3,4;1,0,37,40,37,38,33,38,33,35,35,35;1,0,32,29,32,31,30,31,30,36,32,36,32,33,34,33;1,0,36,5,37,5,37,9,34,9,34,5,35,5;0,1,8,38,8,40,13,40,13,41;0,-1,10,5,12,5,12,9,14,9,14,8;1,0,34,10,34,11,32,11,32,10,33,10;0,-1,13,1,17,1,17,3,15,3,15,2;0,1,19,41,23,41,23,43,28,43,28,39,27,39,27,42;0,1,33,39,36,39,36,42;-1,0,1,15,1,17,3,17,3,15,6,15,6,17,4,17;-1,0,0,7,0,5,5,5,5,6,1,6;1,0,31,30,30,30,30,28,28,28,28,26,32,26;-1,0,1,37,0,37,0,41,4,41,4,37,2,37;1,0,34,21,34,23,33,23,33,25,36,25
36,37|-1,0,6,11,5,11;-1,0,6,10,5,10;-1,0,6,9,5,9;-1,0,7,12,6,12;-1,0,6,14,5,14;-1,0,7,13,6,13;-1,0,7,8,6,8;0,-1,5,17,5,16;1,0,30,20,31,20;-1,0,7,15,6,15;-1,0,7,16,6,16;-1,0,8,9,7,9;1,0,30,21,31,21;1,0,30,23,31,23;1,0,30,24,31,24;1,0,30,27,31,27;1,0,30,26,31,26;1,0,28,23,29,23;-1,0,8,10,7,10;1,0,28,24,29,24;-1,0,9,8,9,7,7,7;1,0,28,18,28,19,31,19;1,0,29,22,30,22;-1,0,9,16,8,16;1,0,28,28,31,28;1,0,29,27,29,25,31,25;1,0,27,24,27,25,28,25;1,0,28,22,28,21,29,21;1,0,26,16,27,16;0,1,14,30,14,31,15,31,15,32;-1,0,9,9,9,11,7,11;0,1,11,25,11,28;1,0,27,23,26,23,26,26,28,26;1,0,26,17,28,17;0,1,15,27,14,27,14,29;-1,0,9,12,8,12,8,14,7,14;0,1,14,26,13,26,13,30;0,1,16,23,16,25,15,25,15,26;0,1,14,23,14,22,13,22,13,23;0,1,21,29,23,29,23,30;0,1,12,27,12,24,10,24,10,25;0,1,12,23,9,23,9,24;-1,0,10,21,12,21,12,22,9,22;-1,0,10,15,8,15;-1,0,11,8,11,11,12,11,12,14,9,14;0,-1,6,17,7,17,7,20,8,20,8,17;1,0,27,12,26,12,26,10,27,10;-1,0,14,10,14,6,13,6;1,0,22,9,22,6,24,6;1,0,26,19,27,19,27,20,29,20;-1,0,29,30,26,30,26,29,24,29;0,1,10,20,10,18,9,18,9,20;0,1,10,16,10,17,11,17,11,20;0,-1,11,15,13,15,13,13;0,-1,14,14,14,12;1,0,25,25,25,27,27,27,27,29,29,29;0,1,15,21,15,23;0,-1,23,11,25,11,25,14,26,14,26,13;1,0,26,18,25,18,25,15,26,15;1,0,25,20,26,20;1,0,24,22,24,23,25,23;1,0,24,19,24,21,27,21;1,0,22,5,20,5,20,7,21,7;-1,0,17,9,15,9;0,1,14,21,14,19,12,19,12,20;1,0,22,19,22,18,24,18;-1,0,20,26,20,27,19,27;0,-1,17,6,17,8,15,8,15,5;0,1,21,28,21,25,24,25,24,28;0,1,12,18,15,18,15,20;1,0,19,6,19,8,21,8;1,0,23,21,23,24,25,24;1,0,19,19,21,19;0,-1,19,10,20,10,20,9,18,9,18,7;0,1,16,22,18,22,18,24;0,-1,24,16,24,13;1,0,19,12,19,11,17,11,17,10,18,10;0,-1,16,14,15,14,15,12,16,12,16,11;0,-1,14,15,15,15,15,17,16,17,16,15;0,1,18,21,20,21,20,22;-1,0,17,17,17,18,16,18;1,0,18,12,18,13,22,13;0,1,17,20,21,20,21,21,22,21,22,23;-1,0,17,15,18,15,18,14,17,14;0,1,23,15,23,17,21,17,21,18;1,0,21,14,19,14,19,15,22,15;-1,0,22,16,18,16,18,19,16,19;-1,0,0,6,0,8,1,8,1,11,4,11,4,16,3,16;0,1,34,23,36,23,36,26,34,26,34,28;-1,0,18,35,15,35,15,33,11,33;0,-1,30,18,30,14,32,14,32,19,33,19,33,14;-1,0,4,29,4,34,8,34,8,32,12,32,12,29,7,29;0,1,31,22,32,22,32,27,33,27,33,31;0,-1,34,17,36,17,36,22,35,22,35,21;-1,0,18,6,18,3,13,3,13,0,8,0,8,3,5,3;0,-1,31,11,36,11,36,8,31,8,31,6;1,0,16,32,16,27,18,27,18,30,22,30,22,33,24,33;1,0,24,32,24,30,25,30,25,32,30,32,30,34,34,34;0,-1,9,5,4,5,4,0,0,0,0,5,3,5,3,1;-1,0,3,17,3,19,0,19,0,15,3,15,3,12,2,12;-1,0,9,31,6,31,6,26,10,26,10,27,9,27;1,0,25,8,28,8,28,4,31,4;0,1,4,22,4,20,1,20,1,24,3,24,3,27;-1,0,0,10,0,14,2,14,2,13,1,13;1,0,2,33,0,33,0,37,2,37,2,36,5,36;0,1,21,37,25,37,25,33,29,33,29,36;0,-1,34,9,29,9,29,7,30,7,30,5,34,5,34,2;1,0,29,18,29,15,27,15,27,13,30,13;1,0,26,37,26,34,27,34,27,37,32,37,32,35,35,35;1,0,34,16,36,16,36,13,34,13,34,15,35,15;0,-1,14,0,17,0,17,2,14,2,14,1;0,1,19,37,14,37,14,34,13,34,13,36;0,1,9,37,9,33,10,33,10,35;0,1,21,36,19,36,19,34,17,34,17,31,20,31,20,34;0,-1,28,9,24,9,24,7,26,7,26,4,22,4,22,3;0,-1,32,4,33,4,33,3,29,3,29,2;1,0,31,12,31,13,32,13,32,12,35,12;-1,0,1,25,1,28,3,28,3,29,1,29;1,0,34,6,32,6,32,7,35,7;0,-1,18,2,18,0,21,0,21,4,19,4,19,1;0,-1,36,1,36,6,35,6,35,1;0,-1,31,0,31,1,28,1,28,3,24,3,24,1;-1,0,0,27,0,32,3,32,3,30,2,30;1,0,35,28,35,27,36,27,36,29,34,29,34,30,35,30;1,0,32,33,34,33,34,31,35,31;0,-1,5,0,7,0,7,2,5,2,5,1;1,0,35,34,35,33,36,33,36,37,33,37,33,36,34,36
44,47|-1,0,6,23,5,23;-1,0,6,22,5,22;-1,0,6,21,5,21;-1,0,7,24,6,24;-1,0,8,23,7,23;0,1,16,36,16,37;-1,0,8,22,7,22;-1,0,7,20,6,20;-1,0,7,27,6,27;1,0,30,31,31,31;0,1,15,35,15,36;0,1,13,35,13,36;-1,0,14,11,13,11;-1,0,8,29,8,28,7,28;-1,0,8,20,8,19,7,19;1,0,22,31,25,31;0,1,21,36,19,36,19,37;-1,0,11,23,9,23,9,21,7,21;1,0,33,29,33,26,34,26;1,0,21,31,21,32,23,32;0,1,28,27,29,27,29,28;-1,0,9,24,8,24,8,25,7,25;0,1,31,25,31,28,32,28,32,30;0,1,28,26,28,24,27,24,27,27;1,0,20,31,20,33,23,33;-1,0,11,12,11,14,9,14;-1,0,10,27,8,27,8,26,7,26;-1,0,10,20,9,20;-1,0,7,17,10,17,10,15,9,15;0,1,18,37,18,34,22,34,22,36;0,1,25,29,24,29,24,30;0,1,29,24,29,26,30,26,30,27;-1,0,12,13,12,15,11,15;-1,0,11,17,11,18,8,18;0,1,28,22,28,23;-1,0,10,19,12,19,12,16,11,16;0,1,15,33,15,34,17,34,17,38;-1,0,10,29,10,28,9,28;1,0,23,27,23,28,25,28;1,0,14,32,16,32,16,33,17,33;-1,0,14,13,13,13;1,0,13,31,15,31;1,0,21,28,21,30,23,30;-1,0,16,11,15,11;-1,0,15,23,13,23;0,-1,15,7,17,7,17,6;0,1,27,23,27,22,25,22,25,23;0,1,13,34,14,34,14,36;-1,0,10,32,8,32,8,30,7,30;-1,0,16,23,16,24,14,24;0,1,20,26,20,28;0,1,31,24,34,24,34,25;0,1,14,33,12,33,12,37;1,0,13,32,12,32,12,30,16,30;-1,0,13,27,11,27,11,25,10,25;1,0,33,22,34,22,34,19,35,19;0,1,30,22,30,25;-1,0,14,7,14,8,12,8;-1,0,18,23,18,21,16,21;-1,0,16,9,12,9,12,10,11,10;1,0,19,27,19,25,21,25,21,27,22,27;-1,0,7,33,11,33,11,31,10,31;-1,0,14,27,14,28,11,28,11,30,10,30;0,-1,21,6,21,7,19,7,19,5;-1,0,15,13,15,14,14,14;0,-1,24,11,26,11,26,8;1,0,13,29,15,29,15,26,17,26;-1,0,16,13,16,12,13,12;1,0,32,18,33,18;-1,0,15,10,17,10,17,8,15,8;1,0,32,17,32,15,35,15;0,-1,34,12,32,12,32,11;-1,0,17,19,14,19,14,18,13,18;-1,0,16,15,16,16,13,16;0,-1,19,10,19,9,18,9,18,7;0,-1,17,13,17,11;0,1,31,22,31,20,29,20,29,23;-1,0,18,25,15,25;0,-1,18,13,18,11;0,-1,21,10,20,10,20,8;-1,0,17,24,19,24,19,20,18,20;0,-1,33,21,33,19;1,0,29,19,32,19,32,23,34,23;1,0,30,16,30,17,31,17;0,1,21,20,21,21,20,21,20,22;-1,0,17,16,17,14,16,14;1,0,27,21,25,21,25,20,27,20;-1,0,21,18,17,18,17,17,14,17;0,-1,29,10,29,11,27,11,27,10;0,1,25,18,24,18,24,21;1,0,29,17,29,15,30,15;1,0,28,17,28,18,31,18;1,0,27,19,27,16,28,16;0,1,31,11,31,13,32,13,32,14;0,-1,25,12,28,12,28,13,30,13,30,12;0,1,22,17,22,19,20,19,20,20;1,0,22,12,24,12,24,13,27,13;-1,0,19,12,19,14,18,14;0,-1,25,16,26,16,26,14;0,-1,21,14,21,11;0,1,26,17,23,17,23,20;1,0,20,12,20,15,21,15,21,16,24,16;-1,0,19,41,21,41,21,43,17,43,17,42,13,42;0,1,6,14,6,17,4,17,4,21;0,1,0,20,0,23,2,23,2,27,4,27,4,31;0,1,25,40,28,40,28,35,33,35,33,32,31,32,31,34;-1,0,33,1,28,1,28,6,26,6,26,2,24,2;-1,0,24,9,24,4,19,4,19,2,17,2,17,5,14,5;0,-1,10,8,10,13,6,13,6,11;0,-1,37,17,37,22,40,22,40,26,38,26,38,23;-1,0,4,43,7,43,7,38,12,38,12,42,9,42;0,-1,9,4,5,4,5,8,9,8,9,11,7,11,7,9;1,0,35,18,35,16,40,16,40,21,38,21,38,19,39,19;0,1,36,36,40,36,40,31,35,31,35,36,31,36,31,39;1,0,34,40,31,40,31,43,35,43,35,42,37,42;0,-1,38,10,36,10,36,15,40,15,40,13,39,13,39,11;-1,0,4,35,4,37,6,37,6,40,5,40,5,42,2,42;-1,0,7,3,7,0,11,0,11,4,16,4,16,3,14,3;1,0,40,1,37,1,37,3,39,3;-1,0,2,8,2,13,5,13,5,15,3,15,3,17,2,17;-1,0,4,14,2,14,2,16,1,16;1,0,29,5,29,2,30,2,30,5,34,5;0,1,27,32,24,32,24,37,22,37,22,40;1,0,35,2,35,6,33,6,33,7,38,7;0,-1,40,3,40,6,36,6,36,5;0,-1,0,10,0,7,4,7,4,3;0,-1,3,5,3,0,6,0,6,3,5,3,5,1;-1,0,5,36,5,34,0,34,0,38,5,38,5,39,2,39;1,0,33,39,32,39,32,37,34,37,34,39,38,39;0,1,29,40,30,40,30,36,29,36,29,38;1,0,32,31,33,31,33,30,37,30;0,1,40,37,40,39,39,39,39,42;1,0,31,10,31,9,29,9,29,8,34,8;0,1,28,43,30,43,30,41,26,41,26,42;0,-1,19,1,18,1,18,0,22,0,22,3,20,3,20,1;-1,0,1,39,0,39,0,40,4,40,4,41,1,41;-1,0,6,26,4,26,4,23,3,23,3,18,2,18;-1,0,1,28,3,28,3,30,2,30;1,0,38,28,38,30,39,30,39,27,34,27,34,28,37,28;1,0,33,14,35,14,35,10,32,10,32,9,35,9;0,-1,33,3,33,2,31,2,31,4,34,4,34,2;0,-1,17,1,17,0,12,0,12,2,16,2,16,1;0,-1,2,0,2,1,0,1,0,4,2,4,2,2;0,1,32,42,33,42,33,41,35,41,35,40,38,40,38,41;1,0,40,11,40,9,36,9,36,8,38,8;0,1,25,39,26,39,26,38,24,38,24,39;-1,0,1,22,2,22,2,19,1,19;0,1,23,38,23,40,24,40,24,42;-1,0,0,28,0,33,4,33,4,32,1,32;0,1,10,39,10,40,8,40,8,42;0,-1,25,6,25,3,23,3,23,2;0,1,22,43,22,41,23,41,23,42;-1,0,28,45,23,45,23,44,20,44;0,-1,39,8,39,7,41,7,41,2;-1,0,8,43,9,43,9,44,7,44;0,1,11,43,11,45,13,45,13,43,16,43,16,44;1,0,36,44,36,43,37,43,37,45,33,45,33,44,35,44;0,1,42,24,42,19,41,19,41,22;1,0,41,45,38,45,38,44,41,44;-1,0,1,42,1,45,6,45,6,44,5,44;1,0,42,27,40,27,40,29,41,29;0,-1,37,5,39,5,39,4,36,4,36,3;-1,0,7,47,9,47,9,46,7,46;0,-1,39,0,44,0,44,5,42,5,42,1;0,1,41,26,41,25,44,25,44,28,42,28,42,30;1,0,42,39,42,43,40,43,40,41,41,41;0,1,44,40,44,44,42,44,42,45;0,1,12,46,17,46,17,44,18,44,18,46;1,0,43,34,43,37,41,37,41,33,43,33;-1,0,1,47,6,47,6,46,5,46
35,43|-1,0,8,29,7,29;0,1,10,37,10,38;0,1,9,36,9,37;0,1,8,36,8,37;0,1,11,37,11,38;-1,0,7,32,6,32;-1,0,6,13,5,13;0,1,17,36,17,37;0,1,12,36,12,37;-1,0,7,30,8,30,8,31,7,31;0,1,11,35,11,36;0,1,18,36,18,37;0,-1,12,5,16,5,16,6,18,6,18,5;0,1,5,33,5,36,7,36,7,37;-1,0,11,32,8,32,8,34,6,34;0,1,16,35,15,35,15,37;-1,0,12,31,12,29,11,29;0,1,18,35,19,35,19,36;0,1,14,37,14,35,13,35,13,37;0,1,20,35,20,36;0,1,21,35,21,37;0,-1,17,8,19,8,19,6;0,1,23,32,23,34,22,34,22,35;0,1,19,33,19,34;-1,0,10,33,9,33,9,35,7,35;0,-1,21,8,20,8,20,5;0,-1,15,8,15,9,16,9,16,7;0,1,14,34,10,34,10,36;0,1,17,33,17,35;0,1,6,26,7,26,7,28;0,1,22,33,20,33,20,34;0,1,19,32,16,32,16,34;-1,0,13,31,13,32,12,32;0,1,22,32,22,31,20,31,20,32;-1,0,14,30,14,33,11,33;0,1,10,26,8,26,8,27;0,-1,22,11,22,10,24,10,24,7;0,1,17,30,17,31;0,1,12,27,12,25,13,25,13,27;0,1,21,30,19,30,19,31;0,-1,11,7,14,7,14,6;0,1,19,27,19,28,17,28,17,29;0,1,20,25,18,25,18,27;0,-1,8,10,8,9,9,9,9,7;-1,0,14,24,11,24;0,1,15,28,15,32;0,1,14,27,16,27,16,31;0,-1,9,11,7,11,7,9;1,0,28,12,28,14,29,14,29,17,30,17;0,1,16,24,16,26;-1,0,25,29,25,30,22,30;0,1,23,25,23,24,22,24,22,27;0,1,11,23,15,23,15,26;0,1,17,23,17,24,21,24,21,25;0,1,14,21,14,22,18,22,18,23;0,-1,24,13,24,12,27,12,27,10;0,1,19,22,21,22,21,23,24,23,24,25;0,-1,20,9,20,10,21,10,21,9;0,1,16,17,16,19,15,19,15,20;0,-1,12,8,10,8,10,7;0,-1,10,9,13,9,13,8;0,1,24,21,23,21,23,22;1,0,26,16,28,16;0,-1,24,14,24,15,23,15,23,11;1,0,28,17,25,17,25,15,28,15;-1,0,6,12,9,12,9,13,7,13;0,-1,26,18,26,19,24,19,24,17;0,-1,11,10,14,10,14,8;-1,0,8,17,7,17,7,14,6,14;1,0,21,19,23,19,23,20,26,20;0,-1,18,10,18,12,17,12,17,11;0,-1,20,12,21,12,21,11,19,11,19,9;0,-1,8,15,9,15,9,14;0,-1,18,13,19,13,19,12;0,-1,13,13,15,13,15,10;0,-1,8,16,10,16,10,13;-1,0,12,16,11,16;0,-1,22,14,22,15,20,15,20,13;-1,0,11,18,11,19,10,19,10,18,9,18;0,1,23,18,23,16,20,16,20,19;-1,0,13,22,13,20,11,20,11,21,10,21;-1,0,13,19,13,18,12,18;1,0,18,15,18,16,19,16;0,-1,17,13,16,13,16,12;-1,0,11,15,13,15,13,17,11,17;-1,0,14,20,14,16,16,16,16,14,13,14;0,1,19,14,17,14,17,17,19,17,19,19;-1,0,16,41,16,38,14,38,14,39,11,39,11,41,6,41;-1,0,19,0,16,0,16,4,12,4,12,1,9,1;1,0,17,39,19,39,19,41,23,41,23,39,26,39;0,1,1,28,6,28,6,30,4,30,4,33,1,33,1,35;0,-1,4,13,4,18,1,18,1,16;1,0,26,0,26,2,22,2,22,4,18,4,18,1,23,1;1,0,22,5,27,5,27,0,29,0,29,2,31,2;0,1,29,20,33,20,33,16,35,16,35,12,33,12,33,14;-1,0,9,2,11,2,11,6,8,6,8,1,4,1;-1,0,27,37,27,33,30,33,30,37,33,37,33,42,31,42;-1,0,5,15,5,18,8,18,8,22,5,22,5,26,3,26;0,-1,8,8,4,8,4,11,0,11,0,8,1,8,1,4;-1,0,32,38,30,38,30,42,27,42;-1,0,12,41,12,40,13,40,13,42,8,42;-1,0,6,0,3,0,3,1,1,1;-1,0,2,35,2,34,4,34,4,36,1,36;-1,0,0,2,2,2,2,4,7,4,7,2,6,2;-1,0,10,43,7,43,7,42,6,42;0,1,0,34,0,37,4,37,4,38;1,0,35,2,35,0,30,0,30,1,31,1;1,0,19,26,20,26,20,28,23,28;1,0,24,28,27,28,27,26,30,26,30,21,32,21;1,0,34,1,34,3,31,3,31,6,27,6,27,7,31,7;0,1,0,40,0,38,2,38,2,42;0,1,3,42,3,39,4,39,4,42;1,0,33,7,34,7,34,5,32,5,32,8,34,8;1,0,34,19,34,17,35,17,35,22,31,22,31,25,32,25;1,0,35,30,34,30,34,32,30,32,30,28,32,28;1,0,35,25,35,23,34,23,34,24,32,24,32,23,33,23;1,0,29,12,30,12,30,14,32,14,32,10,34,10;0,-1,15,3,15,0,13,0,13,3,14,3,14,2;-1,0,0,29,0,25,4,25,4,22,2,22;1,0,31,31,31,29,34,29,34,27,31,27,31,26,34,26;0,1,21,43,24,43,24,40,25,40,25,41;-1,0,5,19,5,21,7,21,7,20,6,20;0,1,14,40,14,42,18,42,18,40,17,40,17,41;-1,0,0,23,3,23,3,24,2,24;-1,0,0,32,3,32,3,30,2,30;0,1,35,36,35,38,34,38,34,42;0,1,6,40,6,37,5,37,5,41;0,1,27,41,29,41,29,40,26,40,26,42
36,43|0,-1,19,6,19,5;0,1,5,33,5,34;0,1,5,31,5,32;0,1,6,33,6,34;-1,0,8,37,7,37;0,1,7,35,7,36;0,-1,17,8,17,7;0,-1,26,7,26,6;0,1,11,37,11,38;0,-1,24,7,24,6;-1,0,7,30,6,30;0,1,7,33,7,34;-1,0,9,38,8,38;0,1,6,31,6,32,8,32,8,36;0,-1,22,8,22,7;0,1,13,36,13,37;0,1,8,30,8,31;0,-1,18,7,20,7,20,6;0,-1,26,8,25,8,25,6;0,-1,25,9,27,9,27,7;0,1,22,33,21,33,21,36;0,-1,20,8,21,8,21,7;0,1,17,38,17,37,14,37,14,38;0,1,10,37,9,37,9,35,11,35,11,36;0,1,11,34,12,34,12,37;0,1,11,31,11,33,10,33,10,34;0,-1,15,6,15,9,16,9,16,6;0,-1,23,9,23,8;0,-1,29,10,31,10,31,9,28,9,28,8;1,0,31,11,31,12,30,12,30,13,31,13;0,1,22,28,22,30;0,1,18,34,20,34,20,35,17,35,17,36;-1,0,9,21,8,21;0,-1,22,9,19,9,19,8;-1,0,9,18,7,18;1,0,30,16,30,14,31,14;1,0,30,11,26,11,26,10,27,10;1,0,26,12,28,12;1,0,28,15,28,16,29,16;0,-1,13,10,13,12,11,12,11,11;0,1,8,29,9,29,9,33;0,-1,28,13,27,13,27,14,25,14,25,11;0,-1,31,18,31,17,27,17,27,15;-1,0,12,29,10,29;0,-1,10,12,10,15,11,15,11,14;1,0,15,35,16,35,16,33,18,33;0,-1,9,13,9,17,11,17,11,16;0,1,13,35,13,33,14,33,14,36;0,-1,18,9,17,9,17,10,14,10,14,8;0,1,20,28,19,28,19,29;-1,0,12,21,10,21,10,22,8,22;1,0,17,30,17,32,18,32;-1,0,12,16,12,18,10,18,10,20,8,20;0,1,10,32,10,30,13,30,13,31;1,0,22,12,22,11,24,11;0,-1,16,11,17,11,17,12,14,12,14,11;0,-1,11,19,14,19,14,17;-1,0,16,14,16,16,15,16;-1,0,18,12,18,13,16,13;0,-1,18,14,19,14,19,12;0,-1,21,12,21,10,24,10,24,8;0,1,13,29,14,29,14,32,15,32,15,34;-1,0,12,28,9,28,9,27,8,27;1,0,22,25,23,25,23,28,25,28;0,1,15,31,15,29,16,29,16,31;0,1,13,26,13,28,17,28,17,29;0,1,7,26,7,24,8,24,8,26;-1,0,9,24,10,24,10,23,7,23;1,0,20,20,22,20;0,-1,13,22,14,22,14,20;1,0,22,21,22,24,24,24;0,1,9,26,10,26,10,25,12,25,12,27;1,0,20,12,20,13,23,13;1,0,20,14,20,16,21,16,21,14,24,14;0,1,17,27,17,25,16,25,16,27;0,1,18,28,18,25,19,25,19,27;0,-1,16,19,15,19,15,18;1,0,17,14,17,16,19,16;1,0,19,20,19,18,21,18;1,0,17,20,18,20,18,17,21,17;0,1,22,27,22,26,21,26,21,29;-1,0,17,23,13,23,13,24,11,24;0,-1,18,21,16,21,16,20;0,-1,21,25,21,23;0,-1,18,22,15,22,15,20;-1,0,20,27,20,24,18,24;-1,0,20,23,20,21,19,21,19,23,18,23;-1,0,29,4,29,2,24,2,24,4,22,4;-1,0,13,43,16,43,16,38,15,38,15,42,11,42;-1,0,4,33,4,38,7,38,7,39,11,39,11,41,8,41;0,-1,16,0,16,5,12,5,12,1;1,0,19,2,19,0,23,0,23,3,20,3,20,5,22,5;0,-1,4,32,4,27,0,27,0,23,4,23,4,20;0,-1,36,21,34,21,34,17,32,17,32,12,35,12,35,7;-1,0,9,42,9,43,6,43,6,40,4,40;0,-1,6,21,6,19,4,19,4,17,6,17,6,12;-1,0,6,5,6,0,11,0,11,5,8,5;0,1,27,22,27,27,29,27,29,31,34,31,34,33;0,-1,28,3,28,7,32,7,32,11,34,11,34,9;1,0,29,1,27,1,27,0,30,0,30,1,35,1;1,0,20,40,18,40,18,38,22,38,22,34,24,34;0,1,36,39,36,35,33,35,33,32,32,32,32,34;0,1,34,36,31,36,31,32,30,32,30,36;0,1,18,31,22,31,22,32,25,32,25,37,30,37,30,39;-1,0,8,13,7,13,7,8,5,8,5,4,3,4;1,0,36,32,36,29,33,29,33,26,28,26,28,22,33,22;0,1,32,43,27,43,27,39,23,39,23,35,24,35,24,38;0,1,0,39,0,37,1,37,1,42;0,1,26,40,26,42,22,42,22,39,21,39,21,40;0,-1,0,20,0,15,3,15,3,10,1,10,1,7;1,0,30,2,32,2,32,5,34,5;1,0,36,0,36,2,33,2,33,3,35,3;-1,0,1,30,1,28,3,28,3,31,1,31;0,-1,17,3,19,3,19,4,18,4,18,6,17,6,17,5;-1,0,0,4,0,0,5,0,5,2,4,2;1,0,31,5,31,3,30,3,30,6,35,6;1,0,36,43,33,43,33,42,28,42,28,41,31,41;1,0,36,25,36,22,34,22,34,23,31,23,31,24,34,24;1,0,35,40,35,39,33,39,33,41,35,41;0,-1,18,0,17,0,17,2,18,2,18,1;-1,0,4,11,4,16,1,16,1,17,3,17,3,22,2,22;0,1,0,28,0,32,3,32,3,34;0,1,5,41,5,43,2,43,2,40,3,40,3,42;-1,0,1,20,1,19,2,19,2,21,1,21;0,-1,15,0,15,3,14,3,14,1;-1,0,6,11,6,9,4,9,4,5,3,5;0,-1,15,4,13,4,13,2;-1,0,0,8,0,11,2,11,2,14,1,14;-1,0,0,36,2,36,2,37,3,37,3,35,1,35
37,42|-1,0,6,23,5,23;1,0,28,27,29,27;0,1,17,33,17,34;0,1,18,33,18,34;1,0,28,13,29,13;-1,0,7,17,6,17;0,1,13,33,13,34;1,0,26,27,27,27;1,0,28,11,29,11,29,12,30,12;0,1,8,31,8,30,9,30,9,31;0,-1,8,9,10,9,10,8;0,1,15,35,15,33,14,33,14,34;0,1,13,32,13,31,14,31,14,32;0,1,16,31,16,34;0,1,24,33,24,32,22,32,22,34;0,1,8,28,7,28,7,32;1,0,28,14,28,15,29,15;1,0,27,28,27,29,29,29;-1,0,8,22,7,22,7,24,6,24;1,0,27,11,27,10,29,10;-1,0,8,21,7,21,7,19,6,19;1,0,27,6,27,8,28,8;-1,0,5,9,7,9,7,13,6,13;0,1,18,32,19,32,19,33;0,1,18,31,18,30,17,30,17,32;-1,0,13,9,13,8,11,8;1,0,25,28,25,26,26,26;-1,0,14,30,12,30,12,33,11,33;-1,0,9,24,8,24;0,1,14,29,14,28,15,28,15,32;0,1,20,33,21,33,21,30,19,30,19,31;0,-1,9,13,9,11,8,11,8,10;1,0,27,15,27,16,30,16;0,-1,6,14,6,15,8,15,8,13;1,0,25,25,25,24,27,24;0,1,23,29,23,31,25,31,25,33;1,0,28,9,26,9,26,13,27,13;0,1,26,22,26,23,24,23,24,24;-1,0,14,8,14,7,13,7,13,5,12,5;0,1,16,28,16,30;1,0,23,5,22,5,22,6,25,6;0,1,21,29,22,29,22,31;0,-1,13,12,12,12,12,11;1,0,24,16,24,17,28,17;0,1,28,20,28,19,26,19,26,21;1,0,26,15,25,15,25,14,27,14;-1,0,10,10,10,14,9,14,9,16,7,16;0,1,8,27,9,27,9,25,6,25,6,29;0,1,13,26,13,29;0,1,5,18,8,18,8,20,9,20,9,23;1,0,22,28,23,28;0,1,22,27,21,27,21,28;0,1,19,26,19,27,20,27,20,29;1,0,22,9,24,9,24,7,26,7;-1,0,10,16,10,17,8,17;0,-1,15,9,15,7;-1,0,11,19,11,18,9,18;0,-1,24,11,24,10,20,10,20,9;0,-1,22,11,22,12,21,12,21,11;-1,0,12,18,12,20,10,20;0,1,15,26,15,27,17,27,17,29;0,-1,19,9,16,9,16,6;0,-1,18,10,14,10,14,9;0,-1,25,11,25,13,23,13,23,12;1,0,23,22,25,22;0,1,16,22,16,23;0,-1,14,14,14,13,11,13,11,12;0,1,12,28,10,28,10,26,11,26,11,27;0,-1,21,14,22,14,22,13;0,1,14,22,14,25,12,25,12,27;0,1,15,24,15,21,12,21,12,23;0,-1,11,17,12,17,12,14;1,0,24,15,23,15,23,14,24,14;1,0,25,21,25,18,26,18;1,0,18,27,18,25,20,25,20,26,21,26;1,0,19,12,19,13,20,13;1,0,18,14,19,14,19,15,22,15;1,0,17,11,16,11,16,13,18,13;1,0,17,26,17,24,19,24;-1,0,13,19,15,19,15,20,14,20;0,-1,24,21,24,20,23,20,23,16;0,-1,16,15,16,14;0,-1,15,13,15,16,13,16,13,14;1,0,18,23,21,23;0,-1,22,20,22,17;1,0,20,19,20,22,22,22;-1,0,17,16,16,16;0,1,17,17,15,17,15,18,16,18,16,21;1,0,34,7,34,12,35,12,35,17,31,17,31,12,33,12;0,1,16,36,21,36,21,34,19,34,19,35;-1,0,20,5,16,5,16,2,11,2;1,0,6,36,6,33,10,33,10,36,14,36,14,39,17,39;0,1,26,25,28,25,28,23,30,23,30,27;1,0,24,40,19,40,19,37,21,37,21,38,25,38;-1,0,12,6,12,7,11,7,11,6,7,6,7,2,5,2;0,-1,3,17,4,17,4,20,0,20,0,17,2,17,2,12;0,1,5,24,0,24,0,21,2,21,2,22;1,0,22,35,26,35,26,38,29,38,29,34,34,34;-1,0,6,12,6,10,5,10,5,11,2,11;-1,0,13,38,8,38,8,40,5,40,5,39,2,39;0,-1,1,8,1,11,0,11,0,16,1,16,1,12;-1,0,0,0,3,0,3,1,1,1;1,0,32,33,32,32,34,32,34,28,30,28,30,29,33,29;1,0,35,29,35,24,31,24,31,27,33,27;0,-1,9,4,9,3,8,3,8,5,10,5,10,2;-1,0,3,2,3,3,6,3,6,6,3,6,3,4,1,4;1,0,30,20,30,17,29,17,29,21,32,21,32,18,34,18;0,1,35,31,35,36,33,36,33,38;1,0,23,0,20,0,20,1,25,1;0,-1,29,8,33,8,33,6,28,6,28,1;0,1,5,35,5,30,0,30,0,25,1,25,1,26;-1,0,2,32,2,35,0,35,0,31,4,31,4,35,3,35;1,0,25,0,30,0,30,1,32,1;1,0,27,23,27,22,31,22,31,23,33,23;1,0,32,2,32,3,30,3,30,5,32,5;0,-1,35,9,35,5,33,5,33,2;-1,0,9,37,9,34,7,34,7,38,5,38;-1,0,1,40,1,38,4,38,4,36,1,36;0,1,34,40,30,40,30,38,32,38,32,35,30,35,30,37;0,-1,9,0,9,2,8,2,8,1;1,0,34,23,35,23,35,21,33,21,33,19,34,19;-1,0,9,8,6,8,6,7,3,7;0,-1,17,4,17,3,18,3,18,1;-1,0,0,1,0,3,2,3,2,2,1,2;0,-1,35,1,35,4,34,4,34,1;0,1,36,9,37,9,37,13,36,13,36,15;0,1,36,16,36,17,37,17,37,22,36,22,36,24;0,1,18,42,13,42,13,39,10,39,10,41;1,0,37,40,37,42,35,42,35,40,36,40;-1,0,0,10,0,7,2,7,2,5,1,5
38,43|-1,0,6,27,5,27;-1,0,6,26,5,26;1,0,32,14,33,14;-1,0,6,29,5,29;-1,0,7,25,6,25;1,0,31,16,32,16;1,0,31,15,32,15;-1,0,7,28,6,28;-1,0,7,30,6,30;-1,0,8,29,7,29;0,1,11,37,11,38;0,1,15,37,15,38;-1,0,8,31,7,31;1,0,31,13,32,13;-1,0,9,32,8,32;-1,0,8,36,7,36;-1,0,8,25,8,26,7,26;-1,0,8,28,8,27,7,27;1,0,30,16,30,17,31,17;1,0,28,16,28,15,30,15;0,-1,23,8,23,6;-1,0,8,33,8,35,7,35;0,-1,24,8,24,6;0,1,21,31,21,32;-1,0,9,26,9,24,8,24;0,-1,21,5,20,5,20,7,22,7,22,6;1,0,30,13,29,13,29,14,31,14;0,-1,28,8,28,7,25,7,25,6;0,-1,24,10,24,9;0,-1,25,11,25,9,27,9,27,8;0,-1,29,8,29,11,30,11,30,10;0,-1,23,10,22,10,22,8;-1,0,9,27,9,30,8,30;0,-1,25,14,25,12;0,-1,22,11,22,12,23,12,23,11;1,0,17,7,17,8,19,8;0,-1,18,10,18,9,16,9,16,7;0,1,21,29,21,30;0,-1,19,12,19,11,17,11,17,10;0,-1,18,12,16,12,16,10;1,0,31,10,31,12,27,12,27,11,28,11;0,-1,21,13,21,12;-1,0,6,37,8,37,8,38,7,38;0,-1,28,14,28,13,26,13,26,10;1,0,28,19,30,19;0,1,16,35,16,38;0,-1,26,17,25,17,25,15,27,15,27,14;1,0,27,19,27,20,30,20;0,-1,16,14,18,14,18,13;0,-1,22,15,22,13;1,0,24,23,24,25,25,25;-1,0,15,16,15,17,13,17;1,0,21,14,21,16,24,16;0,-1,15,21,12,21,12,20;-1,0,12,33,11,33;1,0,24,18,26,18;1,0,23,19,26,19;0,1,9,38,9,36,10,36,10,38;0,-1,20,19,20,18,22,18,22,17;0,-1,18,16,17,16,17,15;-1,0,12,37,12,36,11,36;0,-1,16,15,16,17,19,17,19,15;-1,0,9,35,12,35,12,34,10,34;-1,0,11,27,10,27,10,31,9,31;0,1,15,35,15,36,14,36,14,37;0,1,17,37,17,34,13,34,13,37;0,-1,18,22,18,20,19,20,19,18;1,0,24,20,24,21,26,21;1,0,17,32,17,33,14,33,14,31,16,31;0,-1,24,22,23,22,23,20;-1,0,13,31,13,28,11,28,11,32,10,32;0,1,9,23,10,23,10,26;1,0,22,30,22,26,24,26;0,1,18,25,18,27;-1,0,14,30,14,27,13,27;-1,0,11,20,11,21,10,21,10,19,9,19;0,-1,22,21,22,20;0,1,9,22,11,22,11,24;0,1,12,26,15,26,15,27;1,0,19,28,19,26,21,26;0,-1,12,24,12,22;-1,0,16,26,16,25,12,25;1,0,22,24,21,24,21,23,23,23;-1,0,16,24,13,24;-1,0,17,22,17,23,13,23;-1,0,21,19,21,21,19,21;-1,0,21,22,20,22,20,23,18,23;0,1,23,25,20,25,20,24,17,24,17,26;-1,0,0,30,0,25,5,25,5,22,8,22,8,18,5,18;1,0,8,39,8,43,13,43,13,40,18,40;0,1,38,8,38,10,36,10,36,14,34,14,34,19;0,1,35,18,35,23,30,23,30,28,33,28,33,30;-1,0,0,37,0,32,3,32,3,30,5,30,5,33,1,33;1,0,14,41,19,41,19,39,21,39,21,36,26,36;0,-1,32,7,29,7,29,5,24,5,24,4;0,-1,23,0,25,0,25,4,29,4,29,3;0,-1,19,5,15,5,15,8,13,8,13,13,10,13,10,9;0,1,7,32,7,34,6,34,6,36,3,36,3,39;0,1,31,35,33,35,33,37,35,37,35,39;-1,0,0,15,0,18,3,18,3,14,6,14,6,11,1,11;0,-1,12,4,10,4,10,7,6,7,6,10,3,10,3,6;-1,0,22,0,19,0,19,3,23,3,23,1,20,1;0,-1,15,1,15,4,18,4,18,3;0,-1,2,5,5,5,5,9,4,9,4,8;-1,0,18,0,14,0,14,2,12,2;1,0,35,43,35,40,31,40,31,36,28,36,28,32,32,32;1,0,28,28,25,28,25,33,22,33,22,31,23,31;0,1,38,31,34,31,34,36,36,36,36,38;0,-1,32,9,30,9,30,8,33,8,33,13,35,13,35,10;0,-1,5,1,0,1,0,5,1,5,1,2;1,0,33,5,33,2,29,2,29,0,34,0,34,1,37,1;0,1,0,38,0,41,4,41,4,37,5,37,5,39;-1,0,0,11,0,14,2,14,2,12,5,12,5,13,3,13;0,1,33,31,30,31,30,29,26,29,26,30,27,30,27,32;0,1,29,37,29,39,26,39,26,41;1,0,31,27,34,27,34,29,37,29;0,-1,7,8,11,8,11,5,13,5,13,3,11,3,11,1;1,0,38,22,38,26,34,26,34,25,36,25;1,0,37,25,37,23,36,23,36,20,37,20;0,-1,4,4,4,2,9,2,9,6,6,6,6,4;-1,0,5,40,5,41,6,41,6,39,7,39,7,42,4,42;-1,0,3,20,3,22,2,22,2,19,4,19,4,23,1,23;0,-1,26,0,26,3,27,3,27,1;0,1,36,43,37,43,37,41,38,41,38,39,36,39,36,42;0,1,31,41,34,41,34,43,30,43,30,40,28,40,28,41;1,0,37,32,37,35,35,35,35,32,36,32;1,0,38,15,35,15,35,16,36,16;1,0,38,30,38,27,37,27,37,28,35,28,35,27,36,27;0,1,22,39,22,37,23,37,23,40;0,1,27,37,28,37,28,38,26,38,26,37,24,37,24,40;1,0,30,6,30,3,32,3,32,6,36,6
43,48|0,-1,16,7,16,6;0,-1,8,8,8,7;1,0,33,30,34,30;1,0,33,29,34,29;-1,0,7,21,6,21;1,0,32,33,33,33;-1,0,7,20,6,20;1,0,33,24,34,24;1,0,33,23,34,23;-1,0,11,11,10,11;1,0,32,31,33,31;1,0,31,30,32,30;1,0,31,34,32,34;1,0,32,25,33,25;1,0,31,23,32,23;1,0,30,25,31,25,31,24,32,24;0,1,34,27,34,28;0,-1,13,8,13,7,14,7,14,6;0,-1,14,8,15,8,15,7;0,1,20,36,21,36,21,37,22,37,22,39;0,-1,12,9,9,9,9,8;0,-1,15,9,16,9,16,8;0,1,15,32,15,33,13,33,13,34;0,-1,15,10,17,10,17,8;0,-1,17,11,18,11,18,9;1,0,30,30,30,31,31,31;1,0,31,28,33,28,33,26,34,26;1,0,30,28,29,28,29,29,32,29;1,0,28,27,31,27;-1,0,14,9,13,9,13,10,10,10;-1,0,10,33,12,33,12,32,10,32;0,1,24,33,24,34,23,34,23,35;0,1,21,35,21,34,19,34,19,35;0,-1,16,12,14,12,14,10;1,0,31,33,31,32,32,32;-1,0,16,33,17,33,17,35,16,35;1,0,28,26,30,26;-1,0,22,7,21,7;0,-1,10,15,10,13,6,13,6,12;0,1,12,27,12,28,11,28,11,31;1,0,32,18,32,22,34,22;1,0,25,9,27,9,27,11,28,11;1,0,28,23,28,24,30,24;-1,0,17,32,16,32;0,-1,26,15,26,13;0,-1,10,18,10,17;0,1,10,25,10,28;1,0,23,23,24,23;0,-1,30,17,30,15,31,15,31,13;0,-1,5,19,6,19,6,18;0,1,30,32,30,34,26,34,26,37;0,-1,8,18,8,16,7,16,7,14;1,0,27,26,27,27,26,27,26,25,29,25;0,-1,30,19,30,18,31,18,31,16;0,1,18,31,18,34;1,0,25,33,28,33,28,31,29,31;0,-1,28,16,27,16,27,14;0,1,31,21,29,21,29,22;0,-1,29,15,29,18,28,18,28,17;0,-1,11,14,12,14,12,11;-1,0,22,6,22,5,21,5;0,-1,25,7,24,7,24,6;0,-1,9,20,9,17;0,-1,8,23,8,19,7,19,7,17;1,0,22,9,24,9,24,8,25,8;1,0,24,22,27,22,27,20,30,20;0,-1,21,12,21,8,23,8,23,5;-1,0,9,26,9,25,6,25;1,0,27,18,26,18,26,19,28,19;0,1,27,32,27,28,28,28,28,29;1,0,24,10,23,10,23,12,25,12;0,-1,18,12,17,12,17,13,13,13,13,11;0,-1,10,21,10,19,11,19,11,15;0,-1,18,13,22,13,22,11;1,0,24,20,26,20;0,1,19,30,19,32,21,32,21,33;1,0,25,19,25,17,27,17;1,0,26,32,24,32,24,28,26,28;0,-1,5,22,5,24,9,24,9,21;1,0,23,29,20,29,20,30,21,30;-1,0,16,31,16,30,14,30;1,0,21,27,25,27,25,24,26,24;0,1,12,25,12,26,11,26,11,27;1,0,22,22,22,20,23,20;0,1,10,22,10,23,12,23,12,24;-1,0,21,15,18,15,18,14,15,14;-1,0,23,15,22,15,22,14,20,14;0,-1,12,22,12,19;0,-1,15,22,15,23,13,23,13,20;0,-1,26,16,24,16,24,17,23,17,23,16;0,-1,24,18,22,18,22,16;0,-1,23,19,21,19,21,17;0,-1,18,19,20,19,20,17,18,17,18,16;0,1,18,30,18,28,17,28,17,31;0,-1,17,21,17,19;0,1,14,27,14,25,13,25,13,28;0,-1,19,21,18,21,18,20;-1,0,16,26,15,26,15,24,13,24;1,0,21,21,21,23,22,23;1,0,20,26,20,28,22,28;1,0,19,29,19,27,15,27,15,29,16,29;-1,0,17,26,19,26,19,23,17,23;-1,0,20,20,20,22,17,22;0,-1,13,6,13,4,18,4,18,8,19,8,19,4;0,-1,38,30,38,26,35,26,35,23;1,0,15,42,15,39,20,39,20,44,24,44,24,41,27,41;1,0,39,13,35,13,35,9,33,9,33,7,37,7;0,1,39,26,39,31,38,31,38,35;-1,0,4,2,8,2,8,5,6,5,6,10,2,10;-1,0,0,21,0,17,3,17,3,15,5,15,5,11,1,11;-1,0,4,33,4,30,6,30,6,35,8,35,8,40,5,40;1,0,20,2,20,4,21,4,21,0,24,0,24,3,26,3;0,1,38,39,38,40,39,40,39,38,37,38,37,41;0,-1,31,5,29,5,29,7,32,7,32,2;0,-1,34,3,34,0,31,0,31,2,26,2,26,1;-1,0,7,39,7,37,6,37,6,39,4,39,4,41,2,41;-1,0,3,19,3,18,1,18,1,20,4,20,4,24,3,24;1,0,38,25,36,25,36,21,33,21,33,20,35,20;-1,0,0,25,0,28,2,28,2,29,5,29,5,27,1,27;0,1,7,29,7,34,10,34,10,37,14,37,14,42;0,-1,38,12,38,7,39,7,39,5,35,5,35,3;0,-1,16,1,16,3,14,3,14,1;0,-1,39,0,39,2,35,2,35,1;0,1,35,35,35,30,36,30,36,35;-1,0,7,8,7,6,9,6,9,1,6,1;0,-1,14,0,10,0,10,4,12,4,12,1;0,-1,4,12,3,12,3,13,0,13,0,10,1,10,1,9;1,0,32,40,32,43,28,43,28,44,26,44,26,42,29,42;-1,0,0,4,0,6,5,6,5,3,1,3;1,0,34,42,38,42,38,44,33,44,33,43,36,43;1,0,33,14,34,14,34,12,32,12,32,17,34,17;-1,0,9,37,9,40,11,40,11,43,7,43;0,1,11,44,16,44,16,40,18,40,18,42;1,0,37,21,37,16,33,16,33,15,34,15;0,-1,5,0,0,0,0,2,3,2,3,1;-1,0,3,39,1,39,1,44,6,44,6,43,5,43;1,0,25,39,25,37,23,37,23,40,27,40,27,37,29,37;-1,0,1,22,1,21,3,21,3,23,1,23;-1,0,0,43,0,38,5,38,5,37,3,37;1,0,27,35,30,35,30,37,32,37;1,0,39,15,35,15,35,14,38,14;1,0,34,32,34,35,31,35,31,36,34,36;-1,0,0,32,0,30,3,30,3,35,1,35;-1,0,6,36,2,36,2,37,1,37;-1,0,0,9,0,7,2,7,2,9,5,9,5,7,4,7;-1,0,0,16,0,14,2,14,2,16,1,16;1,0,39,22,37,22,37,24,38,24;1,0,36,38,36,41,33,41,33,37,34,37;-1,0,1,31,2,31,2,34,1,34;0,-1,15,2,15,0,19,0,19,3,18,3,18,2;1,0,39,4,39,3,36,3,36,4,37,4;0,1,39,37,37,37,37,36,39,36,39,34,40,34,40,38;1,0,34,46,29,46,29,44,30,44,30,45,34,45;0,-1,41,34,41,30,40,30,40,28;1,0,40,18,40,16,38,16,38,18,39,18;0,1,41,43,41,39,40,39,40,41;-1,0,22,45,22,46,17,46,17,45,15,45;1,0,39,24,41,24,41,21,38,21,38,19,40,19;0,-1,41,2,41,7,40,7,40,2;-1,0,6,28,6,26,2,26,2,24,1,24;-1,0,7,46,12,46,12,45,9,45;-1,0,10,44,7,44,7,45,5,45;0,1,41,44,41,46,39,46,39,43,40,43,40,45;1,0,41,11,41,8,39,8,39,10,40,10;-1,0,2,46,4,46,4,45,1,45;0,1,43,40,43,42,42,42,42,45;0,-1,39,25,40,25,40,27,42,27,42,25;1,0,43,15,40,15,40,12,42,12;1,0,15,46,15,48,19,48,19,47,23,47;1,0,43,16,41,16,41,17,42,17;0,-1,41,14,43,14,43,11,42,11,42,10;1,0,33,47,33,48,35,48,35,45,37,45,37,47,39,47;0,1,25,48,28,48,28,45,25,45,25,47
38,42|0,1,13,33,13,34;-1,0,7,19,6,19;-1,0,6,20,5,20;0,1,12,33,12,34;-1,0,7,25,6,25;-1,0,6,21,5,21;-1,0,7,22,6,22;0,1,13,31,13,32;1,0,31,11,32,11;-1,0,9,18,8,18;1,0,31,10,32,10;0,1,13,29,13,30;1,0,29,11,30,11;-1,0,8,24,7,24;0,1,11,33,11,34;-1,0,9,17,8,17;-1,0,9,25,8,25;0,1,11,31,11,32;-1,0,7,21,8,21,8,20,7,20;1,0,25,29,25,28,26,28,26,30,27,30;1,0,31,27,33,27;0,1,33,23,33,26,29,26,29,27;0,1,14,35,17,35,17,36;0,1,7,28,8,28,8,30;0,1,13,28,11,28,11,30,12,30,12,32;-1,0,19,35,19,37,18,37,18,34,15,34;0,1,12,27,10,27,10,29;0,1,7,27,9,27,9,31;1,0,23,28,24,28;-1,0,19,29,18,29,18,30,16,30;1,0,27,25,30,25,30,24,31,24;0,1,24,32,24,33,20,33,20,35;1,0,23,29,22,29,22,31,25,31;-1,0,15,27,15,28,14,28;0,1,18,26,18,28;-1,0,9,24,10,24,10,26,7,26;0,-1,13,9,13,7,15,7,15,6;1,0,21,29,21,28,22,28;0,1,27,23,27,24,25,24,25,27;0,-1,27,12,27,10,30,10,30,9;0,1,13,26,13,25,15,25,15,26;0,1,21,30,21,32,19,32,19,34;0,-1,21,6,20,6,20,5;0,-1,14,8,14,12,13,12,13,10;1,0,25,15,26,15;0,1,19,26,19,28,20,28,20,31;1,0,29,21,32,21;0,1,14,24,16,24,16,28;1,0,28,11,28,14,29,14;0,-1,25,11,25,8,23,8,23,6;-1,0,11,13,11,11,9,11,9,15,8,15;1,0,26,10,26,13,27,13;-1,0,16,9,16,6,19,6,19,5,17,5;0,-1,17,8,20,8,20,7,22,7,22,5;0,1,8,22,8,23,11,23,11,24;-1,0,9,22,9,19,8,19;0,1,19,24,19,25,17,25,17,27;0,1,32,17,32,18,31,18,31,20;0,1,22,27,20,27,20,25,23,25,23,27;-1,0,21,24,20,24;0,-1,12,15,12,14;-1,0,14,23,12,23;0,1,27,22,29,22,29,24;1,0,17,9,19,9;-1,0,10,21,10,22,11,22,11,20,10,20;0,1,13,20,13,21,12,21,12,22;0,1,20,21,18,21,18,23;1,0,24,16,28,16;-1,0,10,14,11,14,11,16,8,16;-1,0,13,13,13,16,12,16;0,-1,14,16,14,15,15,15,15,12;0,-1,21,12,24,12,24,10;0,1,30,18,30,20;0,1,30,17,29,17,29,20;-1,0,19,14,19,13,17,13;0,1,11,19,10,19,10,17,13,17,13,19;0,1,19,19,18,19,18,20,22,20,22,21;0,1,16,22,15,22,15,21,14,21,14,22;1,0,23,13,24,13,24,14,27,14;1,0,28,17,28,19,25,19,25,20,27,20;0,-1,21,18,21,15,23,15,23,14;0,1,14,18,14,20;0,1,17,17,17,16,15,16,15,20;0,-1,20,11,19,11,19,10;1,0,22,18,26,18;0,-1,20,15,20,12,18,12,18,10;-1,0,16,15,19,15,19,18,18,18;0,-1,23,19,20,19,20,16;-1,0,10,40,10,42,15,42,15,41,13,41;0,-1,29,15,29,16,32,16,32,14,35,14,35,9;0,1,7,18,6,18,6,16,2,16,2,20;-1,0,4,21,3,21,3,24,5,24,5,27,3,27;-1,0,20,1,16,1,16,5,12,5;-1,0,9,37,9,41,6,41,6,38,1,38;0,1,31,33,31,31,28,31,28,36;1,0,20,42,16,42,16,41,18,41;0,-1,1,15,4,15,4,13,8,13,8,8,10,8,10,3;1,0,21,5,21,1,24,1;0,1,25,40,29,40,29,37,32,37,32,41;1,0,32,8,32,6,27,6,27,4,25,4,25,1,27,1;0,-1,33,13,33,8,35,8,35,5;1,0,38,21,38,16,36,16,36,13,37,13;1,0,37,31,34,31,34,26,36,26;1,0,29,30,32,30,32,34,35,34;1,0,24,0,28,0,28,3,31,3;1,0,34,5,32,5,32,3,36,3;0,1,37,27,35,27,35,30,38,30,38,35,34,35,34,40;1,0,32,42,37,42,37,38,35,38,35,36,37,36;0,1,24,42,24,39,27,39,27,38,22,38,22,40;-1,0,0,35,0,33,4,33,4,35,9,35,9,32,4,32;-1,0,0,19,0,23,2,23,2,27,1,27;-1,0,9,0,14,0,14,1,11,1;-1,0,17,40,17,37,16,37,16,40,14,40,14,36,12,36;0,-1,10,1,8,1,8,4,3,4,3,2;0,1,23,35,23,37,26,37,26,34,21,34,21,37;-1,0,12,41,11,41,11,36,7,36;-1,0,3,13,0,13,0,9,2,9,2,4,1,4;1,0,38,15,38,10,36,10,36,6,37,6;-1,0,1,8,1,5,0,5,0,0,3,0,3,1,1,1;0,-1,4,1,4,3,7,3,7,2;1,0,30,22,33,22,33,21,34,21,34,23,36,23;0,1,18,40,18,38,21,38,21,40;-1,0,5,31,7,31,7,30,3,30;0,1,0,37,0,39,5,39,5,41;1,0,37,1,37,0,32,0,32,2,37,2;0,1,27,41,29,41,29,42,31,42,31,38,30,38,30,40;-1,0,6,26,6,29,4,29;1,0,38,24,34,24,34,25,36,25;-1,0,3,35,3,34,1,34,1,37,6,37,6,36,2,36;-1,0,0,42,0,40,2,40,2,42,4,42,4,41,3,41;-1,0,4,28,2,28,2,30,1,30;-1,0,4,31,3,31,3,32,1,32
37,46|0,1,11,35,11,36;0,1,12,35,12,36;-1,0,6,31,5,31;0,1,12,33,12,34;0,1,13,35,13,36;-1,0,6,30,5,30;0,1,14,35,14,36;0,1,11,32,11,33;0,1,5,34,5,35;0,1,15,35,15,36;0,1,16,34,16,35;0,-1,26,11,26,10;-1,0,8,30,7,30;0,1,12,31,12,32;0,1,19,39,19,37,21,37,21,38;0,-1,27,11,27,10;0,1,9,37,7,37,7,38;0,1,13,34,13,33,14,33,14,34;0,1,10,38,10,36,6,36,6,37;0,-1,26,13,26,12,28,12,28,11;0,1,17,32,17,35,18,35,18,37;0,1,19,32,19,34;0,1,8,35,9,35,9,32,6,32,6,35;0,-1,26,16,26,14,28,14,28,13;0,1,14,32,15,32,15,34;-1,0,5,28,5,29,9,29,9,31,7,31;0,-1,24,9,23,9,23,6;0,1,15,31,13,31,13,32;-1,0,23,35,22,35,22,34,20,34;0,1,23,33,25,33,25,35;0,1,25,32,22,32,22,33;0,-1,13,15,14,15,14,13;0,1,26,29,26,28,27,28,27,30;0,1,27,26,27,27;0,1,13,30,11,30,11,31;0,1,16,29,16,33;0,1,24,27,25,27,25,31;0,1,7,27,7,28,10,28,10,31;0,1,17,31,20,31,20,33;0,-1,29,15,30,15,30,13;0,-1,7,14,7,13,8,13,8,11;0,-1,27,15,27,17,28,17,28,15;0,1,22,30,21,30,21,33;1,0,30,20,28,20,28,19,30,19;0,-1,24,13,24,11;0,-1,16,9,16,8,20,8,20,5;-1,0,9,12,9,9,12,9,12,7,11,7;0,-1,22,8,22,9,21,9,21,7;0,-1,19,13,19,12,18,12,18,9;1,0,23,12,23,14,24,14;1,0,26,24,26,25,27,25,27,24,29,24;0,-1,9,14,10,14,10,10;0,1,20,29,20,30;0,-1,15,14,17,14,17,11;1,0,21,11,21,10,22,10;0,-1,21,13,22,13,22,12,20,12,20,9;0,1,24,26,23,26,23,28;1,0,18,13,18,14,22,14;0,1,19,28,19,29,17,29,17,30;0,-1,13,16,16,16,16,15;0,-1,29,16,29,17,30,17,30,16;0,1,24,25,22,25,22,26;0,-1,8,17,8,15,11,15,11,13;0,-1,10,16,12,16,12,15;-1,0,20,15,17,15;0,1,21,29,21,27,20,27,20,28;1,0,25,20,27,20,27,18,30,18;1,0,27,22,25,22,25,26,26,26;0,-1,17,19,17,18;0,1,25,21,24,21,24,23;0,1,14,26,12,26,12,29;-1,0,17,28,15,28;-1,0,15,26,15,25,11,25;0,1,19,27,18,27,18,28;0,-1,26,19,23,19,23,17;1,0,17,27,17,26,21,26;0,1,11,19,11,20,12,20,12,24;-1,0,15,23,13,23;0,1,17,25,16,25,16,27;-1,0,16,24,14,24;0,1,13,22,13,21,16,21,16,23;0,1,23,21,23,22;1,0,22,19,21,19,21,20,24,20;0,1,21,21,22,21,22,22,20,22,20,24;0,-1,18,19,18,16,21,16,21,15;0,-1,16,18,16,20,15,20,15,19;0,-1,19,23,19,20;-1,0,17,24,17,22,18,22,18,20,17,20;-1,0,14,37,14,39,10,39,10,41,5,41;-1,0,30,0,30,2,25,2,25,0,22,0,22,3,18,3;1,0,19,44,23,44,23,43,27,43;0,-1,30,23,35,23,35,18,34,18,34,15;1,0,16,39,15,39,15,37,17,37,17,42,20,42;0,1,3,29,3,25,0,25,0,30,4,30,4,32;-1,0,18,2,18,0,13,0,13,4,10,4,10,7,9,7;0,-1,10,8,8,8,8,6,3,6,3,2;0,1,23,42,23,41,28,41,28,43;0,1,5,43,0,43,0,38,2,38,2,41;1,0,34,9,34,12,32,12,32,14,34,14;1,0,20,38,20,40,23,40,23,38,27,38;1,0,24,39,24,40,28,40,28,38,31,38;0,1,32,29,35,29,35,24,31,24,31,25,34,25,34,28;1,0,33,38,33,35,30,35,30,37,28,37,28,32,33,32;0,1,19,43,15,43,15,40,11,40,11,42;0,-1,32,10,28,10,28,9,32,9,32,7;0,-1,26,3,30,3,30,4,35,4,35,8,34,8,34,6;1,0,34,41,34,44,29,44,29,41,30,41;-1,0,4,29,4,26,5,26,5,22,1,22;0,-1,32,1,35,1,35,3,31,3,31,1;-1,0,7,25,7,22,9,22,9,24,11,24,11,21,8,21;1,0,24,37,24,36,26,36,26,31,28,31,28,30,32,30;0,-1,7,17,7,21,6,21,6,17,2,17,2,15;0,-1,9,6,9,3,12,3,12,2;0,-1,7,16,3,16,3,13,0,13,0,8,2,8,2,4;-1,0,8,0,12,0,12,1,8,1;1,0,30,42,31,42,31,40,29,40,29,39,31,39;1,0,33,41,33,43,32,43,32,40,33,40;0,-1,7,3,8,3,8,5,6,5,6,1;1,0,32,36,31,36,31,37,32,37,32,39,34,39;0,-1,5,0,5,1,0,1,0,3,2,3,2,2;1,0,29,35,29,33,31,33;0,1,10,44,8,44,8,43,12,43,12,41,13,41,13,43;0,-1,19,0,21,0,21,2,19,2,19,1;-1,0,6,40,6,38,4,38,4,35,3,35;-1,0,3,38,3,36,1,36;-1,0,2,18,2,21,5,21,5,19,4,19;-1,0,4,25,4,23,2,23;1,0,30,34,32,34,32,33,34,33;-1,0,0,34,3,34,3,31,2,31;0,-1,35,31,35,33,37,33,37,29,36,29,36,25;0,1,13,46,13,44,18,44,18,45;-1,0,7,42,7,44,6,44,6,46,10,46,10,45,8,45;0,-1,35,15,36,15,36,19,37,19,37,24,36,24,36,22
38,44|0,1,14,38,14,39;-1,0,6,36,5,36;0,1,5,34,5,35;0,1,7,37,7,38;0,1,13,38,13,39;0,1,6,34,6,35;0,1,7,35,7,36;-1,0,6,30,5,30;-1,0,6,31,5,31;-1,0,6,32,5,32;0,1,10,36,10,37;0,1,15,36,15,37;0,1,11,36,11,37;1,0,30,16,31,16;0,1,9,36,9,37;0,-1,16,7,16,6;-1,0,8,29,7,29;-1,0,8,28,7,28;0,1,14,37,14,36,13,36,13,37;0,-1,19,6,19,7,18,7,18,5;-1,0,7,30,7,33,5,33;-1,0,8,31,8,34,7,34;0,-1,16,8,17,8,17,6;1,0,29,14,29,15,31,15,31,14,33,14;0,1,12,38,12,35,8,35,8,38;-1,0,13,31,11,31,11,33,9,33;1,0,27,18,29,18,29,20,30,20;-1,0,17,37,16,37,16,35,13,35;-1,0,13,15,13,14,11,14;1,0,27,17,30,17;0,-1,11,20,11,19;1,0,28,15,27,15,27,16,29,16;0,-1,21,7,20,7,20,6;0,-1,18,8,18,9,15,9,15,7;1,0,14,34,17,34;0,-1,14,12,16,12,16,10;0,-1,14,15,14,13,13,13,13,12;-1,0,9,25,11,25,11,24,10,24;-1,0,11,29,9,29,9,27,8,27;0,1,19,30,21,30,21,31;0,-1,10,18,10,20,9,20,9,18;-1,0,23,8,19,8;0,-1,23,10,23,9;0,-1,19,9,19,11,22,11,22,9;1,0,30,8,29,8,29,9,32,9;-1,0,9,21,9,23,7,23;-1,0,12,24,12,26,11,26;0,1,22,31,22,29,24,29,24,30;1,0,19,24,21,24;0,1,30,10,30,13;-1,0,12,28,12,30,8,30;-1,0,14,19,13,19;-1,0,14,20,12,20;1,0,29,12,28,12,28,13,29,13;-1,0,13,26,13,23,10,23;0,-1,18,14,18,12,17,12,17,11;-1,0,14,33,12,33,12,34,11,34;-1,0,10,21,12,21,12,22,10,22;-1,0,15,14,15,16,13,16;0,1,15,33,16,33,16,31,18,31,18,33;-1,0,15,25,14,25;0,1,12,32,14,32,14,29,13,29,13,30;-1,0,24,7,24,9,27,9,27,8,25,8;0,-1,20,12,23,12,23,11;0,-1,17,14,16,14,16,13;-1,0,14,23,15,23,15,22,13,22;0,-1,29,11,29,10,28,10,28,8;0,-1,25,11,25,13,24,13,24,10;-1,0,16,24,16,21,13,21;1,0,27,14,27,11,28,11;0,-1,26,15,26,12;-1,0,17,16,17,15,16,15;1,0,15,29,15,30,18,30,18,29,21,29;-1,0,16,18,13,18;0,-1,26,16,25,16,25,14;0,-1,24,16,24,14;0,1,21,25,20,25,20,28;-1,0,19,12,19,15,18,15;0,-1,25,20,24,20,24,17;0,1,19,27,19,25,18,25,18,26;-1,0,14,17,17,17,17,19,16,19;1,0,20,14,21,14,21,15,23,15;0,-1,23,16,20,16,20,15;1,0,13,27,13,28,15,28,15,26,17,26;-1,0,19,19,19,18,18,18,18,20,16,20;-1,0,21,18,20,18,20,17,18,17;1,0,23,20,23,18,22,18,22,17,23,17;0,-1,23,22,23,21,22,21,22,19;1,0,16,25,17,25,17,21,21,21;1,0,14,2,12,2,12,6,15,6,15,3,20,3;-1,0,5,25,7,25,7,27,4,27,4,32,3,32;1,0,1,43,1,39,5,39,5,43,10,43;-1,0,9,12,9,15,12,15,12,17,8,17;1,0,11,42,16,42,16,39,21,39,21,43,26,43;0,-1,32,18,30,18,30,19,33,19,33,15,37,15,37,11;0,-1,1,24,1,21,5,21,5,16,8,16,8,11;1,0,25,29,26,29,26,24,31,24,31,20,33,20;1,0,28,3,28,5,33,5,33,9,35,9;0,1,36,23,36,20,38,20,38,16,36,16,36,19;1,0,34,44,37,44,37,43,32,43,32,41,36,41;1,0,30,35,34,35,34,32,29,32,29,29,31,29;-1,0,12,13,12,8,7,8,7,12,6,12,6,9,2,9;-1,0,6,37,4,37,4,33,2,33;0,-1,31,4,33,4,33,1,38,1,38,5,36,5,36,2;1,0,32,31,32,29,35,29,35,34,37,34;-1,0,3,11,0,11,0,8,3,8,3,6,1,6;0,1,37,41,38,41,38,37,35,37,35,39,31,39,31,41;-1,0,0,17,2,17,2,15,7,15,7,13,5,13;1,0,32,23,34,23,34,19,35,19,35,24,37,24;1,0,38,36,38,33,36,33,36,32,37,32;0,-1,10,3,6,3,6,8,4,8,4,5;1,0,29,27,31,27,31,25,36,25,36,29,37,29;0,-1,3,0,3,3,5,3,5,1;-1,0,8,18,8,22,4,22,4,25,2,25;0,1,21,44,17,44,17,40,20,40,20,41;0,1,31,42,30,42,30,38,34,38,34,37,29,37,29,39;0,-1,18,4,21,4,21,6,24,6,24,4,27,4,27,2;-1,0,1,35,1,30,0,30,0,27,3,27,3,30,2,30;0,-1,26,3,25,3,25,0,22,0,22,2,19,2,19,1;1,0,34,6,34,2,35,2,35,6,37,6;0,-1,7,7,9,7,9,4,11,4,11,2;0,1,27,38,23,38,23,34,28,34,28,37;0,-1,13,1,13,0,10,0,10,2,8,2,8,1;-1,0,9,41,6,41,6,38,3,38,3,36,1,36;0,-1,18,2,18,0,15,0,15,2,16,2,16,1;1,0,38,6,38,7,34,7,34,8,37,8;-1,0,0,25,0,20,3,20,3,19,1,19;1,0,34,14,34,12,32,12,32,10,35,10;0,-1,29,4,30,4,30,2,28,2,28,1;0,1,0,44,2,44,2,40,4,40,4,43;0,-1,2,7,0,7,0,5,2,5,2,1;-1,0,1,9,1,10,4,10,4,13,1,13;0,1,29,40,29,41,28,41,28,43
38,43|-1,0,12,34,11,34;-1,0,12,35,11,35;-1,0,7,25,6,25;0,1,14,35,14,36;-1,0,6,28,5,28;-1,0,7,27,6,27;0,1,22,34,22,35;-1,0,8,28,7,28;0,1,10,30,10,31;-1,0,11,6,8,6;0,-1,7,8,7,10,8,10,8,7;-1,0,9,27,8,27;-1,0,9,13,7,13;1,0,31,7,30,7,30,9,31,9;0,1,15,35,16,35,16,36;-1,0,15,34,13,34,13,36,11,36;0,1,21,33,21,35;1,0,28,11,28,13,31,13;1,0,29,7,27,7,27,8,28,8;-1,0,5,26,8,26,8,24,6,24;0,1,28,29,29,29,29,30;1,0,24,32,24,34,25,34;-1,0,10,12,11,12,11,11,8,11;-1,0,10,10,12,10,12,7,11,7;1,0,29,27,29,28,30,28,30,27,33,27;-1,0,8,29,6,29;0,-1,9,16,9,15;1,0,32,24,32,26,33,26;-1,0,12,6,14,6,14,7,13,7;0,1,17,38,17,35,19,35,19,36;1,0,25,5,25,6,28,6;0,1,29,23,29,26,28,26,28,28;-1,0,6,31,9,31,9,32,8,32;0,1,16,33,16,34,20,34,20,36;-1,0,10,29,9,29,9,30,6,30;1,0,22,31,23,31,23,35,26,35;0,-1,12,11,14,11,14,9;1,0,20,31,21,31,21,32,22,32;-1,0,17,5,17,6,15,6;-1,0,13,24,11,24,11,26,10,26;1,0,24,6,24,7,26,7;0,-1,24,11,24,9;-1,0,12,26,12,27,10,27;0,1,16,31,19,31,19,33;1,0,30,26,31,26,31,23,32,23;1,0,25,8,25,11,27,11;0,-1,27,12,25,12,25,14,23,14,23,11;-1,0,18,8,16,8;1,0,18,9,21,9,21,10,22,10;0,-1,29,18,28,18,28,16;0,1,31,20,31,22,30,22,30,25;-1,0,15,10,16,10,16,12,12,12;1,0,20,30,24,30;-1,0,14,32,14,31,13,31;1,0,16,9,17,9,17,11,20,11;-1,0,5,23,8,23,8,22,6,22;0,-1,20,12,19,12,19,14,22,14,22,12;1,0,14,33,15,33,15,30,19,30;0,-1,13,13,13,15,11,15,11,14;-1,0,12,25,14,25,14,26,13,26;-1,0,5,14,7,14,7,16,6,16;0,-1,17,12,17,14,14,14,14,13;-1,0,6,20,8,20,8,21,6,21;-1,0,15,27,13,27,13,28,9,28;-1,0,13,29,11,29;0,1,21,26,21,28;-1,0,8,14,8,17,6,17;0,1,29,22,29,20,28,20,28,23;0,1,20,27,20,29;0,-1,22,19,22,17,24,17,24,15;0,-1,15,15,18,15,18,16,19,16,19,15;0,-1,22,21,22,20,23,20,23,19;0,-1,10,14,10,17,13,17,13,16;0,1,25,22,27,22,27,25;-1,0,17,24,14,24;1,0,26,21,27,21,27,19,28,19;1,0,24,20,26,20,26,18,27,18;0,-1,18,18,17,18,17,16;0,1,6,18,10,18,10,20;0,-1,11,18,11,19,13,19,13,18;1,0,22,23,24,23,24,21,25,21;-1,0,16,29,14,29,14,30,12,30;-1,0,16,28,19,28,19,29,17,29;0,1,12,20,14,20,14,23;0,1,15,23,18,23,18,26,19,26,19,27;1,0,20,26,20,25,22,25,22,26,23,26;0,1,14,18,14,19,17,19,17,22;0,-1,21,20,21,21,18,21,18,19;0,1,21,24,21,22,19,22,19,25;1,0,15,43,20,43,20,40,25,40,25,38,29,38;-1,0,7,34,7,32,4,32,4,28,3,28;0,1,5,27,3,27,3,22,5,22,5,20,2,20,2,22;0,1,11,33,12,33,12,32,10,32,10,35,6,35,6,40;0,-1,0,17,3,17,3,12,1,12,1,7;0,1,38,8,37,8,37,6,34,6,34,9,36,9,36,13;0,1,38,43,34,43,34,39,38,39,38,34,37,34,37,37;0,-1,0,8,0,5,2,5,2,7,5,7,5,4;0,1,2,25,2,28,0,28,0,33,5,33,5,34;1,0,33,24,35,24,35,29,37,29;-1,0,3,34,3,38,5,38,5,43,9,43,9,41,6,41;1,0,16,0,20,0,20,1,25,1;0,-1,35,17,35,22,33,22,33,18;0,-1,38,11,38,16,36,16,36,14,32,14,32,12;-1,0,29,3,29,5,33,5,33,0,38,0,38,2,37,2;-1,0,26,0,26,3,23,3,23,7,21,7,21,2,17,2;0,1,33,31,33,29,30,29,30,32;1,0,33,41,32,41,32,37,30,37,30,33,33,33;-1,0,14,5,11,5,11,3,6,3,6,1,4,1;0,-1,13,3,13,1,16,1,16,4,12,4,12,3;0,1,14,37,11,37,11,39,8,39,8,36,10,36,10,37;1,0,38,31,38,26,36,26,36,22,37,22;-1,0,1,27,0,27,0,24,2,24,2,23,1,23;0,1,2,34,0,34,0,37,2,37,2,40,4,40,4,42;0,1,8,40,10,40,10,41,14,41,14,38,12,38,12,39;1,0,38,40,38,42,35,42,35,40,37,40;-1,0,5,0,3,0,3,1,2,1;0,-1,27,0,27,4,26,4,26,5,28,5,28,2;-1,0,2,4,2,2,5,2,5,3,3,3;0,-1,0,1,0,3,1,3,1,1;1,0,38,32,38,33,37,33,37,30,34,30,34,33,35,33;0,-1,32,2,32,0,30,0,30,4,31,4,31,1;0,1,25,41,25,43,21,43,21,41,23,41,23,42;0,1,29,43,26,43,26,40,30,40,30,42;1,0,37,25,37,23,38,23,38,21,36,21,36,19,37,19;0,-1,14,0,12,0,12,2,10,2,10,1;0,-1,7,0,7,2,8,2,8,1;0,1,4,43,0,43,0,41,2,41,2,42;1,0,37,1,34,1,34,5,36,5;-1,0,9,23,11,23,11,21,9,21,9,19,8,19;-1,0,7,19,5,19,5,18,3,18;1,0,38,7,38,4,35,4,35,3,37,3;1,0,37,20,38,20,38,17,36,17,36,18,37,18;-1,0,0,16,0,13,2,13,2,16,1,16;0,1,26,39,30,39,30,38,31,38,31,40
43,50|1,0,30,17,31,17;1,0,31,18,32,18;0,1,14,39,14,40;0,1,5,26,5,27;0,1,16,40,16,41;-1,0,7,36,6,36;0,1,13,39,13,40;-1,0,7,27,6,27;0,1,6,38,6,39;0,1,7,39,7,40;1,0,29,18,30,18;1,0,28,17,29,17;-1,0,8,28,7,28;0,1,7,37,7,38;0,1,8,39,8,40;0,1,8,37,8,38;0,1,9,39,9,40;0,1,9,37,9,38;-1,0,7,26,6,26;-1,0,9,27,8,27;1,0,29,22,30,22,30,19,31,19;1,0,33,14,33,16,34,16;1,0,32,14,32,13,33,13;1,0,33,11,32,11,32,9,34,9;-1,0,8,30,11,30,11,29,8,29;0,1,10,41,10,39,11,39,11,40;0,1,14,38,12,38,12,40;1,0,27,13,31,13;1,0,28,14,27,14,27,15,28,15;1,0,27,16,27,18,28,18;0,1,13,37,13,35,12,35,12,37;1,0,27,11,31,11,31,12,34,12;1,0,24,13,24,14,26,14;0,1,10,36,10,38;1,0,30,10,27,10,27,8,28,8;1,0,25,15,26,15;0,1,7,35,7,34,8,34,8,36;1,0,25,10,26,10,26,12,30,12;0,-1,21,7,21,6;-1,0,15,38,16,38,16,39,15,39;1,0,27,7,27,6,29,6;-1,0,7,32,9,32,9,33,6,33;1,0,25,5,25,6,26,6,26,5,28,5;0,1,11,37,11,35,9,35,9,36;1,0,26,18,24,18,24,16,26,16;1,0,25,21,26,21,26,19,27,19;-1,0,14,37,15,37,15,36,14,36;0,1,19,36,19,38,20,38,20,39;-1,0,14,8,17,8,17,9,15,9;0,-1,15,14,15,12,16,12,16,10;1,0,22,15,21,15,21,17,23,17;1,0,23,14,23,12,24,12;1,0,25,9,25,8,26,8;1,0,21,37,21,35,22,35;0,-1,26,7,23,7,23,5;0,1,20,36,20,34,19,34,19,35;0,-1,24,10,24,8,22,8,22,6;0,-1,17,7,17,6,20,6,20,5;0,1,16,36,16,37;-1,0,17,35,14,35;0,-1,14,14,14,12;-1,0,12,27,10,27,10,28,9,28;1,0,18,7,19,7,19,9,23,9;1,0,22,14,22,11,25,11;0,1,22,31,22,30,21,30,21,32;0,-1,16,13,18,13,18,9;0,-1,19,10,19,14,21,14,21,12;0,-1,16,15,18,15,18,14;1,0,18,17,19,17;-1,0,11,16,9,16;0,1,14,30,15,30,15,34;0,1,18,37,18,39;-1,0,8,31,10,31,10,34,9,34;1,0,23,18,23,20,25,20;0,1,17,34,18,34,18,36,17,36,17,39;-1,0,9,21,8,21;0,1,12,33,11,33,11,34;1,0,22,20,22,21,24,21;0,1,17,33,17,31,16,31,16,34;-1,0,14,21,11,21;1,0,24,25,24,23,25,23;0,1,23,30,23,28,20,28,20,30;-1,0,13,12,13,14,10,14;1,0,21,22,24,22;1,0,15,17,17,17,17,16,19,16;-1,0,15,29,13,29,13,32,11,32;-1,0,16,28,13,28,13,26,10,26;0,1,19,31,19,33;0,-1,5,25,7,25,7,23;1,0,20,18,20,21,21,21;1,0,16,16,13,16,13,15,15,15;-1,0,9,18,11,18,11,20,8,20;0,1,8,25,8,23,9,23,9,24;0,1,13,25,13,24,11,24,11,25;0,1,19,30,19,29,18,29,18,33;0,1,21,25,21,27,17,27,17,30;0,1,21,24,22,24,22,25;0,1,20,22,19,22,19,23,23,23,23,24;0,1,8,22,10,22,10,23,14,23,14,26;0,-1,13,18,13,17;0,1,15,26,15,24,17,24,17,26;1,0,17,23,15,23,15,21,19,21;-1,0,15,19,12,19,12,15,10,15;-1,0,19,19,19,18,17,18,17,20,13,20;-1,0,24,35,24,40,20,40,20,42,16,42,16,44,12,44;0,-1,0,22,4,22,4,19,8,19,8,14;1,0,35,13,35,8,32,8,32,5,37,5;-1,0,10,43,6,43,6,40,5,40;-1,0,5,45,5,41,2,41,2,36,4,36,4,32,1,32;1,0,6,46,10,46,10,45,13,45;0,1,39,19,39,16,38,16,38,21;1,0,20,0,16,0,16,1,20,1,20,4,24,4;0,-1,10,9,7,9,7,14,5,14,5,11;0,-1,36,10,39,10,39,6,38,6,38,2;0,1,36,37,38,37,38,42,34,42,34,45;0,1,32,19,32,24,37,24,37,26,32,26,32,28;-1,0,11,0,6,0,6,4,8,4,8,8,5,8;0,1,35,38,30,38,30,34,25,34,25,36,26,36,26,41;0,1,22,46,18,46,18,44,21,44,21,41,22,41,22,43;-1,0,3,2,3,0,5,0,5,3,4,3,4,8,1,8;1,0,34,13,34,15,36,15,36,11,38,11;0,-1,0,8,0,3,1,3,1,1;0,1,3,33,3,35,0,35,0,39,1,39,1,44;0,-1,39,3,39,1,37,1,37,4,35,4,35,3;-1,0,6,32,6,31,1,31,1,28,5,28,5,29,3,29;-1,0,5,22,5,20,6,20,6,23,3,23;-1,0,4,18,4,15,2,15,2,13,4,13,4,9,2,9;0,1,33,41,33,46,35,46,35,43,38,43,38,44;-1,0,0,42,0,46,4,46,4,45,2,45;0,-1,28,9,31,9,31,4;1,0,25,22,28,22,28,27,25,27,25,32,27,32;1,0,31,22,31,26,29,26,29,29,31,29,31,33,36,33;0,-1,8,11,13,11,13,8,12,8,12,4;1,0,33,17,37,17,37,15,38,15;0,1,29,46,26,46,26,45,24,45,24,42,29,42,29,45;0,1,32,46,30,46,30,45,32,45,32,42,30,42,30,44;0,-1,29,7,29,8,30,8,30,4,28,4,28,1;-1,0,2,23,0,23,0,24,4,24,4,25,1,25;1,0,33,34,33,37,31,37,31,34,32,34;0,-1,27,3,23,3,23,0,21,0,21,3,22,3,22,1;0,-1,38,0,36,0,36,2,35,2,35,1;1,0,34,32,32,32,32,29,33,29,33,31,37,31;-1,0,1,26,3,26,3,27,1,27;1,0,35,37,34,37,34,36,38,36;1,0,34,27,34,28,39,28,39,32,37,32,37,33,38,33;0,-1,30,2,30,1,29,1,29,3,31,3,31,1;0,-1,1,5,1,7,3,7,3,5,2,5,2,3;0,-1,19,3,19,5,16,5,16,7,14,7,14,6;1,0,39,11,39,12,37,12,37,14,38,14;0,-1,12,1,15,1,15,5,14,5,14,4;1,0,33,23,33,21,35,21,35,23,38,23;1,0,39,35,37,35,37,34,34,34,34,35,36,35;0,-1,30,0,27,0,27,2,25,2,25,1;0,-1,32,2,32,4,34,4,34,2;-1,0,0,16,3,16,3,17,1,17;-1,0,0,17,0,19,1,19,1,21,3,21,3,19,2,19;-1,0,0,33,2,33,2,34,1,34;0,1,25,39,25,41,23,41,23,44;1,0,37,21,37,18,36,18,36,22,38,22;-1,0,1,9,0,9,0,10,3,10,3,12,2,12;0,1,19,43,17,43,17,45;0,1,40,16,41,16,41,21,40,21,40,26;0,1,40,27,40,31,41,31,41,36,39,36,39,39;-1,0,23,47,26,47,26,48,22,48,22,47,20,47;0,1,15,48,15,47,16,47,16,45,14,45,14,47;1,0,41,10,41,5,39,5,39,4,40,4;1,0,36,44,36,46,39,46,39,43,40,43;0,1,41,46,41,44,40,44,40,47;1,0,40,11,41,11,41,13,39,13,39,14,40,14;-1,0,14,48,11,48,11,47,6,47;-1,0,5,46,5,47,2,47;0,-1,41,24,42,24,42,19,43,19,43,16,42,16,42,14;1,0,24,49,24,50,27,50,27,47,30,47,30,48,32,48;1,0,41,4,43,4,43,1,40,1,40,3,41,3;1,0,42,44,43,44,43,42,39,42,39,40,41,40;-1,0,11,50,13,50,13,49,8,49;1,0,28,48,28,50,31,50,31,49,36,49
41,40|0,-1,5,15,5,14;1,0,32,29,33,29;1,0,32,28,33,28;0,-1,7,11,7,10;0,-1,6,13,6,12;-1,0,10,8,9,8;-1,0,9,9,8,9;0,-1,6,15,6,14;0,-1,7,13,7,12;-1,0,7,16,6,16;-1,0,9,10,8,10;0,-1,7,15,7,14;0,-1,8,12,8,11;1,0,33,23,34,23;-1,0,7,18,6,18;0,1,18,32,18,33;0,1,13,24,12,24,12,27;1,0,34,24,33,24,33,25,34,25;0,1,15,33,15,31,17,31,17,33;0,1,18,29,18,31;-1,0,16,29,14,29;0,-1,10,10,10,11,11,11,11,10;0,-1,8,13,9,13,9,11;1,0,32,23,32,26,34,26;1,0,31,23,31,22,33,22;1,0,29,26,30,26,30,27,32,27;0,1,23,31,25,31,25,32;0,1,13,23,13,22,14,22,14,24;-1,0,10,12,10,14,8,14;0,1,10,22,11,22,11,26;-1,0,15,30,17,30,17,28,15,28;1,0,33,31,30,31,30,30,32,30;-1,0,15,27,17,27,17,26,16,26;1,0,28,24,28,27,29,27;0,1,19,32,22,32,22,29,21,29,21,31;0,1,18,25,18,28;1,0,29,31,29,29,31,29;1,0,28,29,28,28,31,28;-1,0,8,15,10,15,10,16,8,16;-1,0,17,25,16,25,16,24,15,24;0,-1,24,7,24,8,20,8,20,5;0,1,23,28,23,30;0,1,24,26,24,29;-1,0,14,10,13,10,13,12,11,12;-1,0,10,17,7,17;1,0,25,10,23,10,23,9,24,9;0,1,27,26,25,26,25,28,27,28,27,30;0,-1,34,21,31,21,31,17;0,-1,21,12,21,10;0,1,13,20,14,20,14,21;0,1,25,25,23,25,23,27;0,1,15,21,15,23;0,1,26,20,24,20,24,23,26,23,26,25;-1,0,19,26,22,26,22,28,20,28;0,-1,10,19,10,18,12,18,12,17;0,1,30,17,30,20;0,-1,9,18,9,21,11,21,11,19;1,0,27,22,27,19,29,19;1,0,26,18,29,18;0,-1,25,12,26,12,26,11;0,-1,14,8,14,9,18,9,18,5;1,0,22,25,21,25,21,24,23,24;-1,0,15,15,15,17,13,17;0,1,23,22,23,23;1,0,28,17,27,17,27,16,30,16;0,-1,14,13,14,11;0,1,12,21,12,19,15,19,15,20;0,-1,24,12,24,11,22,11,22,9;0,-1,17,10,19,10,19,7;1,0,26,19,23,19,23,18,24,18;0,1,16,21,16,23;0,-1,19,13,19,11,20,11,20,9;0,1,23,21,22,21,22,23;0,1,15,18,16,18,16,20;0,-1,16,13,17,13,17,12,16,12,16,10;1,0,25,15,25,13,27,13,27,15,29,15;0,-1,20,13,22,13,22,12;-1,0,15,11,15,14,17,14,17,16,16,16;0,-1,24,16,24,14,23,14,23,12;0,-1,21,14,18,14,18,13;0,-1,19,15,19,17,18,17,18,16;-1,0,17,19,17,17,16,17;-1,0,19,18,18,18,18,20,17,20;-1,0,17,24,20,24,20,23,17,23;0,-1,23,16,23,15,22,15,22,14;1,0,21,21,21,20,23,20;0,-1,21,17,22,17,22,16;1,0,17,22,19,22;1,0,20,15,20,18,22,18;1,0,17,21,20,21,20,19,22,19;0,-1,36,22,36,27,34,27,34,31,36,31,36,28;0,1,15,1,13,1,13,4,9,4,9,7,4,7,4,9;1,0,25,4,25,7,30,7,30,12,32,12,32,16,37,16;0,1,3,15,3,20,7,20,7,24,3,24,3,26;1,0,14,28,10,28,10,32,13,32,13,36,16,36;-1,0,39,29,39,33,37,33,37,37,34,37;0,1,16,37,18,37,18,34,22,34,22,36;1,0,14,2,14,3,16,3,16,1,19,1;1,0,19,5,19,3,24,3;0,-1,33,12,36,12,36,10,31,10,31,5,28,5,28,1;0,1,33,36,29,36,29,34,24,34,24,32,23,32,23,36;-1,0,0,35,0,38,4,38,4,36,9,36,9,32,8,32;0,-1,18,0,23,0,23,2,21,2,21,1;-1,0,8,33,8,34,6,34,6,30,3,30;0,-1,1,2,6,2,6,5,8,5,8,3,12,3,12,1;-1,0,15,0,11,0,11,1,9,1;1,0,39,22,37,22,37,17,32,17,32,18,35,18;0,-1,38,17,38,21,39,21,39,16,38,16,38,11;-1,0,2,17,1,17,1,13,5,13,5,12,1,12;1,0,26,2,24,2,24,0,29,0,29,4,32,4;1,0,32,1,35,1,35,5,32,5,32,6,35,6;-1,0,8,8,6,8,6,11,3,11;0,-1,39,3,37,3,37,6,39,6,39,10,38,10,38,7;-1,0,0,27,0,23,4,23,4,22,2,22;-1,0,10,2,8,2,8,1,7,1;-1,0,8,23,9,23,9,28,6,28;0,1,8,38,12,38,12,33,11,33,11,36;-1,0,5,8,5,10,3,10;1,0,39,0,36,0,36,2,37,2;-1,0,0,33,2,33,2,32,5,32,5,34,2,34;-1,0,2,11,2,10,0,10,0,5,5,5,5,3,3,3;0,1,28,35,26,35,26,38,24,38,24,35,25,35,25,37;0,1,19,38,19,35,21,35,21,37;0,1,32,37,32,38,27,38,27,36,28,36,28,37;-1,0,5,22,5,23,6,23,6,21,5,21;-1,0,0,4,0,1,1,1,1,0,6,0,6,1,5,1;-1,0,4,21,2,21,2,18,1,18;-1,0,1,25,1,27,4,27,4,26,5,26,5,28,1,28;-1,0,7,33,7,31,9,31,9,29,7,29;1,0,38,29,38,30,37,30,37,28,38,28;0,-1,34,2,34,3,30,3,30,2;1,0,39,23,37,23,37,25,38,25;1,0,39,25,39,27,37,27,37,26,38,26;0,1,35,38,39,38,39,34,38,34,38,35;0,1,20,40,23,40,23,37,22,37,22,38
39,42|-1,0,6,18,5,18;-1,0,7,19,6,19;-1,0,8,20,7,20;-1,0,8,18,7,18;-1,0,9,19,8,19;1,0,31,16,32,16;-1,0,6,25,5,25;-1,0,6,26,5,26;1,0,31,17,32,17;-1,0,10,18,9,18;-1,0,7,16,7,17,6,17;0,1,5,29,5,27,6,27,6,30;1,0,33,26,32,26,32,25,33,25;1,0,30,16,30,18,34,18;-1,0,13,35,11,35,11,36,10,36;-1,0,12,31,8,31,8,34,7,34;0,-1,28,12,28,11,29,11,29,9;-1,0,10,19,10,20,9,20;0,-1,26,10,24,10,24,7;1,0,31,26,31,27,33,27;1,0,30,9,31,9,31,11,32,11;1,0,31,13,31,15,32,15,32,14,33,14;0,-1,18,8,18,7,15,7,15,5;-1,0,9,16,8,16;1,0,28,13,30,13,30,12,32,12;0,1,7,29,7,28,8,28,8,29;0,-1,24,11,27,11,27,10;0,-1,17,9,19,9,19,8;1,0,27,13,25,13,25,12,26,12;0,-1,18,10,16,10,16,8;1,0,28,14,28,15,30,15;-1,0,9,15,9,14,11,14,11,12,10,12;0,-1,23,12,23,10;1,0,27,15,27,16,29,16;0,1,22,32,22,34,23,34,23,35;1,0,28,26,29,26;0,-1,29,18,29,19,28,19,28,17;-1,0,15,31,13,31;-1,0,11,18,11,21,8,21;-1,0,9,28,9,27,7,27;-1,0,14,33,14,32,11,32;-1,0,12,19,12,17,9,17;0,1,32,24,32,20,34,20,34,22;1,0,24,12,24,14,26,14;1,0,30,29,30,31,28,31,28,29,29,29;-1,0,13,17,13,16,12,16;-1,0,17,33,15,33,15,34,12,34;1,0,27,24,27,27,28,27;0,-1,20,10,20,12,22,12,22,10;0,-1,23,13,19,13,19,10;0,-1,25,15,23,15,23,14;0,1,7,26,10,26,10,27;0,-1,6,24,7,24,7,22;-1,0,8,22,8,25,7,25;-1,0,13,36,13,37,15,37,15,36,14,36;-1,0,12,15,12,11,10,11;-1,0,19,36,16,36;-1,0,18,33,18,35,14,35;0,1,9,23,9,25,11,25,11,29;1,0,21,31,23,31,23,33,25,33;0,1,12,24,12,26;0,-1,31,23,31,19;0,-1,20,16,20,14,18,14,18,11;0,-1,21,16,21,17,23,17,23,16;1,0,29,21,30,21;0,1,14,23,13,23,13,25;1,0,20,30,23,30;1,0,30,22,28,22,28,20,30,20;1,0,26,18,25,18,25,17,27,17;1,0,24,18,24,16,26,16;-1,0,21,35,19,35,19,32,15,32;0,-1,19,15,16,15,16,12;0,-1,15,16,15,14;0,-1,24,19,23,19,23,18;1,0,20,17,18,17,18,16,19,16;0,-1,13,13,13,15,14,15,14,13;1,0,16,31,19,31,19,29,21,29;0,1,27,21,27,22,26,22,26,26;-1,0,19,26,19,28,18,28,18,30,15,30;0,-1,23,21,24,21,24,20;0,1,23,24,25,24,25,25;0,-1,13,19,14,19,14,16;0,1,17,25,18,25,18,23,20,23,20,27;0,1,16,24,15,24,15,22,12,22,12,23;-1,0,15,21,13,21,13,20,12,20;1,0,17,17,16,17,16,16,17,16;-1,0,15,17,15,20,14,20;0,1,17,20,16,20,16,22;-1,0,21,18,18,18,18,19,16,19;0,1,21,19,19,19,19,22,21,22,21,24;0,1,0,18,0,16,1,16,1,21;0,-1,33,2,28,2,28,5,23,5,23,9,20,9,20,7;0,-1,39,16,39,11,38,11,38,9;0,-1,4,37,0,37,0,32,2,32,2,30;-1,0,22,6,20,6,20,2,17,2,17,4,12,4;0,-1,1,30,1,31,0,31,0,29,2,29,2,25;0,1,34,23,34,27,35,27,35,32,37,32,37,36;-1,0,15,9,15,12,13,12,13,10,8,10,8,14,5,14;0,-1,4,23,6,23,6,20,2,20,2,15,4,15,4,12;-1,0,12,6,8,6,8,4,5,4,5,6,2,6;1,0,23,40,23,42,26,42,26,41,29,41;0,1,35,13,33,13,33,12,36,12,36,16,38,16,38,18;0,-1,7,1,4,1,4,5,0,5,0,8,1,8,1,6;1,0,36,28,39,28,39,26,35,26,35,21,36,21;0,1,9,30,7,30,7,31,3,31,3,35,8,35,8,39;0,1,39,42,39,40,36,40,36,35,35,35,35,38;-1,0,0,3,0,0,3,0,3,2,1,2;-1,0,10,37,10,41,7,41,7,39,5,39,5,41,2,41;1,0,39,22,39,25,37,25,37,21,38,21;1,0,26,9,26,6,31,6,31,3,34,3,34,1,37,1;-1,0,0,20,0,22,3,22,3,24,1,24;1,0,34,17,33,17,33,16,35,16,35,20,37,20;0,1,10,42,15,42,15,39,20,39,20,41;-1,0,2,42,0,42,0,40,4,40,4,38,1,38;1,0,31,7,31,8,28,8,28,9,27,9,27,7,29,7;1,0,39,4,39,2,36,2,36,4,33,4,33,7,37,7;0,1,36,34,34,34,34,29,31,29,31,33;0,1,21,42,16,42,16,40,17,40,17,41;0,-1,27,0,27,4,26,4,26,2;0,-1,26,0,22,0,22,5,21,5,21,2;0,1,34,35,32,35,32,30,33,30,33,33;0,1,34,40,34,36,30,36,30,40;-1,0,2,7,7,7,7,12,5,12,5,9,2,9;0,1,18,37,18,38,22,38,22,40;0,-1,16,0,16,3,14,3,14,2;0,1,31,39,31,37,32,37,32,39;-1,0,3,12,0,12,0,14,3,14,3,13,2,13;1,0,35,10,33,10,33,8,35,8;1,0,38,7,38,5,34,5,34,6,36,6;0,-1,12,5,9,5,9,4;1,0,37,9,37,11,36,11,36,8,38,8;1,0,38,30,38,34,39,34,39,39,37,39,37,38,38,38;0,1,29,42,31,42,31,40,32,40,32,41;0,-1,10,0,13,0,13,3,12,3,12,1;-1,0,1,9,1,11,4,11,4,10,3,10;0,-1,10,4,11,4,11,3,9,3,9,2
37,41|0,1,12,35,12,36;0,1,6,33,6,34;0,1,7,33,7,34;0,1,8,34,8,35;0,1,8,32,8,33;0,1,9,34,9,35;-1,0,11,35,10,35;0,1,16,33,16,34;0,1,17,32,17,33;0,1,9,32,9,33;0,1,10,33,10,34;0,1,18,33,18,34;0,1,19,34,19,35;-1,0,12,34,11,34;-1,0,6,29,5,29;0,1,20,34,20,35;-1,0,6,28,5,28;-1,0,8,28,7,28;-1,0,8,29,7,29;0,1,11,32,11,33;1,0,29,16,30,16;1,0,27,10,28,10;1,0,27,19,28,19,28,18,30,18;0,1,13,33,13,35;0,1,19,32,19,33,21,33,21,35;0,1,16,29,16,30;0,1,9,31,6,31,6,32,5,32,5,33;1,0,26,12,26,11,30,11,30,12,32,12;1,0,26,18,26,17,30,17;-1,0,8,12,10,12,10,10,9,10;0,1,10,29,10,32;-1,0,10,28,9,28,9,30,6,30;1,0,25,13,25,14,26,14;1,0,24,17,25,17;0,1,22,35,22,33,23,33,23,35;-1,0,10,27,7,27;0,1,13,32,12,32,12,33;0,1,20,31,18,31,18,32;1,0,24,16,27,16;-1,0,10,13,7,13,7,16,6,16;0,1,20,30,17,30,17,31;1,0,24,13,24,11,25,11;-1,0,11,11,11,14,9,14;-1,0,12,12,12,15,11,15;0,1,17,27,16,27,16,28,17,28,17,29;-1,0,15,34,14,34,14,31,12,31;-1,0,10,26,12,26,12,25,11,25;-1,0,13,14,13,11,12,11;0,-1,23,9,25,9,25,7;1,0,22,9,22,10,26,10;0,1,20,29,20,28,18,28,18,29;1,0,19,10,21,10,21,11,23,11;-1,0,15,14,14,14,14,15,13,15;0,1,14,29,13,29,13,30;1,0,23,17,23,15,25,15;-1,0,15,6,15,9,14,9,14,10,13,10;0,1,17,25,18,25,18,27;1,0,19,6,19,5,18,5,18,7,20,7;-1,0,25,31,25,32,24,32;0,1,14,28,12,28,12,30;1,0,18,9,17,9,17,8,20,8;0,-1,26,23,26,19,25,19,25,18;1,0,21,13,21,12,23,12;0,1,12,24,13,24,13,27,11,27,11,29;0,-1,14,12,14,13,15,13,15,10;-1,0,15,25,15,26,14,26;0,1,21,28,22,28,22,29;1,0,26,26,26,27,27,27;-1,0,11,16,11,18,9,18;0,-1,16,8,16,11,18,11,18,10;0,-1,17,15,17,13,16,13,16,12;0,-1,25,25,27,25,27,22;-1,0,20,14,20,11,19,11;1,0,20,16,21,16,21,14,24,14;-1,0,13,22,13,21,12,21;1,0,21,21,20,21,20,19,21,19;-1,0,14,22,14,20,11,20,11,19,9,19;1,0,27,30,25,30,25,28,27,28;1,0,17,16,18,16,18,15,20,15;-1,0,15,21,15,23,12,23;-1,0,18,17,16,17,16,15,15,15;0,-1,21,18,20,18,20,17;0,1,18,24,16,24,16,26;0,1,20,27,20,25,19,25,19,26;-1,0,19,17,19,18,17,18;-1,0,16,22,19,22,19,19,18,19;0,1,25,26,25,27,24,27,24,29;0,-1,24,26,24,24,23,24,23,23;0,1,22,24,22,26,23,26,23,29;-1,0,21,26,21,24,20,24,20,23,16,23;0,1,33,7,33,12,37,12,37,15,34,15,34,18;-1,0,1,27,1,25,4,25,4,20,1,20;-1,0,17,37,17,41,14,41,14,39,9,39;-1,0,11,36,7,36,7,40,4,40;0,-1,1,11,1,15,4,15,4,12,7,12,7,10;1,0,20,41,20,36,23,36,23,41,26,41,26,39,28,39;0,1,2,30,0,30,0,28,3,28,3,32;0,1,29,26,29,22,33,22,33,27,31,27,31,30;-1,0,0,19,4,19,4,17,7,17,7,19,5,19;1,0,32,37,32,39,34,39,34,36,31,36,31,40,36,40;0,-1,24,3,24,6,29,6,29,10,30,10,30,8;0,1,7,35,2,35,2,40;0,1,16,40,15,40,15,36,19,36,19,37,18,37,18,40;1,0,27,5,27,0,31,0,31,3,34,3;-1,0,6,11,6,8,9,8,9,6,11,6,11,9,9,9;-1,0,2,4,5,4,5,9,3,9;-1,0,23,5,20,5,20,0,17,0,17,1,14,1;0,-1,14,3,15,3,15,5,13,5,13,1;0,-1,8,2,6,2,6,5,9,5,9,1;1,0,32,7,32,4,35,4,35,0,32,0,32,1,33,1;1,0,29,19,34,19,34,22,36,22;-1,0,2,13,2,11,4,11,4,10,2,10;1,0,33,28,33,32,29,32,29,37,24,37,24,35,27,35;1,0,30,35,33,35,33,33,30,33,30,34,31,34;1,0,36,30,34,30,34,33,35,33,35,36,36,36;1,0,36,7,34,7,34,11,35,11;0,-1,25,4,26,4,26,0,21,0,21,4,23,4,23,2;-1,0,0,15,0,18,3,18,3,17,2,17;-1,0,4,30,5,30,5,31,4,31,4,33,2,33;-1,0,0,20,0,21,3,21,3,22,1,22;1,0,36,1,36,6,33,6,33,5,35,5;1,0,37,19,37,16,35,16,35,17,36,17;1,0,37,30,37,25,34,25,34,27,35,27;0,-1,2,8,0,8,0,10,1,10,1,9;1,0,36,11,37,11,37,10,35,10,35,9,36,9;0,-1,3,3,5,3,5,0,0,0,0,3,2,3,2,1;-1,0,0,5,4,5,4,6,2,6;0,-1,11,10,12,10,12,7;0,1,18,35,14,35,14,38,12,38,12,37,8,37,8,40;0,1,26,38,29,38,29,40;0,-1,10,5,10,2,12,2,12,5,11,5,11,4;0,1,21,39,21,37,22,37,22,38;0,1,6,41,1,41,1,40,0,40,0,37,1,37,1,39;-1,0,0,32,2,32,2,31,1,31;1,0,36,23,34,23,34,24,35,24;-1,0,3,8,4,8,4,7,1,7;1,0,37,36,37,31,35,31,35,32,36,32
37,44|-1,0,7,29,6,29;0,1,12,38,12,39;-1,0,12,10,11,10;-1,0,12,11,11,11;-1,0,11,12,10,12;1,0,29,10,30,10;-1,0,6,32,5,32;-1,0,7,31,6,31;-1,0,11,13,10,13;-1,0,8,30,7,30;-1,0,10,14,9,14;0,1,12,36,12,37;-1,0,7,33,6,33;0,-1,16,7,16,6;1,0,28,12,29,12;0,1,18,35,18,36;-1,0,13,12,12,12;0,-1,8,15,10,15,10,16,11,16,11,14;0,1,18,33,18,34;0,-1,13,11,13,8;-1,0,13,14,13,15,12,15;0,-1,18,8,17,8,17,7;-1,0,9,18,9,16,8,16;-1,0,14,11,14,13,12,13;0,-1,8,19,10,19,10,18;-1,0,15,6,15,8,14,8;-1,0,8,28,8,27,7,27;0,-1,30,15,30,14,32,14,32,13;0,-1,11,21,11,18;0,1,15,35,15,36,14,36,14,37;-1,0,9,28,12,28,12,27,9,27;0,1,15,33,16,33,16,36,17,36,17,37;-1,0,8,31,8,32,7,32;-1,0,9,33,8,33;-1,0,9,37,9,34,7,34,7,37,6,37;1,0,20,37,20,35,22,35;0,1,14,33,14,35,13,35,13,38;1,0,29,11,27,11,27,10,28,10;1,0,26,12,27,12;0,1,11,34,10,34,10,37;0,1,9,30,9,32,10,32,10,33;1,0,26,11,26,9,29,9;0,-1,26,6,26,7,25,7,25,5;0,1,16,31,16,32,17,32,17,33;0,1,16,30,18,30,18,32;0,-1,25,10,25,8,27,8,27,6;-1,0,17,12,15,12;-1,0,17,13,15,13,15,14,14,14;0,1,20,30,20,33,19,33,19,36;0,-1,18,9,16,9,16,8;0,1,16,25,16,29;0,-1,20,7,20,8,21,8,21,7;0,-1,7,21,8,21,8,20;0,1,15,32,13,32,13,34;-1,0,24,7,22,7;0,1,15,30,15,31,12,31,12,35;0,1,21,31,21,30,23,30,23,31;-1,0,18,10,15,10,15,9,14,9;0,1,18,25,18,29,19,29,19,31;1,0,21,29,24,29,24,32,26,32;1,0,27,13,27,15,29,15;0,1,8,29,10,29,10,31,11,31,11,33;-1,0,19,10,19,11,15,11;0,1,24,28,20,28,20,26,19,26,19,28;1,0,26,14,26,16,30,16;1,0,11,30,11,29,13,29,13,28,15,28;1,0,22,8,24,8,24,11,25,11;0,-1,26,19,28,19,28,17,25,17,25,16;0,-1,16,17,16,16,17,16,17,15;0,-1,23,9,23,10,21,10,21,9;1,0,22,12,22,13,24,13;-1,0,20,10,20,12,18,12;-1,0,14,17,14,16,13,16;1,0,18,13,21,13,21,11,22,11;1,0,22,14,19,14,19,16,20,16;-1,0,9,21,9,22,7,22;0,-1,17,18,15,18,15,15;0,-1,12,19,12,21,13,21,13,19;0,1,9,24,10,24,10,26;0,-1,17,19,18,19,18,15;0,1,19,22,19,24;0,1,21,24,20,24,20,25;0,1,11,24,11,23,8,23,8,26;-1,0,16,19,14,19,14,22,10,22;-1,0,18,20,15,20;1,0,21,20,21,22,22,22;1,0,20,20,20,23,21,23;0,-1,15,23,15,21;1,0,15,27,14,27,14,24,17,24;1,0,19,18,19,21,16,21,16,23,18,23;-1,0,7,12,7,15,3,15,3,20,7,20,7,16,4,16;0,1,4,28,0,28,0,33,4,33,4,38,6,38,6,43;0,1,37,12,35,12,35,17,37,17,37,21,36,21,36,25;1,0,23,44,20,44,20,43,17,43,17,41,20,41;0,1,7,44,11,44,11,40,14,40,14,43;1,0,12,8,12,5,10,5,10,0,14,0,14,4,19,4;0,-1,34,11,34,13,33,13,33,8,28,8,28,3;1,0,37,28,34,28,34,32,31,32,31,36,34,36;0,-1,0,20,0,17,1,17,1,12;0,-1,6,10,6,14,4,14,4,11;0,-1,27,2,27,4,23,4,23,2;0,-1,5,11,5,7,2,7,2,4;1,0,28,2,29,2,29,7,31,7,31,4,35,4;0,1,34,33,32,33,32,34,35,34,35,32,36,32,36,37;0,-1,0,7,0,3,4,3,4,1;1,0,27,39,27,41,29,41,29,44,32,44,32,41,36,41;-1,0,3,6,3,4,5,4,5,0,3,0,3,1,1,1;0,-1,16,2,17,2,17,0,15,0,15,3,18,3,18,2;0,1,22,36,22,39,25,39,25,43;0,-1,24,5,24,6,21,6,21,3;-1,0,0,27,2,27,2,25,5,25,5,23,3,23;1,0,22,4,22,2,20,2,20,3,19,3,19,1,23,1;1,0,30,4,30,1,33,1;0,1,3,34,3,36,0,36,0,34,2,34,2,35;0,-1,32,2,32,3,36,3,36,1;-1,0,3,21,6,21,6,22,4,22;-1,0,0,21,0,24,2,24,2,21,1,21;0,1,0,40,0,44,1,44,1,40,5,40,5,43;1,0,37,2,37,6,34,6,34,9,35,9;0,-1,21,0,24,0,24,3,25,3,25,1;-1,0,2,16,2,12,3,12,3,8,1,8;0,-1,9,12,9,8,6,8,6,6;1,0,34,10,37,10,37,7,35,7,35,8,36,8;0,1,14,44,12,44,12,41,13,41,13,42;0,1,34,40,37,40,37,42,36,42,36,43;1,0,28,40,28,39,30,39,30,42,31,42,31,39,35,39;0,-1,8,6,10,6,10,7,7,7,7,4;0,1,18,37,19,37,19,39,16,39,16,41;1,0,31,31,31,28,27,28,27,33,23,33,23,38,24,38;1,0,31,27,28,27,28,26,33,26;0,1,29,29,29,34,26,34,26,36;0,-1,9,0,9,1,8,1,8,5,9,5,9,4;1,0,27,38,27,37,31,37,31,38,33,38;0,1,6,44,4,44,4,41,2,41,2,42;0,1,25,34,24,34,24,37,26,37,26,42,27,42,27,43;0,1,21,39,21,38,20,38,20,40,24,40,24,41;1,0,33,28,33,31,32,31,32,27,36,27;0,1,13,39,15,39,15,43
45,48|-1,0,7,24,6,24;-1,0,8,23,7,23;-1,0,6,28,5,28;0,1,23,35,23,36;-1,0,9,24,8,24;-1,0,7,29,6,29;-1,0,8,25,7,25;1,0,30,18,31,18;-1,0,8,30,7,30;0,1,24,35,24,36;1,0,28,18,29,18;-1,0,11,24,10,24;-1,0,7,15,6,15;-1,0,13,23,12,23;0,1,20,36,20,37;-1,0,8,33,8,31,6,31;-1,0,10,33,9,33;-1,0,13,35,9,35,9,34,8,34;0,1,13,34,14,34,14,35;0,1,8,29,9,29,9,32;1,0,33,28,31,28,31,27,34,27;1,0,27,9,28,9;1,0,28,7,28,6,29,6;-1,0,7,26,9,26,9,27,6,27;-1,0,10,26,10,28,7,28;0,1,32,29,32,31,30,31,30,32;0,-1,33,10,33,12,31,12,31,10;-1,0,16,37,16,35,15,35;1,0,27,6,27,8,29,8;1,0,32,13,32,16,33,16;-1,0,8,6,11,6,11,8,9,8;0,1,17,37,17,36,19,36,19,37;1,0,27,31,29,31,29,30,31,30;1,0,26,8,26,11,30,11;1,0,23,34,25,34,25,36,28,36;1,0,29,16,31,16;1,0,23,33,26,33;0,1,16,33,17,33,17,35;1,0,29,12,26,12,26,13,29,13;1,0,31,15,31,14,27,14,27,17,31,17;1,0,25,8,24,8,24,11,25,11;1,0,22,9,23,9,23,12,25,12;1,0,21,34,21,37,22,37;1,0,26,17,26,18,27,18;0,1,18,35,19,35,19,33,18,33,18,34;-1,0,8,15,8,14,7,14;0,1,26,31,26,29,28,29,28,30;0,1,21,33,21,32,20,32,20,35;0,-1,14,8,14,5;1,0,17,7,17,9,19,9;0,-1,19,12,18,12,18,10;0,-1,12,7,13,7,13,10,10,10,10,9;1,0,16,11,16,10,17,10;0,-1,21,13,21,14,22,14,22,12;1,0,28,25,31,25;0,1,27,28,30,28,30,29;-1,0,10,32,11,32,11,34,10,34;1,0,31,26,28,26,28,27,30,27;0,1,25,32,25,31,23,31,23,32;-1,0,9,25,12,25,12,28,11,28;1,0,16,6,15,6,15,9,16,9;0,-1,15,11,15,10,14,10,14,9;1,0,27,26,27,24,29,24;0,1,13,33,13,32,12,32,12,34;0,1,11,30,11,31;-1,0,13,22,15,22,15,23,14,23;1,0,26,28,26,27,27,27;1,0,22,33,22,30,24,30;0,-1,17,14,15,14,15,12,14,12,14,11;0,-1,25,15,24,15,24,14,23,14,23,13;0,1,22,29,21,29,21,31;0,-1,6,10,6,12,10,12,10,11;-1,0,13,31,12,31,12,29,10,29;-1,0,7,13,9,13,9,16,7,16;0,1,13,30,15,30,15,32,14,32,14,33;0,-1,23,17,23,15;1,0,20,29,20,28,24,28;0,1,14,29,13,29,13,27,14,27,14,28;0,1,20,27,19,27,19,28;1,0,25,27,23,27,23,26,26,26;0,1,13,25,14,25,14,26;1,0,23,25,26,25;1,0,22,21,25,21,25,19,26,19;1,0,22,24,25,24;0,1,17,29,16,29,16,31;0,1,18,30,18,28,15,28,15,29;0,-1,22,15,20,15,20,13;0,1,20,24,20,26,22,26,22,27;1,0,15,27,18,27;0,-1,14,13,12,13,12,11;0,1,11,18,9,18,9,20;-1,0,13,14,11,14,11,13,10,13;-1,0,13,15,13,16,10,16,10,17,7,17;-1,0,14,20,14,18,12,18;0,-1,22,17,22,19,24,19,24,17;-1,0,15,25,15,24,12,24;-1,0,16,20,15,20;1,0,18,14,18,17,19,17;0,-1,16,16,14,16,14,14;0,1,19,25,17,25,17,26;-1,0,18,23,16,23,16,26,15,26;0,1,17,20,17,22;0,-1,13,17,17,17,17,16;-1,0,18,22,18,18,16,18,16,19,15,19;1,0,24,23,21,23,21,25,22,25;1,0,19,18,19,20,20,20,20,22,22,22;1,0,23,41,25,41,25,37,30,37;0,-1,35,27,39,27,39,22,36,22,36,17;0,1,3,30,3,28,0,28,0,23,2,23,2,26;0,-1,3,23,3,18,1,18,1,13;1,0,30,0,30,3,33,3,33,8,36,8;0,1,24,38,22,38,22,42,19,42,19,38,21,38,21,41;0,1,34,40,34,35,36,35,36,30,33,30,33,33;0,-1,2,33,2,36,4,36,4,34;-1,0,7,3,8,3,8,1,6,1,6,4,1,4;-1,0,11,37,11,41,15,41,15,38,18,38,18,40,16,40;0,1,2,29,0,29,0,31,5,31,5,33,7,33,7,35;0,-1,36,12,39,12,39,7,37,7,37,4;0,1,9,40,9,36,5,36,5,40;0,1,33,38,31,38,31,42,28,42,28,38,26,38,26,41;1,0,31,24,31,19,34,19,34,16,36,16;-1,0,12,42,7,42,7,41,5,41;0,-1,21,0,21,2,16,2,16,4,14,4,14,1;0,-1,19,4,21,4,21,7,26,7,26,6;0,1,3,40,2,40,2,42,0,42,0,37,4,37,4,41;0,-1,8,8,7,8,7,4,8,4,8,5,10,5,10,2;1,0,37,19,37,15,33,15,33,13,36,13;0,-1,23,6,25,6,25,5,29,5,29,3;0,1,32,42,35,42,35,39,36,39,36,41;-1,0,2,9,2,5,5,5,5,10,1,10;0,-1,17,0,13,0,13,5,12,5,12,1;0,1,39,28,37,28,37,33,38,33,38,37;-1,0,0,3,2,3,2,0,5,0,5,3,3,3;0,-1,36,7,34,7,34,6,36,6,36,2;0,-1,23,4,23,3,22,3,22,5,24,5,24,2;0,-1,29,2,28,2,28,4,27,4,27,2;1,0,34,1,36,1,36,0,31,0,31,1,33,1;0,-1,37,3,37,0,39,0,39,4,38,4,38,1;0,1,39,34,39,38,38,38,38,39;-1,0,0,22,2,22,2,19,1,19;-1,0,6,13,6,14,5,14,5,11,2,11;1,0,36,42,37,42,37,40,38,40;0,-1,24,0,22,0,22,2,23,2,23,1;0,-1,25,4,25,3,26,3,26,1;-1,0,3,33,4,33,4,32,2,32;-1,0,2,17,2,16,4,16,4,12,3,12;1,0,39,14,37,14,37,13,38,13;-1,0,3,13,3,15,2,15,2,12,1,12;1,0,38,19,39,19,39,21,37,21,37,20,38,20;-1,0,41,44,38,44,38,41,41,41,41,43,40,43;0,-1,41,2,41,6,40,6,40,2;1,0,41,23,41,18,38,18,38,16,40,16;1,0,38,32,38,31,39,31,39,33,40,33;0,1,16,44,16,41,17,41,17,42;1,0,40,35,41,35,41,40,39,40,39,39,40,39;0,1,30,44,25,44,25,42,23,42,23,43;0,1,3,41,3,42,5,42,5,43;0,1,8,44,13,44,13,42,15,42,15,43;0,-1,1,0,0,0,0,2,1,2,1,1;1,0,41,33,41,29,38,29,38,30,40,30;-1,0,6,42,6,44,4,44,4,43,1,43;0,1,40,23,40,28,42,28,42,31;-1,0,13,46,8,46,8,45,6,45;1,0,34,46,34,45,33,45,33,43,35,43,35,45,38,45;0,-1,43,26,43,24,42,24,42,22;1,0,39,13,40,13,40,10,42,10;1,0,38,15,40,15,40,14,41,14;0,1,18,41,18,43,22,43,22,44;0,1,3,46,3,44,2,44,2,45;1,0,42,0,42,5,43,5,43,7,40,7,40,8,42,8;0,1,43,41,43,37,42,37,42,42;1,0,41,24,41,27,42,27;1,0,43,8,43,11,41,11,41,12,42,12;0,1,43,46,43,43,42,43,42,45;1,0,39,17,41,17,41,15,42,15;0,1,28,43,32,43,32,45;1,0,15,48,13,48,13,47,15,47;1,0,42,14,45,14,45,16,42,16,42,17,43,17;-1,0,7,46,6,46,6,48,2,48,2,46,1,46;0,-1,41,13,44,13,44,11
41,46|0,1,5,29,5,30;0,1,6,30,6,31;0,1,7,31,7,32;0,1,19,39,19,40;1,0,34,17,35,17;-1,0,12,40,11,40;0,-1,23,6,23,5;-1,0,12,35,11,35;0,-1,5,28,5,27;0,-1,23,8,23,7;0,-1,22,7,22,6;0,-1,36,15,36,14;1,0,34,16,35,16;0,1,6,28,6,29;1,0,34,15,35,15;-1,0,13,34,12,34;1,0,32,9,33,9;-1,0,9,31,8,31;0,-1,34,13,34,12;0,1,10,29,10,32,8,32,8,33;1,0,16,40,18,40;0,-1,21,6,21,9,22,9,22,8;0,1,6,27,6,26,7,26,7,30;-1,0,17,41,13,41,13,39,11,39;-1,0,14,34,14,33,13,33;0,-1,22,10,23,10,23,9;0,1,12,36,12,38,14,38,14,40;0,1,7,25,8,25,8,28;1,0,31,8,33,8;-1,0,11,31,13,31,13,30,11,30;0,-1,25,6,28,6,28,5;0,-1,33,18,33,14,35,14,35,10;-1,0,16,30,16,32,13,32;0,-1,25,11,24,11,24,8;1,0,30,6,30,7,32,7;0,-1,25,14,25,12,23,12,23,11;-1,0,11,29,11,28,9,28;-1,0,13,18,14,18,14,19,12,19;0,1,13,37,13,36,14,36,14,37;-1,0,17,11,15,11;-1,0,15,33,15,35,13,35;-1,0,18,33,16,33;0,-1,34,18,34,19,32,19,32,17;0,-1,14,10,17,10,17,8,19,8,19,6;0,-1,19,11,19,10,18,10,18,9;0,-1,22,13,22,11,20,11,20,10;0,-1,31,11,31,9,29,9,29,5;0,1,22,37,21,37,21,38,18,38,18,39;0,1,16,35,19,35,19,37;-1,0,19,32,17,32,17,29,16,29;-1,0,14,13,15,13,15,17,13,17;0,-1,29,14,29,12,30,12,30,10;-1,0,11,26,11,27,9,27;-1,0,18,31,20,31,20,34,18,34;0,-1,10,23,10,21,13,21,13,20;0,-1,17,15,17,12,18,12,18,11;1,0,22,36,22,35,24,35,24,34,25,34;0,1,23,32,21,32,21,35,20,35,20,37;0,-1,28,15,30,15,30,13;-1,0,23,31,21,31;0,1,19,27,17,27,17,25,18,25,18,26;-1,0,24,33,24,30,22,30;0,-1,25,15,26,15,26,13;1,0,22,15,23,15;0,-1,28,16,30,16,30,18,31,18,31,16;0,1,11,23,11,25,12,25,12,28;-1,0,14,25,14,24,12,24;1,0,27,18,28,18;0,-1,29,17,26,17,26,16;0,1,16,25,16,26,13,26,13,27;1,0,22,14,20,14,20,12,21,12;0,1,19,23,19,25;0,-1,14,21,15,21,15,19;0,-1,15,25,15,23,12,23,12,22;0,-1,16,15,16,17,18,17,18,15;-1,0,19,16,21,16,21,15,19,15;0,1,19,22,17,22,17,23,16,23,16,24;0,1,28,20,28,21,29,21,29,22;1,0,24,28,26,28,26,26,27,26;0,1,22,29,26,29,26,30;0,1,23,26,23,28;0,-1,25,16,22,16,22,18,20,18,20,17;0,-1,16,18,16,21,17,21,17,19;0,-1,25,17,24,17,24,20,23,20,23,19;0,1,29,19,27,19,27,21,25,21,25,23;0,1,22,25,22,27,21,27,21,29;0,-1,21,19,19,19,19,18;-1,0,21,23,22,23,22,24,20,24;-1,0,20,22,20,21,18,21;0,1,18,20,21,20,21,21;1,0,22,19,22,22,24,22;-1,0,2,30,2,34,5,34,5,36,10,36,10,39,9,39;1,0,38,16,38,11,36,11,36,6,31,6,31,1,35,1;1,0,25,30,25,33,27,33,27,37,32,37;0,1,10,40,10,43,8,43,8,39,5,39,5,44;-1,0,2,15,2,18,7,18,7,21,9,21,9,23,7,23;-1,0,34,0,30,0,30,3,26,3;0,-1,26,0,26,1,22,1,22,5,20,5,20,1;1,0,18,41,21,41,21,45,23,45;-1,0,23,0,19,0,19,2,16,2;-1,0,18,1,15,1,15,3,18,3,18,7,15,7;0,1,36,12,37,12,37,16,36,16,36,20;-1,0,11,3,11,8,13,8,13,13,9,13;0,1,35,32,32,32,32,34,36,34,36,38,32,38,32,42;0,1,38,17,38,20,41,20,41,22,39,22,39,27;0,1,1,12,1,15,0,15,0,20,1,20,1,24;0,1,13,46,17,46,17,42,19,42,19,45;-1,0,7,46,4,46,4,44,1,44;1,0,37,21,34,21,34,24,36,24,36,28,40,28;1,0,36,0,36,2,32,2,32,5,36,5;1,0,32,45,32,43,30,43,30,46,26,46,26,45,28,45;1,0,37,8,37,4,33,4,33,3,34,3;1,0,38,42,41,42,41,46,37,46,37,41,39,41;-1,0,5,38,9,38,9,37,5,37;0,-1,4,16,7,16,7,17,3,17,3,15,8,15,8,11;0,-1,9,4,8,4,8,2,10,2,10,6,7,6,7,2;0,-1,41,17,41,19,39,19,39,16,40,16,40,13;0,-1,38,10,38,6,40,6,40,2;-1,0,1,29,1,33,0,33,0,37,4,37,4,40,3,40;-1,0,12,9,7,9,7,11,6,11,6,6,5,6;0,-1,0,4,0,6,4,6,4,2;-1,0,15,6,17,6,17,5,14,5,14,1,12,1;0,1,26,36,23,36,23,39,20,39,20,40,24,40,24,44;1,0,29,32,26,32,26,31,29,31;0,1,41,39,41,41,40,41,40,39,36,39,36,41;1,0,28,22,28,27,30,27,30,29,32,29,32,31,37,31;0,-1,30,4,27,4,27,5,25,5,25,2,27,2,27,1;1,0,41,26,41,31,40,31,40,29,38,29,38,31,39,31;0,-1,28,0,28,2,29,2,29,1;-1,0,1,2,1,4,3,4,3,1,1,1;0,-1,39,3,39,5,38,5,38,2;-1,0,0,7,4,7,4,8,2,8;0,1,33,42,33,39,35,39,35,42;-1,0,0,9,0,11,2,11,2,13,5,13,5,11,3,11;0,1,16,45,16,42,12,42,12,44;-1,0,8,22,6,22,6,25,4,25;-1,0,6,21,6,19,5,19,5,20,3,20,3,25,1,25;0,-1,5,3,5,5,6,5,6,3;1,0,35,3,37,3,37,0,38,0,38,1,40,1
41,44|1,0,29,35,30,35;0,-1,5,11,5,10;0,-1,6,10,6,9;0,-1,6,12,6,11;0,1,35,28,35,29;-1,0,8,11,7,11;1,0,34,27,35,27;1,0,27,31,28,31;0,1,32,30,32,28,34,28,34,30;-1,0,8,21,7,21;1,0,36,25,34,25,34,26,35,26;0,1,19,39,19,36,18,36,18,37;0,1,20,33,20,35,22,35,22,36;0,1,30,24,30,27,31,27,31,29;0,1,24,35,24,36;0,1,26,33,29,33,29,34;0,1,24,34,23,34,23,36;0,1,22,34,22,33,25,33,25,35;0,1,29,32,26,32,26,30,25,30,25,32;0,1,19,32,21,32,21,34;0,-1,7,9,9,9,9,8;0,1,12,31,12,32,11,32,11,35;0,1,22,30,24,30,24,32;0,1,32,24,32,25;1,0,21,29,24,29,24,28,27,28;0,-1,15,8,15,6,17,6,17,5;0,-1,16,9,16,8,18,8,18,7;0,-1,7,10,9,10,9,13,7,13,7,12;0,1,13,33,15,33,15,36,17,36,17,37;0,1,34,22,35,22,35,24,33,24,33,27;0,1,22,24,22,26,23,26,23,28;0,1,11,28,10,28,10,30,11,30,11,31;1,0,18,29,19,29,19,31,20,31;0,1,10,27,12,27,12,30;0,-1,23,8,23,10,26,10,26,6;0,-1,21,8,20,8,20,6;0,1,16,33,16,34;0,1,24,24,24,25;0,1,16,32,17,32,17,33;0,1,18,33,18,30,15,30,15,32;0,-1,19,10,19,7;-1,0,10,12,12,12,12,13,11,13;0,1,16,29,14,29,14,27,13,27,13,29;0,1,16,28,16,27,17,27,17,29;0,1,7,24,9,24,9,27;0,1,17,26,17,25,15,25,15,28;0,-1,23,13,23,11,22,11,22,9;0,1,12,24,11,24,11,26;0,-1,14,12,15,12,15,11;0,-1,10,17,11,17,11,14;0,-1,23,14,24,14,24,11;-1,0,10,21,10,20,8,20;-1,0,10,18,9,18,9,14,8,14;0,1,21,24,21,28;0,1,6,24,6,22,10,22,10,25;0,1,33,20,33,22;-1,0,13,13,13,9,12,9;0,-1,18,9,18,11,20,11,20,9;0,-1,21,15,20,15,20,13;-1,0,11,22,11,19,9,19;-1,0,11,18,13,18,13,17,12,17;0,1,25,23,25,24,26,24,26,25;0,-1,12,15,13,15,13,14;0,-1,12,16,14,16,14,13;0,1,16,24,13,24,13,26;0,-1,19,13,19,12,16,12,16,10;0,-1,14,21,14,22,12,22,12,19;-1,0,16,23,14,23;-1,0,19,18,16,18,16,22,15,22;0,1,23,21,23,24;0,-1,31,15,30,15,30,12;1,0,29,10,29,14,26,14,26,17,27,17;0,1,18,23,20,23,20,26;0,1,22,21,22,22;0,-1,31,20,30,20,30,18;1,0,28,20,29,20,29,21,31,21;0,1,15,13,15,15;0,1,19,20,19,22,17,22,17,24;0,-1,18,13,18,14,17,14,17,13;0,-1,20,16,22,16,22,15;0,-1,25,16,25,12,27,12,27,9;0,1,29,24,29,23,31,23,31,24;1,0,24,15,24,17,25,17;0,1,20,20,20,21;0,1,32,23,32,22,28,22,28,23;0,-1,18,16,18,15,16,15,16,13;0,-1,22,18,22,17,19,17,19,15;0,1,25,22,24,22,24,23;0,-1,28,21,27,21,27,20;0,1,24,18,24,21,26,21,26,23;0,-1,21,22,21,20,23,20,23,16;1,0,21,40,21,38,26,38,26,36,30,36;1,0,16,5,16,4,21,4,21,2,24,2;0,1,36,39,32,39,32,36,34,36,34,31,39,31,39,33;0,-1,4,20,4,21,6,21,6,19,4,19,4,14;0,1,2,10,4,10,4,5,6,5,6,0,2,0,2,1;-1,0,18,40,14,40,14,44,9,44,9,42,6,42;1,0,24,3,24,5,29,5,29,9,31,9,31,13,36,13;-1,0,0,7,0,3,3,3,3,1,5,1,5,4,1,4;0,-1,30,40,32,40,32,41,37,41,37,43,40,43,40,39;1,0,37,10,40,10,40,14,35,14,35,16,38,16;1,0,36,20,36,24,37,24,37,28,40,28;0,-1,32,6,32,3,33,3,33,7,31,7,31,2;-1,0,5,43,5,38,9,38,9,35,7,35;-1,0,4,35,4,33,6,33,6,31,10,31,10,32,8,32;0,1,0,27,0,29,2,29,2,34;1,0,24,0,26,0,26,1,28,1;0,1,5,32,3,32,3,35,2,35,2,39;0,1,27,43,27,39,31,39,31,37,28,37,28,38;1,0,27,0,29,0,29,1,32,1;-1,0,5,18,8,18,8,16,5,16,5,12,2,12;0,-1,38,0,38,1,41,1,41,6,37,6,37,2;1,0,41,24,40,24,40,19,36,19,36,17,40,17;0,1,31,41,31,44,26,44,26,40,24,40,24,43;0,-1,9,1,9,6,13,6,13,2;0,-1,16,2,16,0,20,0,20,3,18,3,18,1;0,1,15,41,15,44,19,44,19,41,16,41,16,43;0,-1,5,8,6,8,6,7,10,7,10,8,14,8,14,5;-1,0,0,20,3,20,3,15,1,15;1,0,37,33,38,33,38,32,36,32,36,34,39,34;1,0,41,34,41,29,37,29,37,30,39,30;-1,0,9,28,9,30,8,30,8,26,7,26;1,0,35,38,33,38,33,37,35,37;1,0,41,35,41,36,39,36,39,38,36,38,36,37,37,37;-1,0,1,28,2,28,2,25,5,25,5,22,4,22;-1,0,1,21,0,21,0,24,3,24,3,21,2,21;0,-1,5,7,5,6,7,6,7,2;0,-1,30,8,32,8,32,9,34,9,34,12,36,12,36,10;0,1,25,39,23,39,23,41,20,41,20,43;-1,0,0,10,1,10,1,5,3,5,3,8,2,8;0,1,4,42,3,42,3,40,1,40,1,43;0,-1,35,1,36,1,36,3,34,3,34,1;0,1,32,44,34,44,34,42,32,42,32,43;0,-1,10,1,10,5,12,5,12,4;1,0,41,27,38,27,38,26,40,26;-1,0,0,14,3,14,3,13,1,13;0,1,40,44,36,44,36,42,35,42,35,43;0,-1,15,0,15,4,14,4,14,1;0,1,25,44,21,44,21,42,22,42,22,43;1,0,36,4,34,4,34,5,35,5,35,9,36,9
40,45|-1,0,6,23,5,23;-1,0,6,22,5,22;-1,0,6,21,5,21;-1,0,6,20,5,20;-1,0,9,29,8,29;1,0,29,10,30,10;-1,0,11,29,10,29;1,0,32,22,33,22;1,0,29,9,30,9;0,1,11,32,11,33;1,0,31,24,32,24;1,0,31,25,32,25;1,0,32,19,32,20,33,20;1,0,31,26,33,26;-1,0,8,25,6,25;1,0,24,10,26,10;-1,0,10,30,8,30;1,0,26,25,28,25;0,1,10,34,10,32,9,32,9,35;0,1,16,35,16,38;0,-1,30,14,30,11;0,1,12,34,15,34,15,36;1,0,30,24,30,23,33,23;1,0,30,27,32,27;0,1,13,30,11,30,11,31,8,31,8,32;-1,0,7,23,7,24,6,24;0,1,6,28,6,26,9,26,9,27;-1,0,12,11,12,12,10,12;0,1,22,35,21,35,21,37;1,0,29,28,33,28;0,1,9,22,9,25,10,25,10,27;-1,0,14,29,12,29;-1,0,17,31,17,33,15,33;-1,0,15,30,15,28,14,28;-1,0,7,21,8,21,8,22,7,22;0,1,18,35,19,35,19,36,17,36,17,38;-1,0,20,36,20,34,16,34;0,-1,11,13,9,13,9,16,12,16,12,13;-1,0,16,7,17,7,17,8,16,8;1,0,29,24,29,22,31,22;0,-1,14,16,14,14;-1,0,18,31,19,31,19,32,18,32;1,0,30,26,27,26,27,27,29,27;-1,0,19,9,19,8,18,8;0,-1,7,19,7,20,8,20,8,18;1,0,31,20,31,21,32,21;0,1,12,26,12,24,11,24,11,25;1,0,29,30,29,29,30,29;0,-1,32,16,32,14,31,14,31,12;-1,0,21,34,22,34,22,33,19,33;0,-1,11,18,11,17,13,17,13,15;-1,0,21,7,21,8,20,8;0,-1,9,20,11,20,11,19,9,19,9,17;0,1,20,32,23,32,23,33,26,33,26,34;0,1,9,21,10,21,10,24;1,0,25,28,28,28,28,31,29,31;0,1,29,19,30,19,30,21;0,-1,13,18,15,18,15,15;0,-1,11,23,11,21,12,21,12,18;0,-1,20,11,18,11,18,10;1,0,25,23,28,23;-1,0,16,19,13,19;0,-1,31,16,30,16,30,15;1,0,26,9,22,9,22,5,23,5;0,1,20,31,20,29,19,29,19,30;-1,0,23,19,23,18,22,18;-1,0,20,15,20,14,19,14;-1,0,17,20,13,20,13,22,12,22;0,-1,18,13,18,12,21,12,21,9;0,-1,33,13,33,17,29,17,29,15;0,-1,14,23,13,23,13,24,16,24,16,23;0,1,15,27,17,27,17,30;1,0,24,28,24,27,26,27;-1,0,18,21,17,21;1,0,23,31,22,31,22,29,25,29;-1,0,21,16,21,13,19,13;-1,0,16,25,14,25,14,27,13,27;1,0,23,10,22,10,22,13,23,13;1,0,21,31,21,28,23,28;1,0,28,20,28,18,30,18;-1,0,17,24,17,26,15,26;-1,0,20,21,20,22,17,22;1,0,23,24,23,26,24,26;0,-1,24,18,25,18,25,17,22,17,22,14;0,1,27,19,27,16,28,16,28,17;0,1,25,21,26,21,26,22,24,22,24,23;0,1,18,23,18,25,20,25,20,27;0,-1,22,22,21,22,21,21;0,-1,25,19,26,19,26,18;1,0,23,27,21,27,21,24,22,24;-1,0,24,19,24,21,23,21,23,23,19,23;0,-1,38,30,38,25,36,25,36,21;0,-1,4,15,4,20,3,20,3,25,1,25,1,21;-1,0,11,3,10,3,10,8,15,8,15,3,12,3;1,0,31,9,34,9,34,13,37,13;1,0,17,39,17,43,13,43,13,40,16,40;-1,0,5,41,8,41,8,43,12,43,12,42,9,42;1,0,18,41,18,39,23,39,23,35,25,35,25,39,29,39;-1,0,7,18,7,15,5,15,5,12,9,12,9,8,4,8;0,-1,3,19,3,17,0,17,0,12,1,12,1,7;-1,0,2,43,2,38,4,38,4,33,7,33,7,30,2,30;1,0,23,12,23,11,28,11,28,9,27,9,27,5,31,5;-1,0,11,2,6,2,6,6,1,6;1,0,37,22,37,17,34,17,34,14,37,14;1,0,38,5,33,5,33,1,37,1;0,1,23,40,28,40,28,43,31,43,31,39,34,39,34,41;0,1,36,19,35,19,35,22,34,22,34,26,36,26,36,31;-1,0,0,30,0,27,2,27,2,26,5,26,5,28,2,28;1,0,30,35,26,35,26,37,31,37,31,34,36,34;1,0,32,3,32,8,28,8,28,6,29,6;0,1,37,30,37,35,35,35,35,39;1,0,38,43,38,40,37,40,37,43,35,43,35,40,36,40;0,-1,18,7,20,7,20,4,22,4,22,1;0,-1,29,2,29,4,31,4,31,2;-1,0,23,4,23,0,21,0,21,1,19,1;0,-1,25,4,26,4,26,8,23,8,23,6,24,6,24,4;0,-1,3,0,3,2,0,2,0,5,2,5,2,4;1,0,36,7,36,8,38,8,38,6,35,6,35,10,36,10;0,1,22,40,19,40,19,41,23,41,23,42;1,0,38,12,38,16,35,16,35,15,37,15;0,-1,25,2,28,2,28,4,27,4,27,3,24,3,24,1;0,1,22,42,22,43,24,43,24,41,26,41,26,42;1,0,36,9,37,9,37,12,35,12,35,11,36,11;-1,0,6,31,6,32,5,32,5,31,3,31;0,-1,16,2,16,6,17,6,17,3;-1,0,5,29,1,29,1,34,3,34,3,36,1,36;-1,0,2,24,2,20,1,20;0,-1,19,6,18,6,18,3,20,3,20,2,17,2,17,1;0,1,10,41,10,40,7,40,7,39,4,39,4,42;-1,0,0,19,2,19,2,18,1,18;1,0,38,2,34,2,34,4,35,4;0,-1,10,1,10,0,15,0,15,2,13,2,13,1;0,1,0,32,0,37,1,37,1,39;0,1,32,43,33,43,33,40,32,40,32,42;1,0,38,35,38,39,36,39,36,37,37,37;0,1,0,38,0,40,1,40,1,42;0,-1,9,1,9,0,5,0,5,5,4,5,4,4;-1,0,0,1,0,0,2,0,2,1,1,1;0,-1,1,4,1,3,4,3,4,1;1,0,19,45,24,45,24,44,29,44
35,43|-1,0,6,31,5,31;0,1,7,35,7,36;-1,0,11,9,10,9;0,-1,10,11,10,10;0,-1,9,12,9,11;-1,0,6,32,5,32;0,-1,11,11,11,10;0,-1,12,10,12,9;-1,0,7,34,6,34;0,-1,10,13,10,12;-1,0,10,38,9,38;0,-1,9,14,9,13;-1,0,9,37,8,37;0,-1,12,12,12,11;0,1,15,36,15,37;-1,0,15,7,14,7;0,-1,11,14,11,13;0,1,17,36,17,37;0,1,8,35,8,36,10,36,10,37;0,-1,8,14,8,11;-1,0,13,11,13,9,14,9,14,8,13,8;-1,0,14,10,15,10,15,12,13,12;-1,0,17,11,16,11,16,8,15,8;0,1,18,37,18,35,16,35,16,38;-1,0,9,34,8,34;1,0,24,10,26,10,26,9,28,9;-1,0,5,33,9,33,9,32,7,32;-1,0,7,31,7,30,6,30;-1,0,20,8,18,8,18,7,16,7;0,1,9,35,11,35,11,38;0,-1,7,14,7,15,10,15,10,14;0,1,19,36,19,37;-1,0,12,14,13,14,13,13,12,13;-1,0,10,16,8,16;0,-1,10,18,10,17;1,0,29,20,27,20,27,21,29,21;0,-1,20,9,21,9,21,5;-1,0,8,31,10,31,10,29,6,29;0,1,26,32,25,32,25,34,24,34,24,38;0,-1,13,17,11,17,11,15;1,0,20,37,22,37;0,-1,30,16,28,16,28,15;1,0,26,22,26,18,28,18;-1,0,11,33,11,32,10,32;1,0,18,23,19,23;1,0,20,20,20,21,21,21;1,0,27,12,25,12,25,13,27,13;0,1,11,34,12,34,12,37;1,0,23,34,20,34,20,36,22,36;1,0,20,18,22,18;1,0,25,9,23,9,23,11,24,11;1,0,18,20,18,19,21,19;0,1,14,35,15,35,15,34,13,34,13,38;1,0,26,24,26,25,28,25;0,-1,14,13,14,14,16,14,16,12;1,0,27,14,27,17,29,17;1,0,26,15,25,15,25,14,26,14;0,1,25,29,25,31;1,0,26,16,23,16,23,17,26,17;0,-1,23,12,22,12,22,9;0,-1,27,26,26,26,26,27,28,27,28,26;-1,0,14,28,14,27,13,27;-1,0,19,11,19,9,17,9;0,-1,24,14,24,15,22,15,22,13;-1,0,17,14,17,15,15,15;0,-1,24,27,25,27,25,26,24,26,24,24;-1,0,14,21,12,21,12,22,11,22;0,1,12,33,12,29,11,29,11,31;-1,0,15,21,15,22,13,22;-1,0,20,10,20,12,19,12;1,0,24,31,23,31,23,33,24,33;-1,0,14,24,14,23,12,23;1,0,19,17,20,17,20,16,22,16;-1,0,15,27,15,26,14,26,14,25,12,25;-1,0,15,18,12,18,12,20,10,20;0,1,21,33,21,32,19,32,19,34;-1,0,21,10,21,13,17,13;1,0,20,22,18,22,18,21,19,21;0,1,13,30,13,33,16,33,16,34;-1,0,21,14,19,14,19,16,16,16;-1,0,18,17,14,17;0,1,24,30,22,30,22,33;-1,0,19,18,17,18,17,19,14,19;-1,0,16,22,16,20,14,20;1,0,24,28,26,28;0,1,20,29,20,31;0,1,18,27,18,30,17,30,17,34;1,0,22,29,22,27,23,27,23,29,24,29;0,1,19,29,19,28,21,28,21,29;-1,0,18,26,17,26,17,25,15,25;0,-1,15,24,15,23,17,23,17,21;0,-1,16,24,19,24,19,27,21,27,21,26;1,0,32,15,32,20,30,20,30,23,33,23;0,1,7,22,3,22,3,25,7,25,7,28,3,28,3,32;-1,0,13,0,13,4,10,4,10,8,6,8;1,0,5,36,5,34,4,34,4,37,7,37,7,42,10,42;0,1,2,6,4,6,4,9,6,9,6,13,2,13,2,17;1,0,14,40,17,40,17,43,20,43,20,42,22,42;0,-1,31,13,31,14,28,14,28,12,31,12,31,9;-1,0,6,14,4,14,4,16,7,16,7,21,3,21;-1,0,2,34,2,32,1,32,1,35,3,35,3,37,1,37;1,0,25,39,25,38,27,38,27,43,24,43,24,40,26,40;0,-1,32,33,32,30,35,30,35,25,34,25,34,21;1,0,15,4,15,6,17,6,17,3,22,3;1,0,26,3,24,3,24,0,27,0,27,3,32,3;0,1,10,40,12,40,12,41,8,41,8,39,13,39,13,41;0,1,26,33,26,37,28,37,28,42;-1,0,0,20,0,24,2,24,2,26,6,26,6,27,3,27;0,-1,30,6,32,6,32,10,34,10,34,8;1,0,33,0,35,0,35,1,33,1,33,3,34,3;-1,0,0,17,1,17,1,12,5,12,5,10,4,10;-1,0,0,16,0,11,3,11,3,7,1,7;-1,0,7,0,12,0,12,3,9,3;0,1,35,41,31,41,31,36,35,36,35,31,33,31,33,33;0,-1,8,2,5,2,5,4,9,4,9,7,6,7,6,6;-1,0,11,2,9,2,9,1,4,1;-1,0,2,10,0,10,0,5,4,5,4,4,2,4;1,0,29,38,30,38,30,40,29,40,29,42,32,42;0,-1,0,2,0,4,1,4,1,1;-1,0,6,39,6,41,5,41,5,38,1,38;1,0,35,17,35,13,34,13,34,11,32,11,32,14,34,14;1,0,32,40,35,40,35,37,32,37,32,39,33,39;0,1,0,34,0,39,4,39,4,41;1,0,22,8,25,8,25,4,27,4,27,5,29,5;-1,0,0,32,0,27,2,27,2,31,1,31;0,-1,14,1,14,3,15,3,15,1;-1,0,6,43,3,43,3,42,1,42;0,1,11,43,16,43,16,41,14,41,14,42;0,1,21,35,23,35,23,37;0,-1,22,4,22,7,23,7,23,2;0,-1,23,1,23,0,22,0,22,2,21,2,21,1;0,-1,30,1,30,0,32,0,32,2,29,2,29,1;1,0,28,4,30,4,30,5,33,5;-1,0,0,43,0,40,3,40,3,41,2,41;1,0,33,15,34,15,34,16,33,16,33,19,34,19;-1,0,3,15,3,17,6,17,6,18,3,18;0,-1,21,0,17,0,17,2,20,2,20,1;-1,0,5,19,6,19,6,20,4,20,4,19,2,19;1,0,31,22,33,22,33,20,34,20;0,-1,0,0,3,0,3,2,4,2,4,3,2,3,2,1;1,0,33,9,33,6,34,6
40,51|0,1,7,40,7,41;0,1,13,41,13,42;-1,0,9,36,8,36;-1,0,10,35,9,35;-1,0,11,33,10,33;-1,0,11,34,10,34;-1,0,9,41,8,41;0,1,10,41,10,42;0,1,16,39,16,40;0,1,15,39,15,40;0,1,14,39,14,40;-1,0,11,36,10,36;0,1,19,38,19,39;-1,0,12,35,11,35;-1,0,8,20,7,20;-1,0,7,19,6,19;-1,0,12,32,11,32;-1,0,11,30,10,30;-1,0,7,29,6,29;0,1,18,38,18,40;0,1,8,37,8,40,11,40,11,41;-1,0,13,32,13,31,11,31;0,1,14,38,17,38,17,39;0,-1,24,7,26,7,26,10,25,10,25,9;0,1,11,38,10,38,10,39;-1,0,7,28,7,27,6,27;0,-1,13,8,13,5;0,-1,11,9,11,11,12,11,12,8;0,1,10,37,12,37,12,41;0,1,15,35,15,37,13,37,13,40;-1,0,14,8,15,8,15,7,14,7;0,-1,12,12,11,12,11,13,10,13,10,9;-1,0,9,19,8,19;1,0,29,9,29,11,30,11;0,-1,27,12,27,8;0,-1,9,14,9,11;0,-1,23,8,22,8,22,7;0,-1,30,15,30,12,28,12,28,8;0,-1,29,15,29,16,31,16,31,13;0,-1,5,14,8,14,8,11;-1,0,12,34,13,34,13,36,12,36;1,0,22,12,23,12;0,-1,10,15,10,14,13,14,13,10;0,1,19,35,19,34,18,34,18,36;0,1,17,34,17,35,16,35,16,36;-1,0,16,12,15,12,15,13,14,13;-1,0,17,10,16,10,16,6,14,6;1,0,22,10,22,11,24,11;-1,0,18,12,18,11,17,11;1,0,27,15,27,17,28,17;0,-1,15,16,15,14;0,-1,21,6,18,6,18,5;1,0,24,9,20,9,20,8,21,8;0,-1,18,10,18,7,17,7,17,6;1,0,21,10,19,10,19,7,20,7;0,-1,8,15,7,15,7,17,6,17,6,15;-1,0,9,15,9,18,6,18;-1,0,8,29,8,26,5,26;0,-1,17,14,17,13;0,-1,22,13,21,13,21,11;1,0,20,13,20,14,23,14;0,1,19,32,20,32,20,33;0,-1,7,22,5,22,5,21;0,1,16,33,16,34,14,34,14,35;0,-1,14,18,14,16;1,0,19,14,19,11,20,11;0,1,19,31,18,31,18,33;0,-1,24,18,24,17;0,1,21,31,21,34;-1,0,14,32,14,33,12,33;0,1,18,29,18,30,17,30,17,33;-1,0,13,27,13,26,12,26;-1,0,10,21,8,21;0,-1,28,18,26,18,26,15;1,0,25,25,25,23,27,23;0,-1,15,17,16,17,16,16;-1,0,14,31,14,30,12,30,12,29,10,29;0,1,26,19,26,21;0,1,24,34,24,33,22,33,22,35;0,-1,21,15,21,16,18,16,18,13;-1,0,6,25,6,23,5,23;0,1,24,32,23,32,23,30,24,30,24,31;0,1,13,28,13,29,15,29,15,33;0,1,12,23,12,25;0,1,7,23,7,25;0,-1,13,17,13,18,11,18,11,17;0,1,20,26,20,29,22,29,22,32;1,0,24,20,25,20;-1,0,8,23,10,23,10,24,8,24;0,1,14,28,16,28,16,31;0,1,14,24,15,24,15,27,17,27,17,28;0,1,22,26,21,26,21,28;0,-1,19,17,17,17,17,15;-1,0,9,22,11,22,11,25,10,25;0,-1,12,19,10,19,10,17;-1,0,15,19,15,21,11,21,11,20,9,20;0,-1,23,16,23,19,25,19,25,17;-1,0,17,23,14,23,14,22,12,22;-1,0,18,19,16,19,16,18,15,18;0,-1,17,18,20,18,20,17;0,1,25,21,24,21,24,23;0,-1,23,23,23,20;-1,0,19,20,19,21,17,21,17,20,16,20;0,1,22,25,19,25,19,27,18,27,18,28;-1,0,22,21,21,21,21,19,19,19;0,1,16,24,18,24,18,26;0,-1,22,22,19,22,19,24,20,24,20,23;-1,0,0,34,0,30,2,30,2,32,6,32,6,36,3,36;-1,0,23,2,18,2,18,0,13,0,13,4,8,4;0,1,19,42,23,42,23,39,27,39,27,41;-1,0,18,42,18,47,15,47,15,45,10,45;0,1,26,5,30,5,30,10,33,10,33,12;1,0,35,24,33,24,33,22,29,22,29,17,31,17;0,-1,0,28,2,28,2,29,5,29,5,27,2,27,2,24;0,1,4,47,4,42,9,42,9,45;-1,0,2,5,2,1,4,1,4,5,9,5,9,7,5,7;-1,0,3,24,3,26,4,26,4,23,2,23;1,0,20,3,20,5,24,5,24,0,27,0,27,2,31,2;-1,0,4,18,4,16,3,16,3,19,5,19,5,15,2,15;0,1,5,35,0,35,0,37,2,37,2,42;1,0,29,43,24,43,24,47,19,47,19,45,20,45;-1,0,5,13,5,11,0,11,0,16,2,16,2,17,1,17;-1,0,7,21,6,21,6,20,2,20;1,0,22,36,19,36,19,37,24,37;1,0,32,40,32,36,30,36,30,41,35,41;-1,0,1,20,1,23,0,23,0,19,2,19,2,18,1,18;1,0,34,10,36,10,36,15,32,15,32,19,34,19;-1,0,0,6,0,10,4,10,4,7,2,7;0,1,1,43,3,43,3,41,6,41,6,37,3,37,3,40;0,1,29,45,29,47,25,47,25,44,27,44,27,45;1,0,27,3,27,4,31,4,31,7,33,7;1,0,24,38,29,38,29,36,25,36,25,32,26,32;0,-1,2,8,3,8,3,9,1,9,1,7;0,-1,5,6,1,6,1,5;0,-1,0,2,0,4,1,4,1,1;1,0,34,8,31,8,31,9,32,9;0,-1,31,3,34,3,34,7,35,7,35,2;1,0,26,40,24,40,24,42,28,42;0,1,10,47,5,47,5,46,8,46,8,43,7,43,7,44;1,0,26,45,26,46,28,46,28,44,33,44;1,0,25,22,28,22,28,27,31,27,31,32,33,32;1,0,34,18,34,16,36,16,36,20,34,20,34,22,35,22;1,0,34,44,36,44,36,40,33,40,33,36,35,36;1,0,26,33,26,35,27,35,27,32,30,32,30,34,34,34;0,-1,2,0,7,0,7,4,5,4,5,1;1,0,36,33,36,37,34,37,34,39,35,39;1,0,31,26,29,26,29,24,32,24,32,28,34,28;1,0,36,32,36,29,34,29,34,31,32,31,32,29,33,29;1,0,35,28,36,28,36,25,33,25,33,27,35,27;0,1,33,47,33,45,31,45,31,46;0,-1,8,0,12,0,12,3,11,3,11,2;0,1,0,42,0,47,3,47,3,44,1,44,1,46;0,-1,34,0,34,2,32,2,32,1;0,1,34,45,34,47,36,47,36,45,35,45,35,46;0,-1,37,42,37,43,38,43,38,41,37,41,37,39;0,-1,34,23,37,23,37,21;1,0,5,48,6,48,6,49,1,49,1,48,4,48;0,1,7,48,12,48,12,46,14,46,14,48;1,0,31,49,28,49,28,48,31,48;1,0,38,2,36,2,36,4,37,4;1,0,32,46,32,48,34,48;0,1,35,49,37,49,37,46,38,46,38,44,37,44,37,45;1,0,38,0,35,0,35,1,37,1;1,0,38,5,36,5,36,6,37,6;1,0,38,9,35,9,35,8,36,8;1,0,37,29,40,29,40,31,37,31,37,36,38,36;-1,0,38,51,40,51,40,50,37,50;0,1,16,51,12,51,12,49,7,49,7,50;1,0,40,8,38,8,38,6,39,6;-1,0,11,51,6,51,6,50,2,50;1,0,40,0,40,3,38,3,38,4,39,4;1,0,38,27,38,26,40,26,40,28,37,28,37,25,39,25;1,0,37,11,40,11,40,13,37,13,37,15,39,15;1,0,39,17,39,16,37,16,37,18,39,18;1,0,40,49,38,49,38,48,39,48;0,1,21,51,21,48,26,48,26,49;0,1,19,49,18,49,18,51,20,51,20,48,17,48,17,49;0,1,32,51,32,49,34,49,34,50;1,0,38,21,40,21,40,19,37,19,37,20,38,20;1,0,40,35,40,32,38,32,38,35,39,35;1,0,36,39,36,38,39,38;0,1,22,49,22,51,25,51,25,49,23,49,23,50;1,0,39,36,40,36,40,40,38,40,38,39,39,39;1,0,40,25,40,22,38,22,38,23,39,23
37,43|0,1,5,26,5,27;-1,0,8,28,7,28;-1,0,7,27,6,27;-1,0,7,26,6,26;-1,0,11,28,10,28;-1,0,9,31,8,31;-1,0,10,30,9,30;-1,0,6,25,5,25;-1,0,6,13,5,13;-1,0,7,12,6,12;-1,0,6,23,5,23;-1,0,7,11,6,11;-1,0,5,8,7,8,7,10,6,10;-1,0,12,29,12,30,11,30,11,29,10,29;1,0,28,15,28,16,29,16;-1,0,7,15,6,15;-1,0,10,7,10,6,8,6;1,0,27,24,27,22,29,22;-1,0,11,31,10,31,10,32,7,32;-1,0,9,33,12,33,12,34,10,34;1,0,29,25,26,25,26,26,28,26;-1,0,8,16,6,16;1,0,26,27,28,27;-1,0,12,31,13,31,13,32,11,32;0,-1,8,10,8,9;-1,0,7,23,7,22,6,22;0,1,11,23,11,25;-1,0,8,15,8,14,5,14;1,0,27,17,27,19,29,19;-1,0,8,11,8,13,7,13;1,0,23,24,24,24;0,1,10,23,10,25;-1,0,8,27,8,25,7,25,7,24,5,24;-1,0,11,9,9,9;0,1,26,29,27,29,27,32,25,32,25,33;0,1,9,22,8,22,8,24,9,24,9,27;-1,0,14,27,14,28,12,28;-1,0,13,33,13,34,14,34,14,35,12,35;1,0,21,23,21,24,22,24;-1,0,13,6,12,6,12,5,9,5;0,-1,23,6,25,6,25,5;1,0,24,22,24,20,26,20;0,-1,8,17,8,19,7,19,7,18;-1,0,16,27,15,27;0,-1,9,8,11,8,11,7;1,0,21,25,24,25;-1,0,14,6,14,7,12,7,12,10,10,10;-1,0,9,21,6,21;0,-1,29,11,28,11,28,9;0,-1,15,10,15,11,18,11,18,9;-1,0,9,18,9,20,7,20;-1,0,11,15,10,15;0,-1,11,12,12,12,12,11,13,11,13,9;0,-1,10,13,10,11;-1,0,14,31,15,31,15,33,14,33;1,0,27,8,25,8,25,9,27,9;-1,0,16,26,15,26;1,0,23,33,23,34,24,34;1,0,26,18,24,18,24,17,25,17;0,1,15,34,17,34,17,35;-1,0,13,22,15,22,15,24,14,24;-1,0,17,32,17,31,16,31;-1,0,16,30,17,30,17,29,14,29;-1,0,17,27,17,25,14,25;1,0,24,29,24,32,22,32,22,35,23,35;-1,0,18,31,18,33,16,33;1,0,26,16,27,16,27,12,30,12;1,0,21,20,23,20;-1,0,19,36,21,36,21,34,18,34;0,-1,11,13,13,13,13,12;-1,0,18,24,17,24,17,22,16,22;1,0,21,33,19,33,19,32,20,32;0,-1,19,8,19,11,22,11,22,9;1,0,24,9,24,10,27,10;1,0,21,21,23,21;-1,0,10,19,10,17,9,17;1,0,25,15,25,16,23,16,23,19,25,19;-1,0,9,12,9,14,12,14,12,16,9,16;-1,0,18,30,18,28,16,28;-1,0,13,14,13,18,12,18;0,-1,23,12,23,8;0,1,14,19,14,20;1,0,23,31,19,31,19,27,22,27;0,-1,14,17,14,15,15,15,15,13;-1,0,17,21,15,21,15,18,14,18;1,0,18,23,20,23,20,26,22,26;1,0,24,11,24,13,25,13;-1,0,23,22,19,22,19,20,16,20;-1,0,19,13,18,13,18,14,16,14;0,1,21,16,21,18,20,18,20,21;1,0,23,13,22,13,22,14,26,14;1,0,16,17,20,17,20,15,24,15;0,-1,2,26,4,26,4,29,6,29,6,34,1,34,1,31;0,-1,29,26,29,27,30,27,30,22,33,22,33,17;-1,0,4,23,4,25,1,25,1,22,5,22,5,19,2,19;0,-1,32,13,35,13,35,11,31,11,31,8,33,8,33,4;-1,0,0,9,4,9,4,13,3,13;-1,0,19,0,19,2,24,2,24,0,28,0,28,4,26,4;-1,0,7,17,4,17,4,14,2,14;0,-1,0,6,0,4,2,4,2,7,6,7,6,2;-1,0,30,34,30,36,27,36,27,33,31,33,31,37,28,37;1,0,7,33,7,34,9,34,9,37,14,37,14,40,18,40;-1,0,1,14,0,14,0,10,3,10,3,12,1,12;0,1,35,34,32,34,32,36,33,36,33,40;0,-1,20,6,17,6,17,10,16,10,16,7;0,1,27,37,26,37,26,34,25,34,25,39;-1,0,15,2,18,2,18,0,13,0,13,1,10,1;1,0,31,13,28,13,28,14,31,14,31,16,33,16;1,0,35,29,31,29,31,25,32,25;1,0,34,19,35,19,35,14,32,14,32,15,33,15;-1,0,3,35,3,36,6,36,6,38,2,38;0,-1,3,2,3,6,5,6,5,1;0,1,22,40,22,36,23,36,23,38;0,1,0,37,1,37,1,41,5,41,5,39,2,39,2,40;-1,0,1,16,1,21,4,21,4,20,2,20;0,1,17,38,21,38,21,41,24,41,24,39,23,39,23,40;-1,0,0,26,0,28,1,28,1,30,3,30,3,28,2,28;1,0,26,7,29,7,29,2,32,2;1,0,33,0,35,0,35,3,33,3,33,2,34,2;0,1,28,41,25,41,25,40,28,40,28,38,26,38,26,39;-1,0,2,17,3,17,3,15,1,15;0,-1,9,7,7,7,7,5;1,0,33,30,33,32,28,32,28,30,30,30;0,-1,17,1,14,1,14,4,9,4,9,2;0,1,6,35,8,35,8,36,7,36,7,38,12,38,12,40;0,-1,8,0,6,0,6,1,7,1,7,4,8,4,8,1;0,1,32,41,29,41,29,38,30,38,30,40;-1,0,4,5,4,1,3,1;0,-1,5,0,0,0,0,3,2,3,2,2;1,0,34,10,32,10,32,9,34,9;1,0,31,24,31,23,35,23,35,26,32,26,32,28,34,28;-1,0,5,37,2,37,2,35,1,35;0,1,17,39,20,39,20,40;0,1,34,38,34,40,35,40,35,35,34,35,34,37;0,1,7,41,11,41,11,39,10,39,10,40;0,-1,34,31,36,31,36,26,37,26,37,23,36,23,36,19;-1,0,26,43,21,43,21,42,18,42;0,-1,37,22,37,17,36,17,36,13;0,-1,36,11,37,11,37,8,36,8,36,4;-1,0,10,43,12,43,12,42,10,42;0,1,36,34,37,34,37,37,36,37,36,39;-1,0,0,39,0,43,4,43,4,42,2,42
39,44|-1,0,13,39,12,39;-1,0,15,39,14,39;-1,0,7,26,6,26;-1,0,7,27,6,27;-1,0,8,25,7,25;-1,0,11,38,10,38;-1,0,8,37,7,37;-1,0,8,36,7,36;-1,0,7,35,6,35;-1,0,7,28,6,28;0,1,5,31,5,32;0,1,12,37,12,38;0,1,13,37,13,38;-1,0,7,29,6,29;-1,0,15,38,14,38;-1,0,7,30,6,30;0,1,6,33,6,34;0,1,16,37,16,38;0,1,11,36,11,37;-1,0,7,31,6,31;0,1,17,37,17,38;0,1,10,36,10,37;0,1,18,37,18,38;0,1,7,33,7,34;0,1,16,35,16,36;-1,0,9,27,8,27;0,1,8,34,8,35;0,1,6,32,8,32,8,33,9,33,9,37;-1,0,11,33,10,33;-1,0,14,10,16,10,16,11,14,11;-1,0,12,25,9,25;1,0,34,14,34,11,33,11,33,10,34,10;-1,0,12,33,12,34,10,34;0,1,8,29,8,31;-1,0,18,11,17,11;0,-1,28,6,28,7,25,7,25,5;1,0,31,11,32,11;1,0,32,12,31,12,31,15,34,15;-1,0,19,6,19,7,17,7;0,-1,22,6,23,6,23,5;-1,0,15,37,14,37,14,36,12,36;0,-1,20,9,17,9,17,8;-1,0,15,36,15,34,14,34,14,35,11,35;0,-1,28,12,28,10;0,-1,18,10,21,10,21,8;0,1,9,32,13,32,13,33;0,-1,13,12,13,13,16,13,16,12;0,-1,29,13,29,10,31,10,31,8;-1,0,10,31,9,31,9,28,8,28;0,-1,22,9,22,7,24,7,24,6;0,-1,30,11,30,14,27,14,27,10;1,0,25,10,25,12,23,12,23,13,26,13;-1,0,19,11,19,12,17,12;1,0,29,15,28,15,28,17,31,17;1,0,23,14,25,14,25,15,27,15;0,-1,21,11,23,11,23,8;-1,0,11,30,10,30,10,26,8,26;-1,0,15,26,15,25,13,25;-1,0,13,28,13,29,11,29;0,-1,26,16,23,16,23,15;1,0,29,21,29,18,32,18;-1,0,13,24,13,22,12,22;-1,0,14,29,14,27,11,27;-1,0,20,36,17,36,17,34,16,34;-1,0,19,27,17,27,17,26,16,26;-1,0,16,31,17,31,17,33,14,33;0,-1,12,15,14,15,14,17,11,17,11,16;0,1,18,32,20,32,20,33,18,33,18,35;0,-1,22,12,21,12,21,14,19,14,19,13;0,-1,10,21,10,20,12,20,12,18;-1,0,15,29,15,28,18,28,18,29,16,29;0,1,20,31,21,31,21,33;0,1,20,30,22,30,22,34;-1,0,21,28,19,28,19,30,17,30;0,-1,26,17,26,20,27,20,27,18;0,1,14,20,14,23;-1,0,19,23,19,22,16,22;-1,0,15,18,13,18,13,21,12,21;-1,0,22,28,22,27,20,27,20,24,18,24;0,1,15,19,16,19,16,21;0,-1,25,21,25,18;0,1,16,18,17,18,17,21;0,-1,18,14,17,14,17,13;0,1,22,26,22,25,24,25,24,28;1,0,21,26,21,24,23,24;0,1,26,22,23,22,23,23;0,-1,15,17,15,16,16,16,16,14;0,1,23,21,22,21,22,23;1,0,24,17,23,17,23,18,24,18;0,1,17,15,17,16,18,16,18,20;0,-1,22,16,21,16,21,18,19,18,19,15;0,1,23,20,23,19,19,19,19,20;0,-1,4,43,9,43,9,38,8,38,8,40,3,40,3,36;0,-1,2,28,5,28,5,23,3,23,3,20;1,0,11,40,11,42,14,42,14,44,19,44,19,40,23,40;0,1,0,27,0,29,4,29,4,30,1,30,1,35;1,0,16,2,16,0,21,0,21,1,24,1;0,-1,11,7,11,12,7,12,7,9,4,9,4,5;0,-1,34,17,34,20,38,20,38,15;1,0,22,43,22,41,25,41,25,44,28,44,28,40,30,40;0,-1,36,14,36,12,39,12,39,8,38,8,38,4;0,-1,0,2,0,6,1,6,1,4,4,4,4,2;0,1,0,33,0,36,1,36,1,40;1,0,26,2,26,6,27,6,27,5,32,5,32,3,36,3;1,0,29,0,26,0,26,1,31,1;0,-1,38,0,38,1,39,1,39,3,37,3,37,1;0,1,34,44,34,43,39,43,39,38,37,38,37,40;1,0,31,26,31,21,34,21,34,23,32,23,32,28,36,28;0,-1,16,9,14,9,14,6,18,6,18,4,13,4,13,1;-1,0,8,44,3,44,3,43,1,43;-1,0,3,16,3,14,1,14,1,12,4,12,4,17,2,17;-1,0,12,5,9,5,9,1,4,1;0,1,34,35,36,35,36,40,33,40,33,43;1,0,27,29,23,29,23,32,27,32;1,0,35,30,31,30,31,33,34,33;-1,0,6,41,8,41,8,42,5,42,5,41,3,41;0,1,30,32,30,37,35,37,35,39,31,39,31,41;1,0,39,33,37,33,37,28,38,28;1,0,36,24,33,24,33,26,35,26;-1,0,2,6,2,5,3,5,3,7,1,7;-1,0,0,11,1,11,1,10,6,10,6,11,3,11;-1,0,1,27,4,27,4,25,3,25;0,1,31,42,32,42,32,44,30,44,30,41,29,41,29,43;0,-1,31,4,27,4,27,2,32,2,32,1;0,-1,12,0,12,4,11,4,11,2;0,-1,19,4,20,4,20,1,19,1,19,3,15,3,15,1;0,-1,8,0,3,0,3,3,1,3,1,2;-1,0,11,22,9,22,9,19,6,19;-1,0,2,44,0,44,0,42,2,42,2,41,1,41;1,0,33,20,33,17,32,17,32,16,37,16,37,14,38,14;1,0,39,24,38,24,38,21,35,21,35,22,36,22;1,0,36,30,36,34,38,34;-1,0,8,16,5,16,5,19,3,19;0,-1,37,0,36,0,36,2,33,2,33,1;0,1,21,43,21,41,20,41,20,42;-1,0,0,9,3,9,3,8,2,8;0,1,11,39,10,39,10,42;1,0,34,27,36,27,36,25,38,25;1,0,39,27,37,27,37,26,38,26;-1,0,0,16,2,16,2,15,1,15;0,1,20,43,20,44,24,44,24,42,23,42,23,43;-1,0,1,20,0,20,0,22,2,22,2,19,1,19;0,-1,21,7,21,4,25,4,25,3
41,41|-1,0,12,28,11,28;0,-1,17,10,17,9;-1,0,6,15,5,15;-1,0,6,16,5,16;-1,0,13,29,12,29;-1,0,14,28,13,28;0,-1,16,10,16,9;0,-1,15,9,15,8;-1,0,6,17,5,17;-1,0,7,14,6,14;1,0,33,24,34,24;-1,0,15,29,14,29;1,0,33,25,34,25;-1,0,7,13,6,13;0,-1,8,9,8,8;0,-1,15,11,15,10;-1,0,6,9,5,9;0,-1,17,12,17,11;0,1,9,23,9,25,10,25,10,27;-1,0,5,8,7,8,7,10,6,10;-1,0,14,27,13,27;-1,0,9,10,8,10;-1,0,9,11,7,11;1,0,32,23,32,26,34,26;-1,0,15,31,13,31;0,-1,20,10,20,7,21,7,21,6;-1,0,16,28,16,30,13,30;1,0,32,29,33,29;0,1,18,34,18,33,17,33,17,34;0,-1,24,9,24,8,22,8,22,5;1,0,32,27,30,27,30,29,31,29;0,-1,24,12,24,11;0,-1,28,14,28,10,25,10,25,8;0,-1,12,11,11,11,11,10;-1,0,9,9,10,9,10,12,6,12;1,0,26,11,25,11,25,12,26,12;0,-1,13,11,13,13,11,13,11,12;1,0,23,13,25,13,25,14,27,14;0,-1,14,12,16,12,16,11;0,-1,23,11,21,11,21,9;1,0,32,22,30,22,30,21,33,21;0,-1,7,18,7,16,8,16,8,13;0,-1,25,19,25,17,28,17,28,15;1,0,32,20,31,20,31,19,32,19;0,1,10,23,10,22,8,22,8,24;-1,0,17,29,17,27,16,27;-1,0,15,26,13,26;0,1,13,22,13,24;-1,0,18,27,18,30,17,30;-1,0,10,21,8,21;0,1,12,22,11,22,11,23,12,23,12,25;0,-1,9,17,9,15;1,0,31,26,30,26,30,24,31,24;0,1,9,18,9,20,11,20,11,21;0,-1,10,19,10,16,11,16,11,15;-1,0,19,12,18,12;-1,0,22,34,22,32,20,32;0,1,15,23,15,22,14,22,14,25;1,0,28,31,28,29,29,29;0,-1,12,16,12,14;1,0,22,13,21,13,21,12,22,12;-1,0,22,30,20,30,20,31,18,31;-1,0,12,17,12,18,11,18;0,-1,15,13,15,16,14,16,14,13;0,-1,21,14,20,14,20,11;0,-1,13,18,13,14;0,-1,15,18,15,19,14,19,14,18;1,0,23,14,24,14;1,0,22,14,22,15,24,15;-1,0,18,24,18,26,16,26;-1,0,21,15,19,15,19,13,16,13;-1,0,17,17,19,17,19,16,18,16;-1,0,19,18,16,18;0,1,21,28,21,29,23,29,23,31;0,-1,21,16,21,17,20,17,20,16;0,-1,30,20,27,20,27,18;0,1,19,24,19,28;1,0,28,21,29,21,29,23,30,23;-1,0,12,21,13,21,13,19,12,19;0,1,24,29,24,31;0,-1,26,22,26,21;0,-1,21,19,21,18,22,18,22,16;0,-1,24,19,24,17,23,17,23,16;0,1,28,27,28,26,29,26,29,28;0,-1,17,20,17,21,14,21,14,20;-1,0,25,30,25,27,27,27,27,31,25,31;1,0,26,26,27,26,27,24,29,24;0,1,21,23,20,23,20,26;0,1,28,22,28,23,26,23,26,25;0,1,18,20,18,19,19,19,19,21;0,-1,24,24,25,24,25,20,23,20,23,18;0,-1,20,20,20,22,22,22,22,20;0,1,0,12,2,12,2,14,0,14,0,19,4,19,4,21;0,1,1,28,6,28,6,31,8,31,8,35;0,-1,17,5,21,5,21,1,16,1,16,6,13,6,13,4;0,-1,37,24,35,24,35,28,38,28,38,24;0,-1,34,17,37,17,37,20,39,20,39,23,37,23,37,21;-1,0,11,1,11,3,14,3,14,0,10,0,10,4,6,4;1,0,4,32,6,32,6,37,10,37;-1,0,3,14,5,14,5,13,4,13,4,8,2,8;1,0,20,39,20,36,25,36,25,39,30,39,30,36,34,36;1,0,33,27,34,27,34,30,29,30,29,34,31,34;1,0,26,4,22,4,22,3,25,3;0,-1,0,0,2,0,2,3,0,3,0,5,3,5,3,3;0,-1,39,0,35,0,35,3,32,3,32,5,37,5,37,3;0,1,38,31,36,31,36,29,39,29,39,32,35,32,35,37;0,-1,33,17,33,13,29,13,29,9,27,9,27,7;1,0,28,2,30,2,30,6,34,6,34,8,38,8;1,0,31,39,31,37,33,37,33,39,36,39,36,36,37,36;1,0,26,1,26,3,28,3,28,8,30,8,30,10,33,10;0,1,2,31,0,31,0,29,5,29,5,31,3,31,3,34;1,0,36,14,36,12,38,12,38,15,35,15,35,10,38,10;-1,0,19,36,17,36,17,38,12,38;0,1,2,32,0,32,0,35,4,35,4,38;0,-1,3,2,3,0,4,0,4,3,9,3,9,1;0,1,10,30,7,30,7,29,11,29,11,30;-1,0,14,8,14,10,12,10,12,6,8,6;-1,0,8,5,4,5,4,7,2,7;0,1,36,33,37,33,37,34,39,34,39,36,38,36,38,38;-1,0,2,27,6,27,6,25,4,25;-1,0,10,28,7,28,7,24,3,24;0,1,18,32,15,32,15,35,11,35,11,37;-1,0,7,19,7,23,3,23,3,22,1,22;0,-1,14,4,14,5,15,5,15,2;0,-1,6,0,8,0,8,2,5,2,5,1;-1,0,2,26,2,23,0,23,0,20,3,20,3,21,2,21;1,0,34,14,34,16,36,16;1,0,37,7,38,7,38,6,35,6,35,7,36,7;-1,0,2,37,1,37,1,38,3,38,3,36,1,36;1,0,33,7,31,7,31,9,35,9;1,0,39,6,39,1,36,1,36,2,37,2;0,-1,27,1,28,1,28,0,25,0,25,2,22,2,22,1;0,1,14,39,19,39,19,37,18,37,18,38;-1,0,3,12,3,9,1,9;0,1,21,37,21,39,24,39,24,37,22,37,22,38;0,-1,33,0,31,0,31,2,33,2,33,1;0,1,4,34,4,33,5,33,5,36;0,1,39,37,40,37,40,34,41,34,41,39,38,39,38,40;0,-1,40,30,40,32,41,32,41,27,40,27,40,25;1,0,39,15,41,15,41,11,39,11,39,8,40,8;-1,0,19,41,19,40,17,40,17,41,12,41,12,39,10,39;-1,0,9,41,4,41,4,39,1,39;0,-1,41,0,41,4,40,4,40,2;1,0,40,19,38,19,38,16,40,16
40,41|-1,0,13,33,12,33;-1,0,14,34,13,34;-1,0,14,31,13,31;0,1,12,27,12,28;0,1,11,27,11,28;0,1,10,27,10,28;0,1,9,27,9,28;0,1,8,28,8,29;-1,0,14,32,13,32;1,0,31,16,32,16;0,1,13,26,13,27;0,1,5,24,5,25;0,1,11,25,11,26;1,0,29,27,30,27;1,0,29,26,30,26;-1,0,16,31,15,31;1,0,31,25,32,25;1,0,29,25,30,25;0,1,21,26,21,27;0,1,11,24,10,24,10,26;0,1,8,25,8,27;0,1,22,32,22,33;1,0,32,22,30,22,30,24,33,24;-1,0,16,32,15,32;0,1,9,24,9,26;0,1,13,25,12,25,12,26;0,1,11,23,13,23,13,24;-1,0,17,30,17,33,14,33;0,1,6,24,6,26;0,1,5,21,5,23,7,23,7,25;0,1,23,27,24,27,24,29;-1,0,18,31,18,34,15,34;0,1,17,29,18,29,18,30,19,30,19,32;-1,0,7,21,7,22,6,22;-1,0,13,10,13,12,12,12;0,1,15,26,15,27;1,0,26,13,27,13;0,-1,14,10,14,8;1,0,29,12,30,12,30,10,32,10;1,0,28,22,29,22;-1,0,17,12,14,12;-1,0,14,11,17,11,17,10,15,10;-1,0,15,6,15,7,16,7,16,8,15,8;1,0,29,24,28,24,28,23,29,23;0,1,20,26,20,27;-1,0,20,5,18,5,18,6,16,6;1,0,26,11,29,11,29,8,31,8;1,0,30,16,30,17,32,17;-1,0,18,7,18,8,17,8;1,0,27,24,27,25,28,25;0,-1,11,13,11,16,12,16,12,15;0,-1,20,9,22,9,22,8;-1,0,16,27,16,25,14,25;0,1,12,22,10,22,10,23,8,23,8,24;0,-1,7,19,5,19,5,17,7,17,7,14;-1,0,8,21,8,20,6,20;-1,0,11,19,9,19,9,22,8,22;1,0,27,14,27,16,28,16,28,15,29,15;0,1,26,30,26,26,28,26,28,27;-1,0,14,20,13,20;0,-1,21,10,19,10,19,8;-1,0,18,12,18,9,16,9;-1,0,12,17,10,17,10,14,9,14;1,0,30,18,31,18;-1,0,19,29,19,27,17,27;0,-1,27,9,26,9,26,10,24,10,24,9;0,1,19,26,19,25,22,25,22,27;-1,0,23,9,23,10,22,10;0,1,16,24,17,24,17,26;-1,0,14,21,15,21,15,22,14,22;0,1,15,23,18,23,18,26;0,1,23,23,23,26,25,26,25,28;0,1,16,20,16,21;1,0,28,17,29,17,29,19,32,19;1,0,26,12,25,12,25,14,26,14;0,-1,15,18,15,15;1,0,26,22,26,23,27,23;0,-1,25,15,24,15,24,11;1,0,23,11,22,11,22,12,23,12;0,-1,21,13,19,13,19,11;1,0,25,25,25,21,29,21,29,20,30,20;0,1,20,23,19,23,19,24;0,-1,11,18,13,18,13,15;0,1,17,20,17,22,21,22,21,23;0,-1,19,14,17,14,17,13;0,1,27,17,26,17,26,19;0,-1,17,15,16,15,16,19,14,19,14,16;0,1,23,20,23,19,24,19,24,20;0,1,21,19,19,19,19,21;0,1,19,16,17,16,17,18;1,0,22,13,23,13,23,16,25,16;0,1,23,18,23,17,25,17,25,18;0,-1,22,19,22,18,20,18,20,14;1,0,0,29,3,29,3,33,6,33,6,38,8,38;1,0,25,38,20,38,20,34,25,34,25,36,29,36;0,-1,34,17,38,17,38,12,33,12,33,10;0,1,38,21,38,18,35,18,35,21,37,21,37,26;0,-1,4,15,4,13,9,13,9,11,11,11,11,7;-1,0,14,1,12,1,12,5,9,5,9,9,4,9;1,0,28,0,26,0,26,3,21,3,21,5,24,5;0,-1,37,4,32,4,32,8,33,8,33,6;0,1,7,27,6,27,6,30,8,30,8,31,11,31,11,36;1,0,29,39,29,37,33,37,33,35,28,35,28,33,30,33;1,0,37,36,37,34,33,34,33,33,36,33;0,-1,31,5,29,5,29,3,34,3,34,2;0,-1,6,11,3,11,3,8,0,8,0,6,1,6,1,3;0,1,5,30,5,32,10,32,10,34;-1,0,0,21,1,21,1,26,5,26,5,28,3,28;1,0,27,35,27,33,23,33,23,32,28,32;0,1,21,33,19,33,19,35,15,35,15,36;-1,0,4,27,2,27,2,28,1,28;0,1,7,39,12,39,12,36,13,36,13,38;1,0,34,32,34,30,31,30,31,28,29,28,29,32,30,32;0,1,19,38,19,36,17,36,17,37,15,37,15,38;0,1,3,38,5,38,5,34,2,34,2,38;0,1,0,33,2,33,2,30,1,30,1,31;1,0,31,27,31,26,32,26,32,27,37,27;0,-1,25,2,20,2,20,0,16,0,16,3,19,3,19,1;-1,0,2,23,4,23,4,18,3,18,3,13,1,13;0,-1,7,5,7,1,5,1,5,6,8,6,8,1;1,0,33,28,35,28,35,32,37,32;0,-1,5,0,9,0,9,4,10,4,10,3;1,0,31,38,30,38,30,39,32,39,32,38,36,38;0,-1,14,0,11,0,11,2,10,2,10,1;-1,0,0,20,0,19,3,19,3,20,1,20;1,0,37,9,37,5,34,5,34,7,35,7,35,11,37,11;1,0,27,1,27,2,31,2,31,0,35,0,35,2,36,2;0,-1,12,7,13,7,13,5,15,5,15,4;0,1,12,34,12,35,14,35,14,36;-1,0,0,0,0,2,2,2,2,5,4,5,4,1,1,1;0,1,4,39,0,39,0,34,1,34,1,36;-1,0,6,12,2,12,2,11,1,11;0,-1,14,2,13,2,13,3,15,3,15,1;1,0,38,31,38,28,36,28,36,31,37,31;1,0,38,0,36,0,36,1,37,1;1,0,36,7,36,10,37,10;0,1,24,35,24,37,28,37,28,38;-1,0,0,18,0,16,2,16,2,14,1,14;-1,0,0,10,2,10,2,9,1,9;1,0,35,36,36,36,36,35,34,35,34,37,36,37;0,1,36,39,38,39,38,37,37,37,37,38;1,0,3,41,0,41,0,40,5,40;1,0,12,41,10,41,10,40,15,40;0,1,28,39,28,41,25,41,25,39,22,39,22,40;0,-1,40,11,40,7,39,7,39,5
44,51|-1,0,13,40,12,40;0,1,5,32,5,33;0,1,8,37,8,38;-1,0,10,38,9,38;0,1,6,33,6,34;0,1,7,35,7,36;0,1,6,31,6,32;-1,0,13,39,12,39;0,1,7,33,7,34;0,1,8,35,8,36;0,1,27,38,27,39;-1,0,12,38,11,38;-1,0,10,36,9,36;0,1,8,33,8,34;0,1,13,37,13,38;0,1,14,38,14,40,15,40,15,41;-1,0,11,36,11,37,9,37;0,-1,14,7,15,7,15,6;0,1,7,29,7,32,9,32,9,35;1,0,32,15,34,15,34,16,35,16;-1,0,12,33,10,33;-1,0,16,42,16,39,15,39;0,1,23,36,23,38,25,38,25,39;0,1,28,37,26,37,26,39;1,0,32,17,32,18,33,18;-1,0,12,37,12,35,11,35;0,1,10,34,13,34,13,36;-1,0,12,31,12,30,11,30;1,0,30,11,30,10,32,10,32,9,33,9;0,-1,28,10,28,7;0,1,29,38,29,34,28,34,28,36;0,1,26,35,26,34,27,34,27,35;-1,0,14,29,11,29;0,-1,23,8,23,10,24,10,24,8;0,-1,15,8,17,8,17,7,16,7,16,5;0,-1,14,14,14,12;0,-1,27,9,27,11,29,11,29,8;0,-1,11,12,11,8,13,8,13,7;-1,0,12,32,16,32,16,31,14,31;0,-1,25,11,25,9;0,-1,28,13,28,12,26,12,26,11;0,-1,30,12,30,13,31,13,31,12;0,-1,18,10,18,8,21,8,21,5;0,-1,26,13,27,13,27,14,29,14,29,12;1,0,31,15,31,16,32,16;0,-1,21,12,21,10,22,10,22,8;0,-1,33,12,33,14,34,14,34,12;0,1,24,36,24,34,23,34,23,35;-1,0,15,38,15,36,14,36,14,33,13,33;0,-1,29,17,30,17,30,14,32,14,32,12;0,-1,30,19,30,18,31,18,31,17;-1,0,10,9,10,13,7,13;0,-1,7,17,8,17,8,14;0,-1,17,11,17,9;-1,0,9,15,11,15,11,14,9,14;0,-1,9,17,9,16,12,16,12,14;0,1,26,30,26,31;0,1,20,40,20,38,22,38,22,40;-1,0,17,41,17,40,19,40,19,37,16,37;0,1,19,34,19,36,22,36,22,37;-1,0,15,29,15,28,13,28;0,1,30,32,29,32,29,33;0,-1,23,13,23,11;-1,0,14,17,11,17;0,-1,31,20,31,19;0,1,30,31,28,31,28,32;0,-1,25,14,25,12,24,12,24,11;0,1,29,29,29,30,27,30,27,33;-1,0,12,18,15,18,15,15,13,15;-1,0,16,23,15,23,15,22,13,22;-1,0,16,26,15,26;0,1,30,29,30,26,29,26,29,28;0,-1,16,10,16,12,18,12,18,11;0,-1,18,13,20,13,20,11;0,-1,23,14,22,14,22,12;0,-1,17,15,17,14,15,14,15,11;-1,0,16,17,16,19,15,19;0,1,15,35,15,34,18,34,18,36;-1,0,18,14,18,16,16,16;-1,0,20,33,16,33;0,1,17,28,17,31,19,31,19,32;0,-1,25,16,26,16,26,17,27,17,27,15;0,-1,21,14,20,14,20,17,19,17,19,15;-1,0,18,20,16,20;-1,0,24,13,24,15,22,15;0,1,26,27,28,27,28,28;-1,0,22,16,21,16;0,1,22,35,22,33,25,33,25,34;-1,0,17,24,16,24;0,-1,25,17,25,18,24,18,24,16;-1,0,17,19,19,19,19,18,18,18;1,0,30,20,30,21,32,21;0,-1,27,25,27,21,29,21,29,20;-1,0,18,26,18,27,14,27;-1,0,23,32,21,32,21,34,20,34;-1,0,24,32,24,31,21,31;-1,0,22,29,23,29,23,30,19,30;0,-1,25,26,28,26,28,23;-1,0,22,17,22,18,20,18;1,0,18,28,22,28;0,-1,24,19,23,19,23,16;-1,0,22,19,21,19,21,20,19,20;1,0,20,21,22,21,22,20,24,20;-1,0,21,22,18,22;-1,0,16,25,20,25,20,27,19,27;-1,0,20,24,18,24;-1,0,25,27,22,27;1,0,17,23,21,23,21,26,24,26;0,-1,10,28,7,28,7,27,2,27,2,23,6,23,6,18;-1,0,23,0,18,0,18,4,13,4;0,1,6,35,4,35,4,37,7,37,7,39,4,39,4,43;1,0,24,6,22,6,22,3,27,3,27,1,29,1;1,0,25,45,29,45,29,40,24,40,24,43,28,43;1,0,35,0,35,3,30,3,30,8,32,8,32,4,36,4;0,-1,1,17,4,17,4,15,6,15,6,13;0,-1,12,4,12,7,8,7,8,10,4,10,4,8;0,1,40,9,37,9,37,11,35,11,35,15,37,15,37,18;0,1,37,23,39,23,39,20,40,20,40,18,38,18,38,20;0,1,35,27,35,31,38,31,38,26,34,26,34,31;0,1,40,37,38,37,38,35,36,35,36,38,31,38,31,43;-1,0,9,39,9,43,6,43,6,47,10,47,10,44,7,44;-1,0,3,2,3,0,8,0,8,3,13,3,13,2,11,2;1,0,28,38,28,39,30,39,30,44,32,44;-1,0,5,43,5,46,2,46;1,0,33,46,33,44,36,44,36,39,32,39,32,43,34,43;0,1,0,31,0,27,1,27,1,32;0,1,22,46,22,41,20,41,20,46;-1,0,0,14,0,19,3,19,3,18,5,18,5,20,3,20;-1,0,1,20,1,21,5,21,5,22,3,22;-1,0,7,6,11,6,11,4,9,4,9,5,6,5;-1,0,0,3,4,3,4,7,1,7;0,1,14,44,18,44,18,41,19,41,19,44;-1,0,9,9,9,11,5,11;-1,0,0,35,3,35,3,37,2,37;0,-1,36,10,36,8,40,8,40,3,36,3,36,1;0,1,39,40,37,40,37,38,40,38,40,41,37,41,37,44;0,-1,2,0,2,2,1,2,1,1;-1,0,2,36,0,36,0,38,3,38,3,39,1,39;1,0,33,26,31,26,31,28,32,28,32,33,37,33;0,-1,29,7,29,6,28,6,28,2,31,2,31,1;-1,0,0,32,0,34,4,34,4,33,2,33;1,0,36,0,37,0,37,2,39,2;0,-1,9,0,14,0,14,3,17,3,17,2;0,1,17,43,14,43,14,41,13,41,13,43;-1,0,0,13,0,9,1,9,1,8,3,8,3,10,1,10;1,0,40,43,40,46,37,46,37,47,35,47,35,45,38,45;0,-1,30,0,34,0,34,2,32,2,32,1;1,0,39,45,39,44,38,44,38,42,39,42;-1,0,0,39,0,40,3,40,3,43,2,43;1,0,39,13,39,12,37,12,37,14,39,14;0,1,1,45,1,46,0,46,0,41,1,41,1,44;1,0,31,25,30,25,30,22,32,22,32,25,36,25;1,0,39,29,39,24,36,24,36,22,33,22,33,24,35,24;0,1,11,41,11,44,13,44,13,46;-1,0,0,6,3,6,3,4,2,4;1,0,33,29,33,32,35,32;1,0,36,32,38,32,38,33,39,33;1,0,40,12,40,15,38,15,38,17,39,17;0,-1,17,1,17,0,15,0,15,2,16,2,16,1;0,-1,23,1,22,1,22,2,24,2,24,1;1,0,30,38,30,34,33,34;0,1,34,45,34,47,32,47,32,45,30,45,30,46;0,1,28,44,24,44,24,45;0,1,24,39,23,39,23,42;1,0,34,35,33,35,33,37,35,37,35,34,39,34;0,-1,29,0,26,0,26,2,25,2,25,1;0,1,13,47,11,47,11,45,12,45,12,46;0,1,15,47,15,45,17,45,17,46;0,1,23,43,23,47,19,47,19,45,18,45,18,46;1,0,40,2,40,0,38,0,38,1,39,1;1,0,42,36,42,32,39,32,39,30,40,30;0,-1,42,26,42,29,40,29,40,27,41,27,41,22;0,-1,41,4,41,2,42,2,42,7,41,7,41,5;0,1,40,42,41,42,41,45;1,0,5,48,5,47,1,47,1,49,6,49,6,48,10,48;1,0,41,10,38,10,38,11,39,11;1,0,11,48,12,48,12,49,14,49,14,48,18,48;1,0,22,49,27,49,27,46,29,46,29,48,31,48;0,1,42,42,42,46,41,46,41,48;1,0,40,25,40,21,41,21;0,1,40,49,40,47,38,47,38,48;1,0,40,11,41,11,41,14,43,14;-1,0,41,49,43,49,43,51,39,51,39,50,36,50;0,1,25,47,24,47,24,46,26,46,26,48,21,48,21,50;1,0,39,16,41,16,41,20,42,20,42,25,43,25;0,1,28,51,31,51,31,49,29,49,29,50;0,1,7,51,10,51,10,49,7,49,7,50;1,0,44,14,44,9,41,9,41,8,43,8
40,47|-1,0,6,31,5,31;0,1,17,38,17,39;0,-1,29,7,29,6;0,1,16,38,16,39;0,-1,16,7,16,6;0,1,5,36,5,37;0,1,20,37,20,38;1,0,28,19,29,19;-1,0,8,30,7,30;0,-1,17,7,17,6;0,-1,13,8,14,8,14,5;0,1,12,38,10,38,10,39;0,1,15,37,15,38,14,38,14,40;-1,0,15,8,15,9,13,9;0,1,6,34,6,37;-1,0,10,25,8,25;0,1,20,36,22,36,22,38;0,1,11,37,9,37,9,40;0,-1,27,7,27,8,30,8,30,7;0,1,17,37,19,37,19,38;0,-1,26,11,26,9;1,0,31,18,31,15,33,15;-1,0,7,21,8,21,8,24,7,24;-1,0,9,22,9,20,7,20;-1,0,10,21,10,19,9,19;-1,0,15,23,14,23;0,-1,30,11,30,9,31,9,31,8;0,-1,13,14,13,15,11,15,11,13;1,0,28,9,29,9,29,12,33,12;0,1,9,34,9,36;0,-1,26,12,27,12,27,11;0,1,14,37,13,37,13,39;1,0,29,14,32,14,32,13,33,13;0,1,17,35,17,36,16,36,16,37;-1,0,17,12,18,12,18,11,17,11;1,0,30,17,30,15,28,15,28,13,30,13;0,-1,11,19,11,18,9,18,9,16;0,1,12,37,12,35,13,35,13,36;1,0,25,20,25,21,26,21;1,0,27,19,27,17,28,17;0,1,20,35,23,35,23,37;0,1,17,34,19,34,19,36;-1,0,15,10,17,10,17,8,16,8;-1,0,13,25,11,25,11,24,10,24;-1,0,7,31,8,31,8,32,6,32;-1,0,14,14,14,16,13,16;0,-1,15,15,15,14,16,14,16,13;1,0,23,17,24,17,24,16,28,16;0,-1,14,17,16,17,16,15;0,-1,19,7,18,7,18,6;0,-1,11,20,12,20,12,17;0,-1,25,11,25,9,22,9,22,7;0,1,5,34,5,33,7,33,7,36;1,0,25,13,27,13;0,-1,22,10,18,10,18,8,21,8,21,7;0,1,15,36,15,34,14,34,14,36;-1,0,16,20,13,20;0,1,18,33,16,33,16,35;-1,0,13,22,11,22;-1,0,17,19,14,19,14,18,13,18;-1,0,18,19,18,20,17,20;0,-1,11,29,7,29,7,27;0,1,15,33,15,32,19,32,19,33;-1,0,17,16,19,16,19,18,16,18;1,0,24,19,26,19;1,0,27,15,27,14,24,14,24,12,25,12;0,1,9,30,9,33,8,33,8,37;0,1,10,35,10,32,11,32,11,35;-1,0,13,33,12,33,12,31,10,31;-1,0,20,13,20,15,19,15;0,-1,23,11,23,12,22,12,22,11;0,1,16,26,16,28;1,0,24,21,24,22,25,22;0,1,15,29,13,29,13,30;1,0,22,34,24,34,24,30,25,30;0,1,18,29,18,31;0,-1,22,14,22,13,21,13,21,11;0,-1,23,16,23,13;0,-1,21,14,21,18,20,18,20,16;-1,0,12,27,13,27,13,26,12,26;1,0,22,15,22,18,25,18;-1,0,14,26,14,28,12,28,12,30,10,30;-1,0,17,22,15,22,15,21,12,21;0,-1,15,28,15,25,16,25,16,23;0,1,21,34,21,30,23,30,23,33;0,1,22,29,19,29,19,31,20,31,20,34;0,1,25,28,25,27,22,27,22,28;0,-1,18,21,19,21,19,19;0,-1,20,21,22,21,22,19;0,-1,20,22,23,22,23,19;1,0,21,23,21,24,18,24,18,22,19,22;0,-1,22,26,23,26,23,25;0,1,17,23,17,26,21,26,21,28;1,0,8,41,4,41,4,45,9,45,9,41,13,41;1,0,8,5,10,5,10,0,13,0,13,2,18,2;0,-1,11,28,9,28,9,26,6,26,6,21,2,21,2,17;0,-1,26,22,29,22,29,20,32,20,32,16,37,16,37,13;1,0,19,43,19,41,14,41,14,45,10,45,10,42,12,42;1,0,38,0,38,3,35,3,35,0,30,0,30,2,33,2;1,0,24,38,24,42,22,42,22,39,20,39,20,43,22,43;0,-1,4,16,8,16,8,12,12,12,12,7,7,7,7,3;-1,0,7,15,7,13,6,13,6,9,4,9,4,14,1,14;-1,0,3,33,0,33,0,30,4,30,4,32,2,32;1,0,34,3,32,3,32,8,34,8,34,12,37,12;1,0,36,36,36,38,34,38,34,34,31,34,31,30,33,30;0,-1,4,0,4,1,8,1,8,4,9,4,9,1;0,-1,29,1,25,1,25,5,21,5,21,3;1,0,34,28,34,31,32,31,32,32,33,32;0,-1,1,22,1,17,0,17,0,13,3,13,3,10;0,-1,7,2,4,2,4,4,6,4,6,7,3,7,3,3;1,0,38,13,38,9,35,9,35,11,36,11;0,1,36,23,37,23,37,24,35,24,35,20,37,20,37,22;0,1,38,43,38,38,37,38,37,40;0,-1,2,8,2,6,1,6,1,2,3,2,3,1;0,-1,15,0,19,0,19,2,21,2,21,1;0,1,36,42,36,45,32,45,32,41,37,41,37,42;-1,0,5,28,5,30,6,30,6,27,1,27;1,0,32,21,32,23,27,23,27,27,30,27;0,1,27,33,30,33,30,28,27,28,27,31;0,1,26,27,26,31,25,31,25,36,30,36,30,39;1,0,37,27,37,30,38,30,38,34,35,34,35,30,36,30;-1,0,0,23,0,25,2,25,2,26,5,26,5,24,2,24;1,0,34,18,37,18,37,17,33,17,33,19,37,19;0,1,20,45,15,45,15,42,16,42,16,44;0,-1,22,1,24,1,24,4,22,4,22,2;1,0,38,8,36,8,36,7,34,7,34,6,36,6;-1,0,8,11,8,8,3,8,3,9,1,9;0,1,28,41,25,41,25,37,27,37,27,40,30,40,30,44;-1,0,1,26,0,26,0,29,4,29,4,28,2,28;0,1,25,42,27,42,27,43,23,43,23,44;-1,0,0,43,3,43,3,38,8,38,8,40,6,40;1,0,35,37,35,35,37,35;1,0,33,21,33,24,28,24,28,25,31,25;1,0,33,7,33,4,37,4;1,0,31,27,32,27,32,25,33,25;0,1,32,38,32,40,33,40,33,37,31,37,31,41;1,0,32,28,31,28,31,29,33,29,33,26,36,26;-1,0,3,34,0,34,0,39,2,39,2,42,1,42;0,-1,36,0,37,0,37,2,36,2,36,1;-1,0,1,44,1,45,3,45,3,44,2,44;-1,0,0,9,0,12,2,12,2,11,1,11;1,0,38,24,40,24,40,29,38,29,38,27,39,27;1,0,40,41,40,37,38,37,38,35,39,35;0,-1,39,12,39,13,40,13,40,11,39,11,39,6;-1,0,19,44,22,44,22,46,19,46;1,0,40,14,40,19,38,19,38,21,39,21
39,43|0,1,17,35,17,36;0,1,18,35,18,36;0,1,22,35,22,36;0,1,14,34,14,35;0,1,21,35,21,36;0,1,15,34,15,35;0,1,16,34,16,35;-1,0,6,26,5,26;-1,0,7,27,6,27;0,1,13,33,13,34;-1,0,8,21,7,21;0,1,14,33,14,31,12,31,12,33;-1,0,5,13,7,13,7,12,6,12;-1,0,7,22,7,24,6,24;0,-1,7,14,8,14,8,13;0,1,15,31,15,33,17,33,17,34;0,-1,7,15,6,15,6,14;0,1,22,31,22,34;-1,0,12,12,10,12;-1,0,6,29,6,31,5,31;0,1,21,34,20,34,20,35;0,1,25,32,25,33;0,1,23,32,23,34;-1,0,9,20,8,20;0,-1,5,14,5,18,6,18,6,16;-1,0,8,29,8,28,6,28;-1,0,12,5,13,5,13,7,10,7;-1,0,8,25,5,25;1,0,28,10,30,10;0,1,26,33,26,31,24,31,24,34;0,1,29,32,27,32,27,35;1,0,19,35,19,33,21,33;0,1,8,32,8,33,9,33,9,34;-1,0,9,32,10,32,10,31,9,31;-1,0,8,15,8,16,7,16;0,1,13,30,11,30,11,33;-1,0,11,8,12,8,12,10,10,10;0,-1,11,11,13,11,13,10;1,0,30,16,30,13,31,13;0,1,19,31,20,31,20,32;0,1,21,30,23,30,23,31;-1,0,8,27,9,27,9,30,7,30;0,1,22,29,20,29,20,30;1,0,29,15,29,12,30,12;0,1,18,32,18,34;-1,0,15,30,15,29,13,29;0,1,7,26,10,26,10,28;-1,0,9,15,9,16,10,16,10,17,7,17;0,1,32,26,30,26,30,30;-1,0,17,31,17,32,16,32;1,0,27,14,28,14,28,11,30,11;-1,0,11,27,13,27,13,25,9,25;-1,0,10,19,9,19;-1,0,16,12,13,12;0,1,17,30,17,29,18,29,18,31;-1,0,15,9,16,9,16,11,14,11;-1,0,11,17,11,18,10,18;0,1,24,30,24,28,23,28,23,29;1,0,24,10,22,10,22,9,25,9;0,-1,26,14,26,13,27,13,27,11;0,-1,25,12,24,12,24,11;0,-1,31,17,31,19,28,19,28,18;0,1,29,27,29,30,27,30,27,31;1,0,27,15,24,15,24,17,25,17;-1,0,19,11,17,11,17,8,16,8;0,1,23,26,25,26,25,29;-1,0,16,26,15,26,15,28,13,28;-1,0,20,28,17,28,17,27,16,27;0,1,18,27,18,24,17,24,17,26;0,-1,13,16,11,16,11,13;-1,0,11,24,8,24;-1,0,12,17,12,20,10,20;-1,0,13,23,10,23,10,21,9,21;-1,0,14,23,14,22,13,22;0,1,15,22,15,23,16,23,16,25;-1,0,19,27,22,27,22,28,21,28;0,-1,17,14,16,14,16,17,17,17,17,15;-1,0,22,26,22,24,19,24;0,-1,22,12,22,13,21,13,21,10;-1,0,19,15,20,15,20,12,19,12;0,-1,25,13,23,13,23,11;-1,0,23,25,23,23,22,23;0,-1,14,16,14,19,13,19,13,17;0,1,27,25,27,28,26,28,26,30;1,0,20,16,21,16,21,14,25,14;0,1,15,19,15,21,16,21,16,22;0,-1,16,18,15,18,15,16;0,-1,28,20,27,20,27,18;0,-1,30,22,27,22,27,21;0,1,25,24,28,24,28,27;0,-1,28,23,26,23,26,20;0,1,23,22,24,22,24,24;0,1,21,20,24,20,24,21,25,21,25,22;0,-1,17,18,19,18,19,19,23,19,23,17;-1,0,14,36,14,38,12,38,12,36,9,36;1,0,20,37,25,37,25,34,26,34,26,38,29,38;0,1,4,20,4,23,0,23,0,28,2,28,2,31;0,1,34,14,35,14,35,10,31,10,31,12,33,12,33,14;1,0,28,37,28,36,32,36,32,38,35,38;-1,0,18,41,22,41,22,38,20,38,20,40,15,40;-1,0,8,11,8,8,4,8,4,13,3,13;-1,0,8,41,6,41,6,40,1,40;1,0,20,0,20,2,23,2,23,0,26,0,26,2,28,2;0,-1,29,9,29,6,25,6,25,4,29,4,29,1;0,-1,0,7,0,12,1,12,1,7,6,7,6,3;-1,0,14,1,14,5,16,5,16,0,11,0,11,1,6,1;-1,0,2,16,0,16,0,19,4,19,4,18,3,18;-1,0,1,4,1,1,5,1,5,3,2,3;0,-1,29,0,33,0,33,4,30,4,30,1;-1,0,15,37,15,39,11,39,11,37,9,37;1,0,34,32,34,28,31,28,31,33,28,33,28,35,29,35;-1,0,11,35,8,35,8,37,7,37;0,1,23,41,23,38,25,38,25,40;1,0,30,35,32,35,32,34,36,34;0,-1,36,12,37,12,37,7,34,7,34,3;-1,0,2,18,2,17,4,17,4,14,3,14;-1,0,9,40,9,41,10,41,10,39,6,39,6,37,4,37;-1,0,8,34,7,34,7,32,6,32,6,34,2,34;0,-1,20,5,23,5,23,8,19,8,19,4;-1,0,0,31,0,35,3,35,3,36,7,36,7,35,4,35;-1,0,0,20,1,20,1,22,3,22,3,20,2,20;-1,0,2,4,5,4,5,5,4,5;1,0,37,16,37,13,36,13,36,15,32,15,32,19,33,19;1,0,29,26,29,24,33,24,33,26,36,26;1,0,33,31,32,31,32,33,35,33,35,28,36,28;-1,0,0,37,3,37,3,39,5,39,5,38,4,38;-1,0,5,41,0,41,0,38,2,38,2,39,1,39;0,1,27,39,29,39,29,41,33,41,33,39,35,39,35,40;1,0,37,35,33,35,33,37,35,37;1,0,37,2,34,2,34,1,36,1;0,-1,21,4,21,3,19,3,19,2;1,0,36,16,33,16,33,18,36,18;1,0,28,21,30,21,30,20,35,20;-1,0,3,8,2,8,2,13,1,13;1,0,33,22,37,22,37,25,34,25,34,24,35,24;0,-1,20,9,20,10,18,10,18,8;1,0,37,5,37,3,35,3,35,5,36,5;1,0,33,23,31,23,31,21,35,21;0,1,34,36,36,36,36,38;-1,0,0,3,0,6,3,6,3,5,2,5;0,-1,18,3,18,7,17,7,17,4;0,1,37,37,37,39,36,39,36,40;-1,0,3,16,3,15,2,15,2,14,1,14;0,-1,39,33,39,35,38,35,38,32;-1,0,6,43,9,43,9,42,5,42;1,0,24,43,21,43,21,42,26,42;0,1,32,42,28,42,28,40,27,40,27,41
42,48|0,1,6,31,6,32;-1,0,8,32,7,32;-1,0,8,31,7,31;-1,0,7,30,6,30;0,1,8,35,8,36;0,1,5,28,5,29;0,1,9,36,9,37;-1,0,7,29,6,29;-1,0,11,38,10,38;0,1,14,39,14,40;0,1,6,27,6,28;0,-1,24,6,24,5;1,0,31,12,32,12;1,0,32,13,33,13;0,-1,23,7,23,6;1,0,34,15,35,15;-1,0,11,36,10,36;1,0,30,13,31,13;0,1,16,39,16,40;1,0,32,8,33,8;-1,0,13,36,12,36;1,0,28,13,29,13;-1,0,13,38,13,39,12,39,12,37,10,37;1,0,34,16,35,16;-1,0,9,31,9,34,8,34;1,0,32,14,34,14;1,0,30,14,31,14;0,-1,21,7,22,7,22,5;0,-1,35,11,35,9,31,9,31,6;-1,0,13,35,9,35;1,0,26,13,26,14,29,14;-1,0,15,39,15,38,14,38;1,0,29,15,33,15,33,17,35,17;0,-1,26,7,27,7,27,5;-1,0,8,30,8,28,7,28;0,-1,30,6,29,6,29,8,30,8,30,7;-1,0,11,27,10,27;0,-1,24,8,20,8,20,7;-1,0,10,34,13,34,13,33,10,33;1,0,28,6,28,9,27,9,27,10,29,10;0,-1,30,12,30,11,26,11,26,8;-1,0,14,33,14,32,11,32;0,-1,18,10,18,9;0,-1,18,13,18,11,19,11,19,9;0,-1,24,9,24,11,25,11,25,7;0,-1,20,11,20,9;0,1,20,40,19,40,19,39,17,39,17,41;-1,0,14,34,14,37,13,37;0,-1,22,10,23,10,23,9;1,0,34,20,33,20,33,18,34,18;0,1,12,25,12,28,9,28,9,30;-1,0,14,29,17,29,17,28,16,28;0,-1,22,11,22,12,21,12,21,9;-1,0,20,28,18,28,18,27,17,27;-1,0,11,26,10,26,10,25,8,25;0,-1,32,17,32,19,31,19,31,18;1,0,25,15,25,12,27,12;-1,0,14,31,16,31,16,33,15,33;-1,0,18,29,19,29,19,30,18,30;0,-1,24,14,22,14,22,13;0,1,17,37,17,38;0,-1,28,21,31,21,31,20,30,20,30,19;1,0,19,38,19,36,23,36;1,0,26,17,25,17,25,19,27,19;0,-1,24,15,21,15,21,13,20,13,20,12;1,0,24,32,24,31,22,31,22,33,23,33;0,1,19,35,19,34,20,34,20,35;1,0,23,18,23,16,25,16;1,0,18,32,21,32,21,34,25,34;-1,0,11,25,11,21,10,21;-1,0,11,16,12,16,12,19,10,19;1,0,27,20,27,23,29,23,29,22,33,22;1,0,24,30,24,29,25,29;-1,0,13,26,13,23,12,23;0,1,18,37,18,36,16,36,16,38;0,1,18,33,18,35,15,35,15,37;0,-1,11,20,13,20,13,17;1,0,26,22,26,20,24,20,24,22,25,22;-1,0,15,23,15,22,12,22;0,1,20,29,21,29,21,31,17,31,17,34;0,-1,17,15,17,17,19,17,19,16;0,1,26,28,23,28,23,30;0,-1,17,18,16,18,16,15;0,1,22,27,22,30;0,-1,15,16,15,20,14,20,14,17;1,0,23,20,22,20,22,22,23,22;0,1,17,25,19,25,19,27;-1,0,15,24,16,24,16,21,13,21;0,1,17,21,17,24,21,24,21,28;-1,0,22,16,22,17,20,17;0,-1,24,19,20,19,20,18;0,-1,19,21,18,21,18,20;0,-1,20,23,20,20;0,-1,25,24,22,24,22,23,21,23,21,20;-1,0,25,2,23,2,23,0,18,0,18,1,14,1;0,1,33,29,33,33,36,33,36,36;-1,0,7,33,7,34,5,34,5,30,3,30;0,-1,37,16,40,16,40,21,39,21,39,17;1,0,4,37,8,37,8,39,11,39,11,43,16,43;0,-1,38,11,40,11,40,15,37,15,37,11;1,0,27,2,29,2,29,0,31,0,31,1,36,1;0,-1,9,26,7,26,7,23,3,23,3,18,1,18,1,16;0,1,29,32,29,36,32,36,32,38,36,38,36,43;-1,0,15,0,12,0,12,3,7,3;1,0,0,5,0,0,4,0,4,4,9,4;-1,0,37,44,37,41,39,41,39,45,34,45;0,-1,34,5,36,5,36,10,40,10,40,8,37,8,37,5;0,-1,38,1,38,6,39,6,39,3;0,1,3,44,3,46,7,46,7,44,11,44,11,45;1,0,35,22,35,27,40,27,40,30,37,30,37,33,38,33;0,1,2,21,0,21,0,24,1,24,1,28;-1,0,0,44,0,39,2,39,2,36,7,36,7,35,5,35;0,1,36,44,32,44,32,39,28,39,28,41;-1,0,20,14,15,14,15,9,12,9;-1,0,15,15,12,15,12,12,9,12,9,8,4,8;0,1,31,43,31,40,29,40,29,42;-1,0,1,31,1,35,4,35,4,34,2,34;-1,0,2,30,2,27,4,27,4,29,3,29;-1,0,21,4,22,4,22,2,20,2,20,6,18,6;-1,0,19,5,19,3,17,3,17,7,12,7;-1,0,14,14,14,10,11,10,11,6,8,6;1,0,36,15,36,17,38,17,38,18,36,18,36,23,39,23;0,1,29,45,33,45,33,46,28,46,28,42,26,42,26,44;0,1,21,39,21,42,17,42,17,45;0,1,20,39,20,37,22,37,22,38;-1,0,6,6,4,6,4,5,7,5,7,7,2,7;-1,0,3,12,3,8,2,8,2,13,4,13,4,15,1,15;0,1,10,45,10,46,12,46,12,44,14,44,14,45;0,1,25,40,25,43,21,43,21,45;-1,0,1,1,3,1,3,6,2,6;1,0,37,22,40,22,40,24,36,24,36,26,37,26;0,-1,23,5,23,3,25,3,25,6,26,6,26,5;0,-1,5,1,5,0,6,0,6,3,5,3,5,2;1,0,40,25,38,25,38,26,39,26;0,1,25,46,25,44,22,44,22,45;1,0,37,40,40,40,40,36,37,36,37,39,39,39;0,-1,35,7,32,7,32,4,37,4,37,2;0,1,22,46,20,46,20,43,19,43,19,44;0,1,4,38,7,38,7,40,2,40,2,42;1,0,38,31,40,31,40,35,37,35,37,34,38,34;-1,0,1,44,1,43,2,43,2,45,1,45;0,-1,11,2,11,0,10,0,10,2,7,2,7,1;0,1,13,46,16,46,16,44,15,44,15,45;0,-1,40,5,40,2,39,2,39,1;0,1,36,48,38,48,38,46,34,46,34,47;-1,0,33,48,33,47,31,47,31,48,27,48,27,47,23,47;0,-1,42,32,41,32,41,28,42,28,42,25,41,25,41,22
40,42|-1,0,7,18,6,18;0,1,23,36,23,37;-1,0,7,20,6,20;-1,0,8,21,7,21;0,1,5,11,5,12;-1,0,7,10,6,10;-1,0,9,17,8,17;-1,0,9,18,8,18;-1,0,7,13,6,13;-1,0,8,14,7,14;0,1,33,33,33,34;-1,0,9,13,8,13;-1,0,9,15,8,15;0,1,35,29,35,30;0,-1,6,12,6,11,8,11,8,7;-1,0,10,9,9,9;-1,0,10,12,8,12;0,1,28,33,28,35,25,35,25,36;0,-1,9,11,9,10,11,10,11,9;0,1,27,31,27,33,25,33,25,34;0,1,34,28,34,31;0,1,17,37,17,34,15,34,15,36;0,-1,17,6,17,7,18,7,18,5;-1,0,10,20,8,20,8,19,7,19;-1,0,9,14,11,14,11,11,10,11;-1,0,8,16,10,16,10,19,9,19;-1,0,10,22,9,22,9,24,8,24;0,-1,27,12,28,12,28,14,27,14,27,13;1,0,23,7,23,5,24,5,24,6,25,6;0,-1,15,6,16,6,16,9,17,9,17,8;-1,0,9,28,12,28,12,29,10,29;0,-1,17,10,18,10,18,8;-1,0,13,28,13,27,11,27;-1,0,12,31,11,31,11,32,10,32;0,-1,17,14,16,14,16,11;1,0,31,30,33,30;0,1,33,32,32,32,32,35,30,35,30,37;0,1,28,32,28,30,26,30,26,31;0,-1,20,8,20,10,19,10,19,8;1,0,34,21,32,21,32,22,35,22;1,0,23,8,25,8,25,9,26,9;0,-1,16,15,15,15,15,12,13,12,13,10;-1,0,12,14,12,15,10,15;0,1,25,31,25,29,29,29,29,30;1,0,22,7,22,9,24,9;0,-1,11,16,13,16,13,13;0,-1,16,16,16,18,14,18,14,14;0,1,31,34,31,32,30,32,30,34;0,-1,23,10,21,10,21,9;0,-1,26,16,26,15,25,15,25,14;0,-1,21,14,21,11,24,11,24,10;-1,0,16,32,14,32,14,31,13,31;0,1,25,23,25,25,28,25,28,28;0,-1,27,16,27,15,29,15,29,11;0,-1,18,13,20,13,20,15,22,15,22,13;0,1,24,35,21,35,21,37;0,-1,19,17,19,16;0,1,35,25,34,25,34,27;-1,0,15,26,12,26;0,-1,18,18,18,17;1,0,33,28,30,28,30,31,32,31;0,-1,24,15,24,14,23,14,23,13;1,0,21,34,22,34,22,33,24,33;0,1,13,25,13,24,10,24,10,25;0,1,31,27,31,26,32,26,32,27;1,0,20,36,20,33,21,33;1,0,30,17,30,18,31,18;0,1,30,23,33,23,33,27;0,-1,13,20,11,20,11,17;-1,0,11,22,12,22,12,23,11,23;1,0,30,19,30,20,32,20;-1,0,13,23,13,21,9,21;1,0,31,16,28,16,28,18,29,18;0,1,29,23,27,23,27,24;1,0,20,32,23,32,23,31,24,31;0,-1,28,19,29,19,29,22,31,22,31,21;1,0,21,29,19,29,19,31,22,31;1,0,27,17,24,17,24,16,25,16;0,-1,16,21,16,19,17,19,17,16;0,-1,18,21,18,20,19,20,19,18;-1,0,21,20,21,19,20,19;-1,0,15,29,15,27,14,27;0,1,26,18,27,18,27,21,26,21,26,24;-1,0,17,32,19,32,19,33,18,33;0,1,16,31,17,31,17,29,18,29,18,31;1,0,22,26,22,23,23,23;0,-1,16,22,14,22,14,21;-1,0,20,28,16,28,16,30,14,30;0,1,21,28,21,25,20,25,20,27;1,0,19,26,18,26,18,24,21,24;1,0,23,19,23,18,25,18;0,-1,22,20,22,17;0,-1,18,22,17,22,17,21;-1,0,23,21,20,21,20,23,16,23;0,1,3,21,3,26,5,26,5,29;0,-1,6,21,4,21,4,17,2,17,2,13;0,-1,20,2,15,2,15,5,12,5,12,8,10,8,10,7;1,0,27,38,32,38,32,36,34,36,34,32,35,32;-1,0,14,34,9,34,9,30,5,30,5,34,1,34;1,0,28,11,27,11,27,10,29,10,29,7,31,7;1,0,40,18,38,18,38,23,35,23,35,24,39,24;-1,0,8,1,8,6,10,6,10,4,14,4,14,2,13,2;0,-1,34,10,32,10,32,12,37,12,37,7,34,7,34,2;0,-1,0,8,0,4,3,4,3,1;0,-1,19,4,19,6,22,6,22,5,21,5,21,2;-1,0,13,42,13,41,18,41,18,39,15,39;0,1,14,36,14,40,10,40,10,38,5,38,5,40;1,0,14,1,14,0,19,0,19,1,22,1;0,1,29,42,25,42,25,38,21,38,21,39;0,1,36,29,39,29,39,32,36,32,36,37,34,37,34,39;-1,0,6,34,6,31,8,31,8,35,5,35;0,-1,22,0,27,0,27,5,25,5,25,4;1,0,34,16,32,16,32,13,34,13;0,-1,7,17,7,15,4,15,4,11;1,0,24,37,26,37,26,39,29,39,29,41,34,41;0,-1,3,9,0,9,0,10,5,10,5,8;-1,0,9,42,9,39,6,39,6,42,4,42,4,38,2,38;1,0,37,0,33,0,33,1,37,1;1,0,40,13,40,11,38,11,38,7,39,7;0,1,0,35,4,35,4,37,1,37,1,39;-1,0,4,32,1,32,1,30,4,30,4,27,2,27;-1,0,0,37,0,42,3,42,3,41,2,41;0,-1,25,7,28,7,28,5,31,5,31,1;0,1,35,38,35,39,36,39,36,41;0,-1,40,1,40,5,39,5,39,1;1,0,40,32,40,37,37,37,37,35,39,35;0,1,15,38,19,38,19,42,24,42,24,39,22,39,22,40;0,1,8,42,7,42,7,40,8,40,8,41;1,0,35,19,35,18,36,18,36,20,34,20,34,17,37,17;-1,0,4,0,0,0,0,1,2,1,2,3,1,3;-1,0,1,25,1,29,3,29,3,28,2,28;1,0,40,16,38,16,38,13,35,13,35,14,37,14;0,1,36,38,40,38,40,39,37,39,37,41;0,-1,6,8,6,9,7,9,7,7,5,7,5,6;-1,0,2,25,2,22,1,22;0,-1,7,4,7,6,6,6,6,3;0,-1,31,15,31,14,30,14,30,9,32,9,32,5;1,0,37,2,35,2,35,6,38,6;0,1,40,42,40,40,39,40,39,41;0,-1,9,1,9,3,10,3,10,1;0,-1,4,6,4,7,3,7,3,5,5,5,5,3;0,-1,33,2,32,2,32,0,28,0,28,3,30,3,30,1;1,0,40,28,36,28,36,25,37,25;1,0,40,24,40,27,37,27,37,26,38,26;0,-1,7,3,7,2,5,2,5,1;0,-1,38,3,36,3,36,5,38,5,38,4;0,-1,13,3,11,3,11,1;-1,0,1,23,0,23,0,20,3,20,3,18,1,18
42,50|1,0,31,14,32,14;1,0,31,15,32,15;-1,0,9,39,8,39;-1,0,7,33,6,33;1,0,32,16,33,16;-1,0,11,40,10,40;-1,0,6,36,5,36;-1,0,7,34,6,34;-1,0,7,35,6,35;0,-1,29,7,29,6;0,1,15,38,15,39;-1,0,13,40,12,40;0,1,14,38,14,39;-1,0,11,39,10,39;1,0,32,11,33,11;0,1,10,37,10,38;0,1,11,37,11,38;-1,0,8,35,8,36,7,36,7,37,6,37;0,1,13,38,13,39;0,1,14,37,12,37,12,39;0,-1,27,8,27,6;0,1,16,40,16,39,20,39,20,41;0,1,15,35,15,37;0,-1,26,8,26,7,25,7,25,5;0,-1,20,6,19,6,19,5;1,0,30,9,32,9,32,10,33,10;-1,0,12,36,9,36,9,38,7,38;0,1,16,37,16,34,14,34,14,36;-1,0,10,10,11,10,11,11,10,11;0,-1,32,12,31,12,31,10,29,10,29,8;0,1,16,33,17,33,17,35;0,-1,26,9,28,9,28,7;1,0,30,15,30,13,31,13;0,1,17,32,18,32,18,36;0,1,18,31,18,30,19,30,19,32;-1,0,13,36,13,35,9,35;-1,0,22,35,22,38,21,38;0,1,19,29,17,29,17,31;0,-1,18,5,18,6,15,6,15,5;0,1,16,28,16,30;0,1,6,30,7,30,7,32;0,1,15,28,15,30,14,30,14,32;-1,0,10,14,10,16,8,16;-1,0,12,10,13,10,13,9,10,9;-1,0,8,30,8,29,6,29;0,1,20,34,24,34,24,37;0,1,23,31,23,33;0,-1,11,17,11,13,12,13,12,11;1,0,29,13,28,13,28,11,30,11;0,1,22,31,22,29,23,29,23,30;-1,0,8,21,7,21;0,1,9,34,9,32,10,32,10,33;0,1,15,27,14,27,14,29;-1,0,14,11,13,11;0,1,12,34,12,31,8,31,8,34;1,0,28,17,28,21,29,21;-1,0,12,14,12,16,14,16,14,14,13,14;0,1,24,31,24,33,25,33,25,35;-1,0,13,8,16,8,16,10,14,10;1,0,26,10,28,10;1,0,28,15,29,15,29,16,31,16;-1,0,20,8,17,8,17,7,15,7;-1,0,22,8,22,7,21,7;0,-1,14,12,16,12,16,11;0,-1,27,11,25,11,25,8;0,1,11,30,11,29,9,29,9,30;0,1,15,24,16,24,16,27;0,1,17,28,17,25,18,25,18,28;1,0,25,17,25,18,26,18;1,0,24,18,24,19,27,19;0,-1,20,9,23,9,23,8;0,-1,25,13,25,12,24,12,24,9;0,-1,8,17,8,20,9,20,9,18;-1,0,10,23,7,23;1,0,26,12,26,13,27,13;-1,0,16,13,16,15,15,15;0,-1,18,10,18,9;0,-1,19,12,19,9;0,-1,25,14,23,14,23,10;1,0,25,16,28,16;0,-1,18,12,18,13,17,13,17,9;0,1,8,26,10,26,10,28,12,28,12,30;0,-1,12,17,15,17,15,16;0,-1,10,20,10,19,11,19,11,18;1,0,23,26,25,26;0,-1,10,21,11,21,11,20;1,0,22,15,26,15,26,14,27,14;0,1,21,29,21,27,19,27,19,28;1,0,24,16,23,16,23,17,24,17;-1,0,8,22,11,22,11,24,9,24;-1,0,17,14,20,14,20,13,19,13;-1,0,14,23,12,23,12,25,8,25;1,0,21,14,21,16,22,16;0,-1,19,15,19,16,20,16,20,15;-1,0,26,27,22,27,22,26,21,26;0,1,25,21,26,21,26,22,23,22,23,25;0,-1,19,17,22,17,22,19,23,19,23,18;0,1,14,21,12,21,12,22,16,22,16,23;0,1,13,18,15,18,15,21;-1,0,18,16,18,18,16,18;0,1,17,22,19,22,19,23,17,23,17,24;0,1,16,19,18,19,18,20;1,0,20,20,22,20;1,0,22,25,22,21,24,21;0,1,19,20,19,21,21,21,21,25;0,-1,6,40,6,38,3,38,3,34;1,0,38,16,34,16,34,11,35,11;0,-1,24,2,29,2,29,0,33,0,33,3,37,3,37,1;-1,0,2,25,2,23,0,23,0,21,4,21,4,26,1,26;-1,0,21,42,21,44,19,44,19,40,17,40,17,41,14,41;0,-1,8,9,8,13,5,13,5,8;-1,0,16,5,17,5,17,4,19,4,19,3,14,3;0,-1,8,5,8,8,6,8,6,6,4,6,4,1;1,0,38,15,38,10,37,10,37,15,35,15,35,12,36,12;1,0,24,44,24,42,22,42,22,39,25,39,25,44,28,44;0,1,7,46,11,46,11,44,7,44,7,40,9,40,9,42;0,-1,9,15,7,15,7,20,4,20,4,19,2,19,2,14;1,0,21,0,21,3,26,3,26,5,27,5,27,4,31,4;1,0,30,22,30,23,32,23,32,21,30,21,30,17,33,17;1,0,34,17,36,17,36,18,31,18,31,20,36,20;0,1,38,21,38,17,37,17,37,21;-1,0,1,24,0,24,0,27,4,27,4,31,1,31;0,1,0,33,2,33,2,35,1,35,1,39;0,1,33,26,33,21,36,21,36,23;0,1,38,26,38,29,37,29,37,26,35,26,35,30;1,0,33,33,33,38,28,38,28,40,32,40,32,44,37,44;0,-1,4,7,4,9,0,9,0,13,2,13,2,10;0,-1,2,6,0,6,0,8,3,8,3,7;0,-1,15,0,13,0,13,4,14,4,14,6,12,6,12,2;0,1,0,41,2,41,2,39,5,39,5,43;0,1,23,38,27,38,27,41,31,41,31,44;-1,0,5,5,5,0,3,0,3,1,2,1;0,-1,12,7,12,8,10,8,10,5;1,0,30,3,30,1,32,1,32,4,34,4,34,5,37,5;1,0,38,44,38,40,33,40,33,42,35,42;0,1,30,46,30,42,29,42,29,45;0,1,12,42,12,43,10,43,10,41,13,41,13,45;0,-1,12,0,10,0,10,1,6,1,6,4,8,4,8,2;0,1,4,45,4,42,1,42,1,44;-1,0,2,44,2,43,3,43,3,45,1,45;0,1,23,46,23,43,22,43,22,44;-1,0,2,0,0,0,0,2,3,2,3,4,2,4;1,0,22,28,25,28,25,32,27,32;1,0,36,28,36,33,34,33,34,38,37,38;0,1,17,42,17,44,14,44,14,42,16,42,16,43;-1,0,5,27,5,31,6,31,6,32,5,32;-1,0,1,30,1,28,3,28,3,30,2,30;0,-1,28,1,24,1,24,0,22,0,22,2,23,2,23,1;0,1,6,41,6,44,5,44,5,45;1,0,38,5,38,9,33,9,33,8,37,8;1,0,34,30,32,30,32,27,34,27,34,24,36,24;0,-1,23,7,23,5,20,5,20,3;1,0,38,36,38,34,35,34,35,36,37,36;0,-1,14,1,15,1,15,2,19,2,19,1;0,-1,36,0,34,0,34,2,36,2,36,1;1,0,37,46,32,46,32,45,35,45;0,1,10,45,6,45,6,46;-1,0,22,45,17,45,17,47,14,47;0,1,40,26,40,30,37,30,37,32,39,32,39,34;-1,0,2,48,6,48,6,47,3,47;0,-1,40,6,39,6,39,10,40,10,40,15,39,15,39,11;1,0,22,46,22,48,18,48,18,47,19,47;1,0,39,25,37,25,37,23,39,23;0,1,14,45,16,45,16,46,13,46,13,47;0,-1,36,4,38,4,38,1;0,1,40,44,40,41,39,41,39,44;1,0,40,39,38,39,38,38,39,38;0,1,26,48,28,48,28,45,26,45,26,47;1,0,29,46,29,48,30,48,30,47,33,47;0,-1,37,0,40,0,40,5,39,5,39,4;0,1,30,49,28,49,28,50,24,50,24,45,25,45,25,47;0,1,41,37,41,42,42,42,42,47,40,47,40,49;0,1,36,45,39,45,39,46;0,1,35,50,35,47,37,47,37,48;0,1,8,47,8,48,13,48,13,49;1,0,36,37,39,37,39,35,40,35;0,-1,42,29,42,24,41,24,41,22;0,-1,42,23,42,21,41,21,41,20;0,1,14,50,14,48,17,48,17,49;-1,0,5,46,2,46,2,47,1,47
39,45|0,1,5,32,5,33;0,1,11,37,11,38;0,1,7,33,7,34;-1,0,11,10,10,10;-1,0,11,11,10,11;0,1,5,30,5,31;0,1,23,35,23,36;-1,0,13,37,12,37;-1,0,11,12,10,12;0,1,15,35,15,36;-1,0,10,13,9,13;0,1,26,32,26,33;-1,0,13,12,12,12;0,1,21,34,21,35;0,1,16,35,16,36;0,1,13,35,13,36;0,1,11,35,11,36;-1,0,13,11,12,11;-1,0,7,29,6,29;-1,0,6,33,6,30,8,30,8,28,6,28;0,1,26,30,26,31,25,31,25,33;-1,0,7,32,9,32,9,35,8,35;0,1,19,32,19,33;0,1,20,33,22,33,22,35;0,1,24,31,24,33;0,1,11,34,10,34,10,36;0,1,24,28,24,30;-1,0,12,36,12,33,10,33;-1,0,10,14,9,14;0,1,18,34,18,35;0,1,18,33,17,33,17,36;-1,0,11,13,11,15,9,15,9,16,8,16;0,1,16,34,15,34,15,33,14,33,14,36;-1,0,14,12,14,10,12,10;-1,0,12,15,12,16,11,16;0,1,21,30,21,32,23,32,23,34;1,0,28,11,29,11;0,1,21,27,22,27,22,29;0,1,25,28,25,30;0,1,27,28,27,30;-1,0,10,32,10,30,9,30;0,1,11,29,11,32,13,32,13,34;0,1,27,27,27,26,26,26,26,29;0,-1,24,8,23,8,23,7;-1,0,13,30,12,30,12,28,10,28;0,1,21,26,25,26,25,27;-1,0,14,9,11,9,11,8,10,8;0,1,14,32,16,32,16,33;-1,0,13,13,14,13,14,14,12,14;-1,0,14,27,13,27;0,1,20,32,20,31,18,31,18,32;-1,0,13,20,13,18,12,18;-1,0,15,15,13,15,13,17,12,17;1,0,30,18,30,16,31,16,31,15,32,15;1,0,29,14,31,14,31,12,32,12;-1,0,15,26,13,26;-1,0,15,27,17,27,17,26,16,26;0,1,25,22,25,24;-1,0,14,16,16,16,16,14,15,14;0,1,27,25,28,25,28,27;-1,0,15,21,12,21;0,-1,21,7,21,6,18,6,18,5;1,0,17,32,17,30,18,30;0,-1,28,12,27,12,27,10,30,10,30,7;-1,0,18,10,15,10,15,8,12,8;-1,0,22,5,22,8,20,8,20,9,18,9;-1,0,15,13,17,13,17,11,15,11;0,-1,26,13,26,10;-1,0,16,31,13,31;0,-1,29,15,29,17,28,17,28,13;0,-1,21,10,19,10,19,13,18,13,18,12;-1,0,16,19,16,20,14,20;-1,0,17,23,17,25,15,25;-1,0,17,20,17,22,14,22;1,0,26,14,26,16,27,16;1,0,23,9,23,11,25,11;0,-1,24,13,24,12,22,12,22,11;0,1,14,30,16,30,16,28,18,28,18,29;1,0,19,26,19,28,20,28;0,1,23,23,24,23,24,24,23,24,23,25;1,0,29,18,26,18,26,17,27,17;1,0,25,15,24,15,24,18,25,18;0,1,20,24,18,24,18,27;0,-1,22,16,22,14,25,14,25,12;0,-1,25,20,24,20,24,19;1,0,21,12,21,13,20,13,20,14,21,14;1,0,17,14,19,14,19,15,21,15;1,0,29,23,26,23,26,22,28,22;1,0,18,23,21,23,21,25,22,25;-1,0,21,16,18,16,18,15,17,15;0,-1,17,18,20,18,20,17;1,0,23,20,23,21,26,21;0,-1,20,19,21,19,21,17;-1,0,18,21,18,20,22,20,22,22,19,22;1,0,19,38,19,43,21,43,21,41,24,41,24,36,27,36;0,1,1,9,3,9,3,14,0,14,0,17,2,17,2,19;-1,0,20,37,16,37,16,38,12,38,12,40,9,40;-1,0,3,21,3,25,1,25,1,30,4,30,4,33,3,33;0,-1,35,11,33,11,33,13,37,13,37,18,35,18,35,15;1,0,27,35,27,34,30,34,30,37,25,37,25,42,27,42;0,-1,18,1,23,1,23,6,26,6,26,1;0,1,29,40,26,40,26,38,30,38,30,40,34,40,34,42;-1,0,2,41,7,41,7,38,3,38;0,-1,37,12,36,12,36,9,32,9,32,7;1,0,36,19,36,21,32,21,32,24,29,24,29,25,31,25;0,-1,3,28,4,28,4,29,2,29,2,27,5,27,5,25;1,0,25,10,25,8,28,8,28,5,33,5,33,8,35,8;0,-1,0,9,0,6,4,6,4,9,8,9,8,7;0,-1,9,9,9,6,13,6,13,1;0,-1,7,3,5,3,5,6,8,6,8,2;-1,0,0,33,0,35,2,35,2,38,1,38;1,0,33,29,33,27,29,27,29,31,27,31,27,33,28,33;0,1,35,28,34,28,34,30,37,30,37,25,36,25,36,29;1,0,29,32,29,33,31,33,31,37,33,37;1,0,36,36,32,36,32,35,33,35;0,-1,4,3,4,0,9,0,9,3,10,3,10,1;-1,0,12,22,10,22,10,25,8,25,8,20,4,20;-1,0,0,2,0,5,4,5,4,4,1,4;1,0,37,8,37,4,36,4,36,2,34,2,34,5,36,5;1,0,32,0,27,0,27,1,29,1;-1,0,12,43,15,43,15,42,13,42;-1,0,4,40,4,39,6,39,6,40,5,40;0,1,33,43,33,41,28,41,28,42;1,0,35,0,33,0,33,1,36,1;0,1,34,37,35,37,35,42,37,42,37,37,36,37,36,38;0,-1,22,3,17,3,17,5,16,5,16,9,17,9,17,8;-1,0,1,37,1,36,0,36,0,40,3,40,3,39,2,39;0,-1,25,2,25,5,24,5,24,1;-1,0,3,20,0,20,0,22,2,22,2,24,1,24;0,-1,10,0,12,0,12,5,11,5,11,3;1,0,30,32,30,28,31,28,31,32,36,32;-1,0,14,39,14,41,12,41,12,42,10,42;0,-1,3,1,3,3,2,3,2,1;0,-1,14,2,14,4,16,4,16,3;1,0,37,22,33,22,33,24,34,24;-1,0,11,43,9,43,9,42,7,42;1,0,32,28,32,31,35,31;1,0,33,34,32,34,32,33,34,33,34,35,36,35;0,1,0,43,0,41,1,41,1,42;0,1,18,43,18,40,17,40,17,42;-1,0,0,10,0,13,2,13,2,10,1,10;1,0,37,34,35,34,35,33,36,33;0,-1,13,0,15,0,15,2,16,2,16,1;-1,0,0,28,0,32,3,32,3,31,1,31;1,0,37,24,37,23,35,23,35,24,36,24;0,1,15,41,15,39,16,39,16,42;1,0,9,45,11,45,11,44,16,44;1,0,29,43,25,43,25,45,20,45,20,44,23,44;0,1,39,1,37,1,37,3,39,3,39,5,38,5,38,8;1,0,33,45,33,44,29,44,29,45,26,45,26,44,28,44
39,48|0,1,15,39,15,40;0,1,14,38,14,39;0,1,5,33,5,34;-1,0,6,32,5,32;-1,0,7,33,6,33;0,1,15,37,15,38;-1,0,8,38,7,38;-1,0,8,37,7,37;0,1,16,37,16,38;0,1,13,36,13,37;-1,0,7,34,6,34;0,1,17,37,17,38;0,1,14,36,14,37;-1,0,7,31,6,31;0,1,12,39,12,40;-1,0,7,29,6,29;-1,0,9,33,8,33;0,-1,20,7,20,6;-1,0,7,32,8,32,8,30,7,30;-1,0,8,35,6,35;-1,0,9,26,9,27,7,27;0,1,13,35,15,35,15,36;0,1,16,33,16,36,18,36,18,37;-1,0,10,32,9,32,9,29,8,29;0,-1,29,6,29,8,28,8,28,7;0,1,10,41,11,41,11,37,9,37,9,38;-1,0,7,36,9,36,9,34,8,34;0,1,12,35,12,34,10,34,10,36;-1,0,14,34,13,34,13,33,11,33;0,1,19,34,19,37;0,1,15,32,15,34;0,-1,9,19,9,16,11,16,11,14;0,-1,28,10,28,9,30,9,30,7;-1,0,15,8,14,8,14,7,12,7;0,1,16,31,14,31,14,33;1,0,21,34,20,34,20,36,23,36;0,-1,29,12,27,12,27,8;0,1,16,30,17,30,17,33;-1,0,18,5,15,5,15,6,12,6;-1,0,10,25,10,28,7,28;0,1,12,31,11,31,11,32;0,1,20,32,20,33;0,1,11,30,13,30,13,31;0,1,16,28,15,28,15,30;-1,0,13,10,16,10,16,13,14,13;0,1,30,17,31,17,31,18;0,-1,31,14,31,12,32,12,32,10;0,-1,16,6,19,6,19,5;0,-1,28,14,29,14,29,13;0,-1,21,7,24,7,24,6;0,-1,26,9,26,6;0,-1,22,8,23,8,23,10,25,10,25,7;0,-1,30,13,30,16,31,16,31,15;-1,0,15,9,18,9,18,7,16,7;-1,0,13,28,13,27,11,27;-1,0,8,17,8,19,7,19,7,21,6,21;0,-1,18,10,19,10,19,7;0,-1,18,11,20,11,20,8;0,1,29,15,29,17,28,17,28,20;1,0,22,32,26,32;1,0,22,26,23,26;0,-1,7,24,7,22,9,22,9,21;0,-1,13,19,13,15,12,15,12,14;0,-1,22,9,22,12,24,12,24,11;1,0,22,24,25,24;0,-1,23,17,23,13,25,13,25,12;0,1,17,25,17,27,18,27,18,31;1,0,24,23,21,23,21,25,22,25;-1,0,12,17,12,18,11,18,11,21,10,21;0,1,14,25,14,29,10,29,10,30;-1,0,17,13,19,13,19,12,17,12;-1,0,22,13,20,13,20,14,18,14;0,-1,15,19,15,16;1,0,25,31,21,31,21,33,22,33;1,0,23,30,23,28,24,28;0,-1,22,19,23,19,23,18;1,0,20,24,20,26,21,26;1,0,25,16,25,17,27,17;-1,0,12,26,12,24,11,24;0,1,23,27,22,27,22,30;0,-1,10,22,12,22,12,21;1,0,25,21,25,18,27,18;-1,0,16,19,16,20,15,20;0,1,10,23,13,23,13,24;1,0,23,21,23,22,25,22;0,-1,21,20,24,20,24,18;-1,0,15,21,15,23,14,23;1,0,20,20,20,21,22,21;-1,0,20,31,20,28,19,28;1,0,20,15,18,15,18,19,19,19;0,1,18,25,19,25,19,27,21,27,21,29;0,1,15,26,15,25,16,25,16,27;0,-1,19,20,17,20,17,18;-1,0,16,22,18,22,18,24,14,24;-1,0,20,22,19,22,19,21,16,21;1,0,31,27,26,27,26,22,29,22;1,0,13,45,13,46,8,46,8,44,13,44,13,42,16,42;-1,0,2,27,2,24,0,24,0,28,5,28,5,31,4,31;1,0,21,6,21,3,26,3,26,5,29,5;0,1,3,29,3,31,1,31,1,36,4,36,4,38;0,-1,33,35,35,35,35,30,37,30,37,28,33,28,33,23;1,0,16,40,18,40,18,42,22,42;1,0,23,2,23,0,28,0,28,3,31,3,31,7,35,7;0,-1,8,0,11,0,11,5,6,5,6,10,2,10,2,5;0,-1,20,5,20,4,16,4,16,3;0,1,4,41,4,39,7,39,7,41;0,1,29,32,29,36,24,36,24,39,27,39,27,42;1,0,26,46,31,46,31,42,28,42,28,39,32,39;1,0,28,26,28,25,32,25,32,21,29,21,29,19,31,19;-1,0,6,28,6,26,3,26,3,24,5,24,5,20,2,20;-1,0,10,38,10,40,8,40,8,43,5,43;-1,0,5,14,5,18,0,18,0,21,4,21,4,23,1,23;0,-1,35,8,37,8,37,6,35,6,35,2,30,2,30,1;1,0,34,19,34,17,36,17,36,20,32,20,32,17,33,17;1,0,36,35,37,35,37,40,32,40,32,43,35,43;0,-1,0,15,0,13,1,13,1,10;0,1,2,42,2,44,1,44,1,41,3,41,3,45;0,1,20,39,19,39,19,41,21,41,21,37,23,37,23,40;0,1,25,46,23,46,23,43,19,43,19,45;1,0,37,22,33,22,33,21,34,21;1,0,37,27,34,27,34,23,35,23;0,-1,14,5,12,5,12,4,14,4,14,1;0,1,3,46,7,46,7,44,5,44,5,45;0,-1,5,6,5,4,0,4,0,9,1,9,1,8;1,0,36,23,37,23,37,26,35,26,35,24,36,24;0,-1,37,3,37,5,36,5,36,2;0,-1,12,2,12,0,15,0,15,2,16,2,16,1;0,-1,18,1,20,1,20,3,17,3,17,1;1,0,34,0,32,0,32,1,34,1;0,1,37,46,37,43,36,43,36,45;1,0,28,11,31,11,31,9,33,9;-1,0,0,34,0,39,3,39,3,37,1,37;-1,0,0,0,1,0,1,3,4,3,4,1,2,1;-1,0,8,15,8,13,4,13,4,17,3,17;1,0,37,42,33,42,33,41,36,41;0,1,17,42,17,46,14,46,14,43,16,43,16,44;1,0,37,13,37,10,36,10,36,14,33,14,33,10,35,10;1,0,37,19,37,15,34,15,34,16,36,16;-1,0,0,29,0,30,2,30,2,29,1,29;0,-1,6,1,10,1,10,4,7,4,7,3;0,1,32,46,35,46,35,44,32,44,32,45;0,-1,9,3,9,2,6,2,6,3,5,3,5,2;0,-1,19,0,21,0,21,2,22,2,22,1;-1,0,2,11,3,11,3,16,1,16;0,1,22,46,22,44,20,44,20,45;1,0,31,8,34,8,34,9,36,9;-1,0,21,48,21,47,16,47,16,48,14,48,14,47,10,47;0,1,39,11,39,9,38,9,38,11;-1,0,0,43,0,45,2,45,2,48,6,48,6,47,3,47;0,1,38,24,38,22,39,22,39,25,38,25,38,28
41,43|0,1,16,34,16,35;0,1,15,34,15,35;0,1,25,33,25,34;0,1,26,33,26,34;-1,0,9,32,8,32;0,1,27,33,27,34;-1,0,9,31,8,31;0,1,25,31,25,32;-1,0,9,7,8,7;0,1,13,34,13,35;0,1,27,31,27,32;0,1,16,33,14,33,14,35;1,0,30,29,32,29;0,1,5,26,5,28,6,28,6,29;0,1,6,25,6,26;0,1,7,28,7,30;1,0,29,32,29,30,31,30;-1,0,5,25,5,23,7,23,7,24,6,24;1,0,27,6,28,6,28,5,29,5;0,1,28,32,28,30,26,30,26,32;0,1,13,30,13,32,10,32,10,33;0,1,14,32,14,28,15,28,15,29;0,1,31,28,27,28,27,29;-1,0,8,30,8,27,7,27;0,1,10,28,10,31;0,1,14,27,12,27,12,28,11,28,11,31;1,0,32,27,31,27,31,25,33,25;-1,0,9,30,9,26,7,26;0,1,31,23,31,24,30,24,30,26;-1,0,10,8,8,8;1,0,28,23,30,23;1,0,31,11,31,9,33,9;-1,0,8,16,7,16,7,14,6,14;-1,0,10,26,10,25,8,25;1,0,23,33,22,33,22,34,24,34;0,1,29,26,29,24,28,24,28,27;-1,0,6,9,6,11,9,11,9,12,8,12;1,0,27,23,27,22,28,22;0,1,5,22,8,22,8,24;0,1,12,24,12,25;-1,0,9,19,9,21,7,21;0,1,24,30,24,28,25,28,25,30;0,1,14,24,13,24,13,26;-1,0,11,26,11,23,12,23,12,22,9,22;-1,0,19,30,17,30,17,32,16,32;1,0,34,13,31,13,31,12,32,12;0,1,25,26,26,26,26,29;-1,0,18,29,19,29,19,28,18,28;-1,0,13,23,13,20,12,20,12,21,11,21;-1,0,11,12,10,12,10,10,8,10;-1,0,12,9,10,9;0,1,27,26,27,25,24,25,24,26;1,0,30,10,30,14,33,14;-1,0,10,7,12,7,12,6,11,6;1,0,29,18,31,18;0,1,24,22,24,23,26,23,26,24;1,0,20,36,20,33,21,33,21,35,23,35;-1,0,11,18,8,18,8,17,7,17;-1,0,15,21,14,21;0,-1,28,9,27,9,27,7;-1,0,11,10,13,10,13,8,11,8;-1,0,14,8,14,11,12,11;-1,0,11,17,12,17,12,15,11,15;-1,0,21,32,19,32,19,35,17,35;1,0,22,24,21,24,21,25,23,25;1,0,19,31,21,31,21,28,22,28;1,0,20,30,20,26,21,26;0,1,14,22,14,23,15,23,15,27;1,0,26,6,26,9,25,9,25,11,26,11;-1,0,13,17,13,19,10,19;-1,0,16,23,16,22,15,22;1,0,28,17,31,17;0,1,20,23,20,25,19,25,19,27;0,-1,31,15,29,15,29,12;0,1,16,21,17,21,17,24,18,24,18,27;1,0,27,16,30,16;-1,0,16,20,20,20,20,22,18,22;0,1,29,19,28,19,28,21;-1,0,19,7,19,6,18,6,18,8,16,8;0,-1,17,13,18,13,18,9;1,0,27,21,27,18,28,18;0,-1,21,11,20,11,20,14,22,14,22,13;0,-1,16,14,19,14,19,12;1,0,24,21,25,21;-1,0,13,13,13,12,12,12,12,13,11,13;-1,0,16,19,17,19,17,18,15,18;1,0,27,17,26,17,26,15,28,15;-1,0,13,16,13,14,12,14;0,-1,14,14,14,12;0,-1,16,16,16,15,15,15,15,13;0,1,22,21,23,21,23,22;0,-1,25,18,25,15;0,-1,24,16,24,18,22,18,22,16;1,0,23,19,26,19;0,-1,19,16,17,16,17,17,14,17,14,15;1,0,12,40,10,40,10,36,14,36,14,40,17,40;0,-1,0,25,2,25,2,20,7,20,7,18,4,18,4,13;1,0,24,40,24,35,25,35,25,39,28,39;0,1,1,32,1,28,3,28,3,31,7,31,7,35;0,-1,39,12,39,14,38,14,38,10,36,10,36,5;0,-1,7,10,7,8,6,8,6,5,1,5,1,1;0,1,38,15,39,15,39,17,37,17,37,12,36,12,36,17;-1,0,8,38,8,40,9,40,9,37,7,37,7,40,3,40;0,1,36,22,32,22,32,18,37,18,37,19;0,1,32,28,33,28,33,26,37,26,37,30;1,0,29,38,29,33,32,33,32,30,34,30,34,33,38,33;1,0,15,0,20,0,20,1,22,1;0,-1,38,6,38,3,35,3,35,1;-1,0,0,8,0,10,2,10,2,8,5,8,5,12,2,12;-1,0,0,12,0,17,1,17,1,14,3,14,3,17,2,17;1,0,37,40,37,39,39,39,39,41,35,41,35,38,37,38;1,0,39,33,39,36,34,36,34,34,30,34,30,37,32,37;1,0,33,35,33,38,31,38,31,41,34,41,34,37,36,37;0,1,2,29,2,33,6,33,6,35,2,35,2,37;1,0,34,9,35,9,35,4,37,4,37,9,38,9;0,-1,22,5,22,7,24,7,24,4,29,4,29,3;0,-1,23,1,24,1,24,3,27,3,27,1;-1,0,6,39,5,39,5,38,2,38;1,0,34,19,34,21,37,21,37,23,34,23,34,25,35,25;0,-1,12,1,10,1,10,6,8,6,8,5;-1,0,0,39,2,39,2,40,1,40;-1,0,6,30,4,30,4,27,2,27;0,-1,4,2,4,4,8,4,8,2;-1,0,3,7,5,7,5,6,2,6;0,1,12,38,12,39,11,39,11,37,13,37,13,40;-1,0,3,10,3,9,4,9,4,11,1,11;0,-1,29,6,29,9,30,9,30,4,32,4,32,1;0,1,15,39,15,36,19,36,19,40;1,0,34,0,36,0,36,1,37,1;0,1,23,36,23,37,20,37,20,39;0,-1,32,5,34,5,34,8,33,8,33,7;0,1,23,41,23,38,22,38,22,39;1,0,39,27,39,32,35,32,35,31,37,31;0,-1,28,2,29,2,29,0,31,0,31,3,30,3,30,1;0,-1,7,1,7,3,5,3,5,2;0,-1,34,1,34,4,33,4,33,1;0,-1,19,1,19,5,17,5,17,7,14,7,14,3;1,0,35,24,36,24,36,25,38,25;1,0,36,19,35,19,35,20,38,20;0,-1,7,0,3,0,3,4,2,4,2,3;-1,0,6,21,3,21,3,22,4,22,4,26,3,26;0,-1,17,1,17,2,14,2,14,1;0,-1,12,2,11,2,11,5,13,5,13,1;1,0,41,22,41,20,39,20,39,25,40,25;0,-1,40,16,41,16,41,13,40,13,40,11;1,0,0,40,0,42,3,42;1,0,22,43,25,43,25,42,27,42;0,-1,41,12,41,8,40,8,40,3;0,1,41,35,41,32,40,32,40,35;1,0,24,41,25,41,25,40,28,40,28,42,33,42;1,0,40,41,41,41,41,43,38,43,38,42,40,42
40,45|0,1,6,31,6,32;0,1,6,29,6,30;-1,0,10,36,9,36;-1,0,6,28,5,28;0,1,10,37,10,38;0,1,17,39,17,40;-1,0,12,39,11,39;0,1,34,17,34,18;-1,0,12,38,11,38;1,0,32,18,33,18;-1,0,12,37,11,37;1,0,32,17,33,17;0,-1,35,15,35,14;1,0,30,9,31,9;0,1,9,34,9,35;0,-1,18,8,18,7;0,1,6,26,6,27;0,1,11,35,11,36;1,0,33,16,34,16;-1,0,13,36,12,36;0,1,7,30,7,32,8,32,8,34;0,1,9,31,9,33,10,33,10,35;-1,0,13,34,12,34,12,33,11,33;0,-1,32,14,34,14,34,13;0,-1,23,7,23,5;0,1,16,39,14,39,14,40;1,0,19,38,20,38;0,1,7,26,7,28;-1,0,14,37,13,37,13,40,12,40;-1,0,14,36,15,36,15,38,14,38;0,1,17,36,17,38,18,38,18,39;0,1,16,37,16,35,18,35,18,37;0,1,23,35,20,35,20,37;0,1,11,32,10,32,10,29,11,29,11,31;1,0,31,17,31,19,33,19;1,0,29,7,26,7,26,5,28,5;0,-1,22,7,22,5;1,0,30,19,30,16,32,16;-1,0,12,35,14,35,14,33,13,33;0,1,17,34,17,33,18,33,18,34;-1,0,15,33,15,30,12,30;1,0,31,12,31,15,34,15;0,-1,19,8,21,8,21,5;0,-1,25,9,24,9,24,8,25,8,25,7;-1,0,8,26,8,25,7,25;0,-1,28,10,26,10,26,8;-1,0,9,26,9,23,7,23;1,0,26,16,26,15,30,15;0,1,11,26,11,28,12,28,12,29;1,0,28,21,29,21;-1,0,20,9,20,10,18,10;0,1,12,25,12,27;0,-1,7,20,7,21,10,21,10,17;-1,0,14,12,14,15,12,15;-1,0,13,20,13,21,11,21;1,0,31,10,29,10,29,8,30,8;-1,0,14,20,14,21,15,21,15,19,14,19;0,1,9,22,10,22,10,24;-1,0,15,22,11,22;1,0,27,18,27,19,28,19;1,0,30,13,30,14,27,14,27,11,31,11;0,1,14,26,13,26,13,28;0,-1,11,24,12,24,12,23;0,1,15,34,16,34,16,32,19,32,19,34;0,1,16,30,16,28,17,28,17,30;0,1,18,30,18,31,20,31,20,33;-1,0,17,27,15,27,15,25,13,25;-1,0,22,9,22,11,18,11;0,1,21,32,21,30,23,30,23,32;0,1,17,26,18,26,18,27;0,-1,14,16,16,16,16,14,15,14,15,12;0,-1,25,10,23,10,23,9;0,-1,26,13,26,11;1,0,25,14,25,18,26,18;0,1,15,24,13,24,13,23,16,23,16,25;0,1,20,29,20,28,19,28,19,30;-1,0,18,16,17,16,17,17,16,17;0,1,24,30,24,27,21,27,21,29;1,0,25,23,26,23,26,20,29,20;-1,0,20,15,18,15;-1,0,25,11,23,11;1,0,23,12,25,12;0,-1,25,13,22,13,22,12;1,0,20,19,20,20,22,20;0,1,17,24,17,25,20,25,20,27;1,0,23,16,22,16,22,14,24,14;0,1,15,18,16,18,16,19;-1,0,20,24,19,24;1,0,23,26,23,25,22,25,22,24,25,24;0,1,18,23,21,23,21,25;-1,0,20,22,18,22;0,-1,17,20,17,18;1,0,21,15,21,17,23,17;0,-1,21,18,20,18,20,16;1,0,19,16,19,18,18,18,18,21,21,21;0,-1,40,17,39,17,39,22,37,22,37,20;-1,0,21,0,21,3,17,3,17,8,15,8,15,11,12,11;0,1,3,36,5,36,5,41,10,41,10,43;0,-1,34,26,34,23,36,23,36,18,38,18,38,15;1,0,40,16,39,16,39,12,35,12,35,8,39,8;1,0,24,5,24,6,25,6,25,4,22,4,22,2,24,2;0,-1,2,15,7,15,7,13,11,13,11,10;0,-1,11,9,12,9,12,7,10,7,10,12,9,12,9,10;-1,0,15,45,18,45,18,44,13,44;1,0,34,11,33,11,33,6,30,6,30,4,35,4;-1,0,9,42,9,45,6,45,6,42,2,42;0,1,18,40,21,40,21,38,22,38,22,43;-1,0,1,27,1,24,5,24,5,19,7,19,7,16,5,16;0,-1,40,7,39,7,39,5,36,5,36,2;1,0,16,42,21,42,21,45,23,45,23,42,24,42;-1,0,6,21,6,25,4,25,4,28,3,28;0,-1,8,8,8,6,12,6,12,4;0,-1,4,16,3,16,3,18,1,18,1,14,6,14,6,10;1,0,36,43,31,43,31,45,29,45,29,42,33,42;1,0,20,34,22,34,22,33,25,33;-1,0,15,0,10,0,10,2,6,2;0,1,34,33,34,38,38,38,38,43;1,0,36,1,36,0,31,0,31,1,35,1;-1,0,0,38,4,38,4,41,3,41;0,1,8,39,8,35,6,35,6,40,11,40,11,43;-1,0,0,37,0,34,2,34,2,35,5,35,5,33,1,33;0,-1,38,2,37,2,37,0,39,0,39,4,37,4,37,3;-1,0,9,7,9,9,8,9,8,12,7,12,7,8,2,8;-1,0,17,2,20,2,20,0,16,0,16,3,15,3;-1,0,6,0,9,0,9,1,4,1,4,6,2,6;1,0,31,20,31,23,33,23,33,28,37,28,37,23,38,23;0,-1,6,9,1,9,1,7;-1,0,0,45,0,42,1,42,1,39,3,39,3,40,2,40;0,-1,0,0,0,5,3,5,3,4;0,1,32,35,32,37,30,37,30,33,26,33,26,38;-1,0,0,24,0,19,4,19,4,21,2,21;0,1,5,45,1,45,1,43,5,43,5,44;0,1,33,39,29,39,29,35,27,35,27,37,28,37,28,42;-1,0,0,25,0,29,5,29,5,32,4,32;0,1,38,24,38,26,40,26,40,23,39,23,39,24;0,1,24,44,25,44,25,41,23,41,23,40,26,40,26,44;1,0,40,37,37,37,37,35,39,35;-1,0,3,13,5,13,5,11,3,11;0,1,34,45,39,45,39,41,40,41,40,38,39,38,39,40;0,1,19,45,20,45,20,43,19,43,19,44;0,-1,1,2,1,4,2,4,2,1;-1,0,1,30,0,30,0,31,4,31,4,30,2,30;1,0,26,30,28,30,28,32,30,32,30,29,32,29;1,0,31,31,31,34,32,34,32,30,35,30;1,0,33,36,33,32,36,32;1,0,38,36,40,36,40,34,37,34,37,32,39,32;1,0,40,8,40,9,36,9,36,11,38,11;0,-1,27,6,29,6,29,4,28,4,28,1;0,-1,23,0,27,0,27,3,25,3,25,1;1,0,38,33,40,33,40,31,36,31,36,30,38,30;0,-1,30,0,29,0,29,3,30,3,30,1;0,1,23,37,21,37,21,36,25,36,25,39,27,39,27,43
45,48|-1,0,7,24,6,24;-1,0,8,23,7,23;-1,0,6,28,5,28;0,1,23,35,23,36;-1,0,9,24,8,24;-1,0,7,29,6,29;-1,0,8,25,7,25;1,0,30,18,31,18;-1,0,8,30,7,30;0,1,24,35,24,36;1,0,28,18,29,18;-1,0,11,24,10,24;-1,0,7,15,6,15;-1,0,13,23,12,23;0,1,20,36,20,37;-1,0,8,33,8,31,6,31;-1,0,10,33,9,33;-1,0,13,35,9,35,9,34,8,34;0,1,13,34,14,34,14,35;0,1,8,29,9,29,9,32;1,0,33,28,31,28,31,27,34,27;1,0,27,9,28,9;1,0,28,7,28,6,29,6;-1,0,7,26,9,26,9,27,6,27;-1,0,10,26,10,28,7,28;0,1,32,29,32,31,30,31,30,32;0,-1,33,10,33,12,31,12,31,10;-1,0,16,37,16,35,15,35;1,0,27,6,27,8,29,8;1,0,32,13,32,16,33,16;-1,0,8,6,11,6,11,8,9,8;0,1,17,37,17,36,19,36,19,37;1,0,27,31,29,31,29,30,31,30;1,0,26,8,26,11,30,11;1,0,23,34,25,34,25,36,28,36;1,0,29,16,31,16;1,0,23,33,26,33;0,1,16,33,17,33,17,35;1,0,29,12,26,12,26,13,29,13;1,0,31,15,31,14,27,14,27,17,31,17;1,0,25,8,24,8,24,11,25,11;1,0,22,9,23,9,23,12,25,12;1,0,21,34,21,37,22,37;1,0,26,17,26,18,27,18;0,1,18,35,19,35,19,33,18,33,18,34;-1,0,8,15,8,14,7,14;0,1,26,31,26,29,28,29,28,30;0,1,21,33,21,32,20,32,20,35;0,-1,14,8,14,5;1,0,17,7,17,9,19,9;0,-1,19,12,18,12,18,10;0,-1,12,7,13,7,13,10,10,10,10,9;1,0,16,11,16,10,17,10;0,-1,21,13,21,14,22,14,22,12;1,0,28,25,31,25;0,1,27,28,30,28,30,29;-1,0,10,32,11,32,11,34,10,34;1,0,31,26,28,26,28,27,30,27;0,1,25,32,25,31,23,31,23,32;-1,0,9,25,12,25,12,28,11,28;1,0,16,6,15,6,15,9,16,9;0,-1,15,11,15,10,14,10,14,9;1,0,27,26,27,24,29,24;0,1,13,33,13,32,12,32,12,34;0,1,11,30,11,31;-1,0,13,22,15,22,15,23,14,23;1,0,26,28,26,27,27,27;1,0,22,33,22,30,24,30;0,-1,17,14,15,14,15,12,14,12,14,11;0,-1,25,15,24,15,24,14,23,14,23,13;0,1,22,29,21,29,21,31;0,-1,6,10,6,12,10,12,10,11;-1,0,13,31,12,31,12,29,10,29;-1,0,7,13,9,13,9,16,7,16;0,1,13,30,15,30,15,32,14,32,14,33;0,-1,23,17,23,15;1,0,20,29,20,28,24,28;0,1,14,29,13,29,13,27,14,27,14,28;0,1,20,27,19,27,19,28;1,0,25,27,23,27,23,26,26,26;0,1,13,25,14,25,14,26;1,0,23,25,26,25;1,0,22,21,25,21,25,19,26,19;1,0,22,24,25,24;0,1,17,29,16,29,16,31;0,1,18,30,18,28,15,28,15,29;0,-1,22,15,20,15,20,13;0,1,20,24,20,26,22,26,22,27;1,0,15,27,18,27;0,-1,14,13,12,13,12,11;0,1,11,18,9,18,9,20;-1,0,13,14,11,14,11,13,10,13;-1,0,13,15,13,16,10,16,10,17,7,17;-1,0,14,20,14,18,12,18;0,-1,22,17,22,19,24,19,24,17;-1,0,15,25,15,24,12,24;-1,0,16,20,15,20;1,0,18,14,18,17,19,17;0,-1,16,16,14,16,14,14;0,1,19,25,17,25,17,26;-1,0,18,23,16,23,16,26,15,26;0,1,17,20,17,22;0,-1,13,17,17,17,17,16;-1,0,18,22,18,18,16,18,16,19,15,19;1,0,24,23,21,23,21,25,22,25;1,0,19,18,19,20,20,20,20,22,22,22;1,0,23,41,25,41,25,37,30,37;0,-1,35,27,39,27,39,22,36,22,36,17;0,1,3,30,3,28,0,28,0,23,2,23,2,26;0,-1,3,23,3,18,1,18,1,13;1,0,30,0,30,3,33,3,33,8,36,8;0,1,24,38,22,38,22,42,19,42,19,38,21,38,21,41;0,1,34,40,34,35,36,35,36,30,33,30,33,33;0,-1,2,33,2,36,4,36,4,34;-1,0,7,3,8,3,8,1,6,1,6,4,1,4;-1,0,11,37,11,41,15,41,15,38,18,38,18,40,16,40;0,1,2,29,0,29,0,31,5,31,5,33,7,33,7,35;0,-1,36,12,39,12,39,7,37,7,37,4;0,1,9,40,9,36,5,36,5,40;0,1,33,38,31,38,31,42,28,42,28,38,26,38,26,41;1,0,31,24,31,19,34,19,34,16,36,16;-1,0,12,42,7,42,7,41,5,41;0,-1,21,0,21,2,16,2,16,4,14,4,14,1;0,-1,19,4,21,4,21,7,26,7,26,6;0,1,3,40,2,40,2,42,0,42,0,37,4,37,4,41;0,-1,8,8,7,8,7,4,8,4,8,5,10,5,10,2;1,0,37,19,37,15,33,15,33,13,36,13;0,-1,23,6,25,6,25,5,29,5,29,3;0,1,32,42,35,42,35,39,36,39,36,41;-1,0,2,9,2,5,5,5,5,10,1,10;0,-1,17,0,13,0,13,5,12,5,12,1;0,1,39,28,37,28,37,33,38,33,38,37;-1,0,0,3,2,3,2,0,5,0,5,3,3,3;0,-1,36,7,34,7,34,6,36,6,36,2;0,-1,23,4,23,3,22,3,22,5,24,5,24,2;0,-1,29,2,28,2,28,4,27,4,27,2;1,0,34,1,36,1,36,0,31,0,31,1,33,1;0,-1,37,3,37,0,39,0,39,4,38,4,38,1;0,1,39,34,39,38,38,38,38,39;-1,0,0,22,2,22,2,19,1,19;-1,0,6,13,6,14,5,14,5,11,2,11;1,0,36,42,37,42,37,40,38,40;0,-1,24,0,22,0,22,2,23,2,23,1;0,-1,25,4,25,3,26,3,26,1;-1,0,3,33,4,33,4,32,2,32;-1,0,2,17,2,16,4,16,4,12,3,12;1,0,39,14,37,14,37,13,38,13;-1,0,3,13,3,15,2,15,2,12,1,12;1,0,38,19,39,19,39,21,37,21,37,20,38,20;-1,0,41,44,38,44,38,41,41,41,41,43,40,43;0,-1,41,2,41,6,40,6,40,2;1,0,41,23,41,18,38,18,38,16,40,16;1,0,38,32,38,31,39,31,39,33,40,33;0,1,16,44,16,41,17,41,17,42;1,0,40,35,41,35,41,40,39,40,39,39,40,39;0,1,30,44,25,44,25,42,23,42,23,43;0,1,3,41,3,42,5,42,5,43;0,1,8,44,13,44,13,42,15,42,15,43;0,-1,1,0,0,0,0,2,1,2,1,1;1,0,41,33,41,29,38,29,38,30,40,30;-1,0,6,42,6,44,4,44,4,43,1,43;0,1,40,23,40,28,42,28,42,31;-1,0,13,46,8,46,8,45,6,45;1,0,34,46,34,45,33,45,33,43,35,43,35,45,38,45;0,-1,43,26,43,24,42,24,42,22;1,0,39,13,40,13,40,10,42,10;1,0,38,15,40,15,40,14,41,14;0,1,18,41,18,43,22,43,22,44;0,1,3,46,3,44,2,44,2,45;1,0,42,0,42,5,43,5,43,7,40,7,40,8,42,8;0,1,43,41,43,37,42,37,42,42;1,0,41,24,41,27,42,27;1,0,43,8,43,11,41,11,41,12,42,12;0,1,43,46,43,43,42,43,42,45;1,0,39,17,41,17,41,15,42,15;0,1,28,43,32,43,32,45;1,0,15,48,13,48,13,47,15,47;1,0,42,14,45,14,45,16,42,16,42,17,43,17;-1,0,7,46,6,46,6,48,2,48,2,46,1,46;0,-1,41,13,44,13,44,11
43,45|-1,0,6,26,5,26;-1,0,6,22,5,22;-1,0,7,27,6,27;-1,0,6,21,5,21;-1,0,8,28,7,28;-1,0,6,20,5,20;-1,0,8,29,7,29;-1,0,8,30,7,30;-1,0,8,23,7,23;0,1,31,26,31,27;0,1,18,36,18,35,16,35,16,36;-1,0,7,21,7,19,6,19;-1,0,9,29,9,32,7,32;-1,0,11,30,10,30;-1,0,12,30,12,29,10,29;1,0,33,23,32,23,32,21,34,21;-1,0,9,33,11,33,11,31,10,31;0,1,13,32,13,35;1,0,25,21,28,21;0,-1,22,10,22,7,23,7,23,6;0,1,23,28,23,29;0,1,7,26,8,26,8,27;1,0,28,27,28,26,29,26;0,1,17,34,14,34,14,36;0,1,17,33,17,31,18,31,18,34;0,1,17,30,16,30,16,33;-1,0,7,24,9,24,9,22,7,22;-1,0,10,28,9,28,9,25,6,25;0,1,15,33,15,31,12,31,12,35;-1,0,12,20,12,22,11,22,11,24,10,24;0,1,17,26,17,28,21,28,21,29;1,0,31,12,31,11,32,11,32,10,33,10;0,1,11,28,11,26,10,26,10,27;0,1,22,29,22,27,24,27,24,29;1,0,30,23,30,24,31,24;-1,0,14,22,13,22;0,-1,23,9,23,8;-1,0,15,20,15,21,14,21;1,0,26,24,27,24;0,1,15,28,13,28,13,30;-1,0,14,8,13,8;0,1,31,19,32,19,32,20;0,1,21,26,19,26,19,27;0,1,7,16,7,17,6,17,6,18;-1,0,16,22,15,22;0,-1,10,12,10,14,9,14,9,10;0,1,15,27,12,27,12,28;1,0,27,23,29,23,29,22,30,22;-1,0,13,26,13,23,12,23;0,1,32,16,32,18;-1,0,14,9,13,9;0,-1,25,9,26,9,26,8,24,8,24,7;0,1,23,24,23,26;0,1,8,17,10,17,10,18,8,18,8,19;0,1,14,23,14,26;0,1,17,25,15,25,15,26;-1,0,9,15,11,15,11,16,10,16;-1,0,13,18,11,18;-1,0,12,12,12,13,11,13;-1,0,13,16,12,16;-1,0,18,26,18,24,16,24;0,1,21,24,22,24,22,25;0,-1,13,13,13,10;0,-1,19,7,16,7,16,6,19,6,19,5;0,-1,16,11,14,11,14,10,15,10,15,6;-1,0,15,16,14,16,14,17,11,17;1,0,30,15,30,17,31,17;-1,0,17,20,16,20;-1,0,16,23,20,23,20,25,19,25;0,-1,24,11,24,9;-1,0,18,22,17,22;0,-1,20,14,20,12,19,12,19,11;-1,0,18,20,19,20,19,21,16,21;0,1,30,25,27,25,27,27,26,27,26,28;0,-1,21,12,23,12,23,10;-1,0,14,12,16,12,16,15,15,15;0,1,26,25,26,26,25,26,25,28;1,0,27,11,29,11,29,10,31,10;0,1,28,22,25,22,25,25,24,25,24,26;1,0,29,17,29,18,31,18;1,0,26,10,26,12,28,12;1,0,29,15,29,14,30,14,30,13,31,13;0,1,16,18,16,16,17,16,17,19;0,-1,24,13,24,14,25,14,25,11;1,0,28,13,28,16,29,16;1,0,29,19,27,19,27,18,28,18;0,-1,18,14,18,15,17,15,17,14;0,-1,27,15,27,14,26,14,26,13;-1,0,19,16,18,16;1,0,21,14,21,13,23,13,23,15,26,15;-1,0,20,20,20,19,18,19;0,-1,26,19,26,17,27,17,27,16;1,0,24,17,24,18,25,18,25,20,26,20;0,-1,24,16,22,16,22,15;0,1,19,15,20,15,20,18;0,1,21,17,22,17,22,18,21,18,21,20;-1,0,31,37,28,37,28,41,23,41,23,40,20,40;-1,0,1,35,1,32,6,32,6,28,3,28;0,-1,0,23,0,25,1,25,1,20;-1,0,13,41,13,39,16,39,16,37,19,37,19,40,16,40;-1,0,0,15,2,15,2,12,6,12,6,7,3,7;-1,0,21,0,21,2,26,2,26,7,31,7,31,2,29,2;-1,0,7,41,7,40,10,40,10,41,12,41,12,39,8,39;-1,0,17,1,17,4,20,4,20,0,16,0,16,4,12,4;-1,0,5,2,5,4,9,4,9,1,4,1,4,6,1,6;0,-1,2,10,2,7,0,7,0,5,3,5,3,3;1,0,34,25,38,25,38,20,33,20,33,19,37,19;0,-1,34,14,32,14,32,12,35,12,35,7;-1,0,1,19,5,19,5,18,4,18;1,0,34,11,34,8,33,8,33,6,35,6,35,3,38,3;-1,0,4,33,4,35,7,35,7,39,5,39;1,0,37,21,36,21,36,24,32,24,32,26,34,26;1,0,20,30,25,30,25,34,28,34;-1,0,2,26,2,31,5,31,5,29,3,29;0,1,31,35,34,35,34,32,32,32,32,27,35,27,35,32;0,1,39,41,37,41,37,36,32,36,32,38;-1,0,0,19,0,16,3,16,3,18,1,18;-1,0,1,38,6,38,6,37,5,37;-1,0,6,40,6,41,4,41,4,39,2,39;1,0,39,14,39,11,37,11,37,15,33,15,33,18,35,18;1,0,39,29,36,29,36,32,37,32;0,1,35,41,32,41,32,40,36,40,36,37,35,37,35,39;1,0,36,16,34,16,34,17,37,17;1,0,24,1,23,1,23,0,25,0,25,1,28,1;0,-1,10,9,10,11,12,11,12,8,10,8,10,5;-1,0,0,0,3,0,3,1,1,1;1,0,38,0,36,0,36,2,38,2;0,-1,16,5,14,5,14,6,11,6,11,4;1,0,36,12,36,10,38,10;-1,0,4,9,4,10,3,10,3,8,5,8,5,11,4,11;1,0,39,10,39,7,38,7,38,4,36,4,36,8,38,8;0,1,31,41,29,41,29,38,31,38,31,40;0,-1,13,0,13,3,11,3,11,2;1,0,35,26,36,26,36,28,38,28;1,0,38,32,39,32,39,35,35,35,35,33,37,33;1,0,39,31,39,30,37,30,37,31,38,31;0,-1,32,3,32,5,33,5,33,2;0,-1,14,1,14,3,15,3,15,1;-1,0,3,37,0,37,0,41,3,41,3,40,1,40;0,1,41,20,41,16,40,16,40,21;-1,0,29,43,29,42,31,42,31,43,36,43,36,42,34,42;0,1,41,21,41,22,40,22,40,27;-1,0,15,40,15,43,13,43,13,42,8,42;1,0,40,33,41,33,41,38,38,38,38,40,39,40;0,-1,38,19,38,15,40,15,40,13;1,0,39,43,37,43,37,42,39,42;1,0,39,2,39,0,41,0,41,3,39,3,39,6,40,6;0,1,40,43,41,43,41,39,40,39,40,41;0,1,18,41,16,41,16,43,19,43,19,41,22,41,22,42;-1,0,0,4,0,2,2,2,2,4,1,4;-1,0,5,43,7,43,7,42,4,42;1,0,37,26,39,26,39,28,40,28;-1,0,25,43,22,43,22,44,20,44
39,46|-1,0,9,37,8,37;0,1,5,32,5,33;-1,0,9,36,8,36;-1,0,11,39,10,39;-1,0,8,35,7,35;0,1,6,33,6,34;-1,0,8,34,7,34;-1,0,10,35,9,35;-1,0,7,14,6,14;-1,0,10,34,9,34;0,1,7,32,7,33;-1,0,11,36,10,36;-1,0,11,37,10,37;-1,0,8,13,7,13;0,1,8,32,8,33;-1,0,12,35,11,35;-1,0,9,14,8,14;0,1,7,30,7,31;0,-1,13,9,13,8,16,8,16,5;-1,0,13,36,12,36,12,38,9,38;1,0,31,15,29,15,29,13,31,13;-1,0,13,37,16,37,16,38,15,38;0,-1,14,14,14,12;-1,0,10,31,8,31;0,1,21,37,23,37,23,36,24,36,24,37;0,1,23,33,23,35;0,1,11,34,13,34,13,35;0,-1,15,9,17,9,17,7;1,0,28,14,27,14,27,16,28,16;-1,0,9,17,9,15,7,15,7,17,6,17;0,-1,22,8,22,7,20,7,20,6;0,-1,9,9,9,11,10,11,10,10;-1,0,10,18,9,18;0,-1,13,12,13,11,12,11,12,7;-1,0,9,32,9,33,11,33,11,30,8,30;0,1,15,34,15,35;1,0,28,17,31,17,31,19,32,19;0,-1,8,11,8,12,11,12,11,10;-1,0,12,12,12,13,9,13;-1,0,21,10,21,8,18,8;-1,0,18,38,17,38,17,36,16,36;0,1,13,31,13,33,14,33,14,35;0,-1,22,11,22,9,23,9,23,6;0,1,21,34,22,34,22,36;0,1,16,35,18,35,18,37;0,1,20,36,20,34,19,34,19,37;0,-1,10,14,13,14,13,13;0,-1,15,14,16,14,16,12;-1,0,9,29,11,29,11,27,9,27;1,0,29,10,29,11,26,11,26,13,28,13;1,0,25,12,25,10,27,10;-1,0,12,16,12,15,10,15;0,-1,19,14,19,13,17,13,17,11;0,-1,25,13,24,13,24,11;-1,0,15,30,14,30,14,28,12,28;0,1,13,25,13,26;1,0,26,34,24,34,24,33,26,33;-1,0,10,17,12,17,12,18,11,18;0,-1,23,16,23,12,20,12,20,11;-1,0,13,16,13,19,10,19;0,-1,19,15,19,16,20,16,20,15;0,-1,23,17,22,17,22,16;0,1,20,32,21,32,21,33;0,1,21,30,22,30,22,33;0,-1,20,17,20,18,18,18,18,14;0,1,24,31,24,32;0,-1,24,16,25,16,25,14;1,0,29,27,27,27,27,24,29,24;-1,0,15,27,15,29,16,29,16,32,14,32;0,-1,23,19,23,18,24,18,24,17;-1,0,16,27,16,26,15,26;0,-1,22,23,22,21,23,21,23,20;0,-1,26,15,26,19,30,19,30,18;-1,0,17,31,17,33,15,33;0,1,20,28,20,31;0,-1,24,21,24,19;-1,0,17,16,17,17,15,17,15,15,14,15;0,-1,16,20,16,18;-1,0,18,31,18,34,16,34;0,1,12,25,12,24,14,24,14,25;-1,0,12,20,15,20,15,18,14,18;0,1,17,29,19,29,19,33;-1,0,23,31,23,29,21,29;0,-1,12,23,14,23,14,21,17,21,17,18;-1,0,17,28,19,28,19,27,17,27;-1,0,19,23,19,26,17,26;0,-1,24,24,24,22;0,-1,25,22,25,21,26,21,26,20;0,-1,18,21,18,19;0,-1,25,26,25,23,26,23,26,22;0,-1,28,32,26,32,26,30,27,30,27,28;-1,0,25,31,25,30,24,30;0,-1,24,29,24,25,23,25,23,24;0,1,22,26,23,26,23,28;0,1,22,24,22,25;0,-1,21,26,21,22,19,22,19,20;0,1,3,15,5,15,5,13,0,13,0,18,2,18,2,20;0,-1,18,1,15,1,15,6,11,6,11,9,10,9,10,7;0,1,0,42,3,42,3,38,0,38,0,34,2,34,2,37;0,-1,20,5,20,3,25,3,25,1;0,1,3,32,3,35,6,35,6,36;0,1,34,22,34,27,32,27,32,31,34,31,34,35;0,1,34,13,37,13,37,18,35,18,35,23;1,0,31,43,34,43,34,38,36,38;-1,0,21,39,21,42,23,42,23,38,19,38,19,43,14,43;0,1,8,43,8,38,5,38,5,43;-1,0,14,3,9,3,9,8,7,8;-1,0,8,25,8,23,11,23,11,26,6,26,6,30,4,30;1,0,24,2,22,2,22,0,26,0,26,1,28,1;0,-1,2,6,4,6,4,11,0,11,0,6,1,6,1,4;0,1,23,43,23,44,26,44,26,39,30,39,30,41;1,0,26,2,26,4,24,4,24,9,26,9,26,8,29,8;0,-1,37,8,37,12,36,12,36,8;0,-1,37,5,37,7,35,7,35,12,34,12,34,10;0,-1,0,3,1,3,1,0,5,0,5,5,7,5,7,3;0,-1,33,6,33,10,32,10,32,15,33,15,33,12;0,1,9,44,6,44,6,42,7,42,7,39,6,39,6,41;0,-1,6,4,6,0,9,0,9,2,12,2,12,1;0,1,14,40,12,40,12,39,15,39,15,41,10,41,10,43;0,1,37,35,37,39,35,39,35,40;0,-1,35,6,35,4,32,4,32,7,29,7,29,5;1,0,27,0,31,0,31,2,34,2;1,0,33,44,35,44,35,41,36,41;0,1,32,42,27,42,27,40,28,40,28,41;1,0,36,0,33,0,33,1,36,1;-1,0,0,27,1,27,1,29,5,29,5,27,3,27;-1,0,5,44,4,44,4,43,2,43;1,0,36,33,36,30,33,30,33,29,34,29;-1,0,0,33,0,30,2,30,2,33,1,33;-1,0,10,21,13,21,13,22,12,22;-1,0,3,25,7,25,7,23,5,23;1,0,37,24,37,27,35,27,35,24,36,24;-1,0,5,9,8,9,8,10,7,10,7,12,5,12;0,-1,18,3,17,3,17,6,19,6,19,2;-1,0,0,24,4,24,4,23,3,23;-1,0,5,19,9,19,9,21,7,21;-1,0,3,22,6,22,6,21,2,21,2,23,1,23;1,0,30,1,30,2,27,2,27,3,28,3;0,1,14,42,11,42,11,43;1,0,27,7,27,4,29,4,29,3,31,3;1,0,37,32,37,28,35,28,35,29,36,29;-1,0,0,39,0,41,2,41,2,39,1,39;0,-1,17,0,20,0,20,2,21,2,21,1;-1,0,4,28,2,28,2,25,1,25;0,-1,11,1,10,1,10,0,13,0,13,2,14,2,14,1;1,0,9,46,5,46,5,45,10,45;0,-1,39,10,39,5,38,5,38,3;0,-1,35,3,35,2,36,2,36,4,37,4,37,1;1,0,13,46,11,46,11,45,16,45;0,1,39,19,39,15,38,15,38,18;1,0,30,46,27,46,27,45,30,45;1,0,27,43,27,44,31,44,31,46,36,46,36,44,37,44;1,0,38,26,39,26,39,23,36,23,36,22,37,22;0,1,1,43,0,43,0,44,3,44,3,45
39,47|-1,0,8,38,7,38;0,-1,13,8,13,7;0,-1,17,7,17,6;0,-1,25,8,25,7;0,1,16,36,16,37;-1,0,7,37,6,37;-1,0,9,16,8,16;-1,0,6,35,5,35;0,-1,18,7,18,6;-1,0,6,34,5,34;0,-1,26,8,26,7;0,-1,14,8,14,7;-1,0,6,31,5,31;-1,0,8,34,7,34;0,1,17,35,17,36;-1,0,6,32,5,32;0,-1,10,12,10,11;0,-1,24,8,23,8,23,7;1,0,30,13,31,13;1,0,29,10,31,10;1,0,32,12,32,11,29,11,29,12,30,12;-1,0,15,8,15,9,13,9;0,-1,20,9,20,6;0,-1,13,10,11,10,11,12,12,12,12,11;0,1,11,38,11,39,10,39,10,40;-1,0,16,9,16,7,15,7;0,-1,16,10,17,10,17,8;0,-1,23,11,21,11,21,8;0,-1,10,15,9,15,9,12;0,-1,18,11,18,8,19,8,19,6;0,-1,16,13,16,12,13,12,13,11;-1,0,13,17,12,17;0,1,15,38,12,38,12,39;-1,0,9,38,9,37,8,37;-1,0,8,25,8,24,11,24,11,25,9,25;0,-1,24,10,24,9,27,9,27,5;0,1,17,34,16,34,16,35;0,-1,18,13,18,12;-1,0,6,28,7,28,7,29,6,29;0,-1,28,12,28,9,29,9,29,6;-1,0,9,23,9,22,7,22,7,20,6,20;0,-1,24,12,20,12,20,11,19,11,19,9;0,-1,31,16,30,16,30,14;1,0,25,10,27,10,27,13,29,13;-1,0,13,13,11,13;0,-1,30,17,29,17,29,14,26,14,26,13;0,-1,16,16,16,14,17,14,17,11;-1,0,10,38,10,36,6,36;1,0,24,13,24,15,25,15;0,-1,25,16,23,16,23,14;-1,0,9,26,9,27,7,27;-1,0,12,26,10,26;-1,0,11,14,11,15,14,15,14,14,13,14;0,1,22,34,22,35;0,-1,22,15,22,16,21,16,21,15;-1,0,12,24,12,23,11,23;0,1,13,37,13,35,14,35,14,36;1,0,19,15,19,13,20,13;-1,0,14,16,10,16;0,1,20,35,19,35,19,34,18,34,18,35;0,-1,8,21,10,21,10,19;0,-1,11,20,13,20,13,18;-1,0,13,23,13,22,10,22;-1,0,13,26,14,26,14,27,10,27;0,-1,10,31,10,30;-1,0,5,33,9,33,9,35,7,35;-1,0,7,32,7,30,6,30;-1,0,15,24,13,24;0,1,21,33,21,35;0,-1,27,18,26,18,26,16;-1,0,14,22,14,21,11,21;0,-1,14,17,14,18,15,18,15,16;0,-1,8,28,8,31,9,31,9,29;-1,0,11,36,11,33,10,33,10,32,8,32;0,-1,17,15,17,17,18,17,18,14;0,-1,28,16,28,19,25,19,25,18;1,0,21,18,20,18,20,17,24,17;-1,0,17,26,15,26,15,25,14,25;1,0,19,19,22,19;0,1,19,33,20,33,20,34;-1,0,19,16,19,18,16,18;0,1,15,35,15,34,12,34,12,37;-1,0,19,27,15,27;-1,0,14,19,16,19,16,20,15,20;0,-1,15,21,17,21,17,19;0,1,21,32,23,32,23,34;0,-1,23,23,24,23,24,26,25,26,25,25;-1,0,19,26,18,26;-1,0,16,24,19,24,19,25,17,25;1,0,18,20,19,20,19,22,21,22;-1,0,16,32,16,33,13,33;1,0,15,22,18,22,18,23,22,23;1,0,20,24,20,25,22,25;0,1,22,31,21,31,21,29,22,29,22,30;-1,0,18,31,20,31,20,32,17,32;-1,0,23,27,23,26,20,26,20,30,16,30;0,-1,3,25,0,25,0,30,4,30,4,34,2,34,2,31;0,-1,19,0,19,1,21,1,21,5,26,5,26,2;0,-1,20,5,20,2,18,2,18,5,13,5,13,1;0,-1,5,22,1,22,1,17,4,17,4,12;-1,0,12,7,9,7,9,11,8,11;1,0,17,43,20,43,20,38,24,38;0,1,33,9,33,6,36,6,36,11,33,11,33,13;1,0,11,40,13,40,13,45,17,45,17,44,20,44;1,0,34,44,29,44,29,39,26,39,26,36,31,36;0,1,3,41,3,36,5,36,5,38;1,0,25,23,29,23,29,19,34,19;1,0,30,5,30,8,32,8,32,4,27,4,27,3,31,3;-1,0,2,16,2,11,6,11,6,7,2,7;-1,0,4,35,2,35,2,39,1,39;0,-1,0,7,0,4,4,4,4,6,9,6,9,5;-1,0,10,45,12,45,12,44,10,44;0,-1,7,0,12,0,12,3,8,3,8,5,7,5,7,1;0,-1,37,5,36,5,36,3,32,3,32,2,27,2,27,1;-1,0,8,26,7,26,7,23,5,23;1,0,23,0,28,0,28,1,33,1;1,0,37,14,37,12,35,12,35,15,31,15,31,14,32,14;-1,0,9,45,8,45,8,42,3,42,3,44,1,44;0,1,34,28,34,31,37,31,37,35,36,35,36,40;1,0,30,25,30,22,32,22,32,24,36,24;1,0,37,20,37,18,34,18,34,16,36,16;0,-1,17,0,17,4,15,4,15,1;0,1,21,42,21,40,22,40,22,44;-1,0,5,10,4,10,4,8,2,8;0,1,21,39,24,39,24,42;0,-1,23,3,23,1,25,1,25,4,22,4,22,3;1,0,34,41,34,42,35,42,35,40,33,40,33,43,36,43;1,0,29,26,29,24,28,24,28,27,33,27;0,1,22,45,25,45,25,42,28,42,28,44;0,-1,2,3,0,3,0,0,3,0,3,3,5,3,5,1;-1,0,2,45,0,45,0,43,2,43,2,42,1,42;1,0,31,23,31,25,33,25;1,0,37,21,37,25,35,25,35,28,36,28;1,0,37,30,37,29,35,29,35,30,36,30;0,-1,5,4,5,5,6,5,6,2;1,0,30,0,34,0,34,1,35,1;0,1,4,45,4,43,5,43,5,44;-1,0,5,28,5,29,4,29,4,27,6,27,6,24,3,24;1,0,37,43,37,45,35,45,35,44,36,44;-1,0,0,41,2,41,2,40,1,40;0,1,26,45,27,45,27,43,26,43,26,44;0,-1,37,0,37,2,36,2,36,1;-1,0,3,6,3,5,1,5,1,9,3,9,3,10,1,10;-1,0,4,23,2,23,2,24,1,24;0,1,5,45,7,45,7,43,6,43,6,44;-1,0,7,46,10,46,10,47,6,47,6,46,2,46;1,0,39,4,37,4,37,3,38,3;0,1,36,47,33,47,33,45,28,45,28,46;0,1,37,9,39,9,39,11,38,11,38,16;1,0,39,41,39,38,37,38,37,40,38,40;0,1,37,42,36,42,36,41,38,41,38,43;1,0,39,6,37,6,37,7,38,7;1,0,34,45,34,46,38,46;1,0,39,36,39,31,38,31,38,26,36,26,36,27,37,27
40,45|-1,0,7,13,6,13;-1,0,6,27,5,27;0,1,21,36,21,37;-1,0,9,13,8,13;0,1,24,34,24,35;-1,0,11,13,10,13;-1,0,8,31,7,31;0,1,20,35,20,36;-1,0,7,28,6,28;-1,0,10,33,9,33;0,1,28,32,28,33;-1,0,7,27,7,26,6,26;-1,0,5,25,7,25,7,23,6,23;0,1,22,35,22,36;-1,0,8,26,8,22,7,22;-1,0,10,23,10,27,8,27;-1,0,8,12,7,12;0,1,16,37,16,36,15,36,15,37;-1,0,14,38,14,35,11,35,11,36,8,36;0,1,14,32,13,32,13,34;-1,0,9,28,8,28,8,29,7,29;0,1,31,32,29,32,29,33;1,0,26,36,26,34,27,34;0,1,30,29,30,31,32,31,32,32;0,1,28,27,28,30,29,30,29,31;0,-1,9,8,9,6;1,0,31,20,30,20,30,19,32,19;-1,0,9,31,9,30,6,30;1,0,29,18,32,18;-1,0,7,32,11,32,11,34,9,34;-1,0,15,35,18,35,18,37,17,37;0,1,27,32,27,33,25,33,25,35;1,0,31,8,31,9,27,9,27,7,29,7;0,-1,15,8,15,7,16,7,16,5;1,0,33,29,31,29,31,26,32,26;1,0,31,13,31,15,32,15;0,-1,26,10,28,10,28,11,30,11,30,10;0,1,20,34,19,34,19,36;1,0,32,11,32,12,28,12,28,13,30,13;0,1,18,32,17,32,17,31,16,31,16,33;0,1,24,33,23,33,23,35;1,0,26,20,29,20;0,-1,19,11,19,8;0,-1,6,10,6,11,8,11,8,8;1,0,25,8,24,8,24,10,25,10;0,-1,26,15,26,13;-1,0,13,27,12,27,12,28,11,28;-1,0,12,30,11,30,11,29,9,29;-1,0,21,35,21,33,19,33;0,1,16,29,15,29,15,32;-1,0,10,31,13,31,13,29,12,29;1,0,29,15,30,15,30,17,31,17;1,0,26,19,27,19;0,-1,18,10,18,8;0,-1,16,9,16,8,17,8,17,7;0,1,16,26,16,28,14,28,14,31;-1,0,9,10,9,12,11,12,11,8,10,8;0,-1,7,18,7,14;0,-1,15,14,15,11,17,11,17,9;0,-1,14,14,14,13,12,13,12,10;0,-1,24,11,24,12,23,12,23,9;0,1,12,23,12,24;0,1,26,30,25,30,25,32,22,32,22,33;1,0,29,17,27,17,27,14,30,14;1,0,20,10,22,10,22,13,23,13;-1,0,18,31,18,29,17,29;0,1,23,31,24,31,24,30,20,30,20,32;0,1,30,28,30,26,29,26,29,29;0,1,29,25,28,25,28,26;0,1,11,25,11,22,13,22,13,26;0,1,21,28,21,29,19,29,19,32;0,1,18,26,17,26,17,28;0,-1,16,14,16,13;0,1,23,29,22,29,22,27,20,27,20,28;1,0,28,18,25,18,25,17,26,17;1,0,25,20,25,21,26,21;1,0,23,16,26,16;0,1,21,26,21,25,23,25,23,27;0,1,18,25,19,25,19,28;0,-1,30,25,30,24,27,24,27,22;0,-1,18,13,20,13,20,12;1,0,20,14,22,14,22,15,24,15;0,-1,17,15,17,12;0,1,17,24,17,25,14,25,14,27;1,0,25,27,25,25,27,25;1,0,24,27,24,24,26,24;0,1,16,24,16,23,18,23,18,24;0,-1,11,17,11,18,8,18,8,17;-1,0,9,19,11,19,11,21,9,21;1,0,24,20,24,23,26,23;0,1,12,18,12,20,16,20,16,21;1,0,21,20,21,21,23,21,23,19,25,19;0,-1,15,17,15,15,13,15,13,14;1,0,21,16,21,15,18,15,18,14,19,14;-1,0,19,23,19,22,17,22,17,19,14,19;1,0,19,18,16,18,16,16,19,16;-1,0,3,34,6,34,6,31,3,31,3,26,1,26;0,-1,19,2,16,2,16,4,20,4,20,1;0,1,35,26,35,23,38,23,38,18,34,18,34,22;-1,0,25,41,25,37,29,37,29,35,33,35,33,39,29,39;0,1,19,37,19,38,24,38,24,42;0,-1,14,7,10,7,10,3,6,3,6,1;-1,0,6,24,5,24,5,19,8,19,8,21,6,21;0,-1,6,18,6,14,4,14,4,12;1,0,18,0,21,0,21,1,26,1;0,-1,2,29,0,29,0,24,1,24,1,20;0,1,30,33,31,33,31,34,35,34,35,37;-1,0,9,4,9,5,5,5,5,3,4,3,4,8,1,8;0,-1,33,0,33,2,31,2,31,7,34,7,34,5;1,0,32,23,32,20,33,20,33,15,36,15;0,-1,3,0,8,0,8,2,10,2,10,1;-1,0,0,41,0,36,1,36,1,33,4,33,4,32,1,32;1,0,35,2,35,5,38,5,38,0,34,0,34,1,37,1;0,1,18,43,22,43,22,42,19,42,19,39,23,39,23,42;-1,0,2,9,0,9,0,11,3,11,3,14,1,14;0,1,18,38,18,40,15,40,15,42;1,0,30,36,30,38,26,38,26,41,29,41;1,0,35,6,38,6,38,9,34,9,34,13,36,13;1,0,31,24,33,24,33,26,34,26,34,31,36,31;1,0,33,42,34,42,34,43,32,43,32,41,34,41;1,0,38,15,38,17,34,17,34,16,37,16;1,0,29,40,34,40,34,38,36,38;0,1,10,35,6,35,6,37,11,37,11,39;-1,0,9,43,11,43,11,42,8,42;0,1,35,43,38,43,38,39,35,39,35,42;-1,0,0,7,1,7,1,5,3,5,3,7,2,7;1,0,36,14,38,14,38,10,35,10,35,12,36,12;0,-1,27,6,27,3,30,3,30,1;0,1,5,41,2,41,2,37,5,37,5,40;-1,0,1,4,3,4,3,2,5,2,5,1,2,1;-1,0,4,42,5,42,5,43,3,43,3,42,1,42;0,-1,15,3,15,5,11,5,11,1;1,0,36,26,38,26,38,30,35,30,35,27,36,27;0,-1,12,0,12,4,14,4,14,2;0,1,16,38,16,39,12,39,12,42;1,0,38,24,38,25,36,25,36,24,37,24;0,-1,23,2,22,2,22,4,24,4,24,2,28,2,28,1;-1,0,4,21,4,18,5,18,5,15,3,15,3,19,1,19;-1,0,0,2,2,2,2,3,1,3;0,1,12,43,13,43,13,42,14,42,14,40,13,40,13,41;1,0,31,30,33,30,33,32,35,32;1,0,37,38,38,38,38,37,36,37,36,36,37,36;-1,0,2,16,2,15,0,15,0,18,2,18,2,17,1,17;1,0,38,35,36,35,36,32,37,32;0,1,9,40,11,40,11,41,8,41,8,38,6,38,6,41;0,1,17,43,16,43,16,41,17,41,17,42;-1,0,0,12,0,13,2,13,2,12,1,12;-1,0,0,35,0,30,2,30,2,31,1,31;0,1,25,43,30,43,30,41,31,41,31,42;0,-1,39,24,40,24,40,19,39,19,39,17;0,1,18,44,18,45,14,45,14,43,15,43,15,44;0,1,26,44,26,45,23,45,23,43,24,43,24,44;0,1,40,32,40,29,39,29,39,34;1,0,32,44,29,44,29,45,33,45,33,44,38,44;0,1,40,33,40,35,39,35,39,36
42,48|0,1,9,39,9,40;1,0,34,12,35,12;1,0,34,14,35,14;1,0,33,13,34,13;1,0,32,14,33,14;0,1,6,34,6,35;0,1,5,32,5,33;0,-1,34,11,34,10;-1,0,6,26,5,26;1,0,34,15,35,15;1,0,32,15,33,15;1,0,34,16,35,16;1,0,32,12,33,12;-1,0,7,27,6,27;1,0,32,11,33,11;0,1,7,35,7,36;-1,0,7,25,6,25;0,1,10,40,10,41;0,1,5,30,5,31;0,1,6,32,6,33;-1,0,7,28,6,28;-1,0,8,26,7,26;0,1,7,33,7,34;-1,0,9,35,8,35;0,1,6,30,6,31;0,1,13,40,13,41;0,1,14,40,14,41;1,0,30,11,31,11;-1,0,9,37,8,37;-1,0,10,35,10,36,8,36;1,0,33,8,32,8,32,9,33,9;0,1,15,40,15,41;1,0,31,8,31,10,33,10;-1,0,11,41,11,39,10,39;-1,0,12,40,12,38,9,38;-1,0,19,5,20,5,20,8,19,8;0,-1,35,18,35,17,33,17,33,16;-1,0,23,7,21,7;1,0,27,5,27,8,29,8;-1,0,8,28,8,29,6,29;-1,0,25,5,22,5,22,6,21,6;0,-1,20,9,20,11,22,11,22,10;0,-1,15,10,15,12,17,12,17,11;0,-1,18,14,19,14,19,11;-1,0,9,28,9,27,8,27;0,-1,17,14,17,13,14,13,14,11;1,0,24,10,24,7,26,7;0,-1,19,16,20,16,20,14;-1,0,13,36,11,36,11,37,10,37;0,-1,31,15,31,12,28,12,28,11;1,0,23,9,23,11,24,11;0,1,11,31,9,31,9,33;0,1,7,30,7,32,8,32,8,34;0,1,10,30,8,30,8,31;-1,0,14,28,11,28,11,29,9,29;-1,0,26,13,24,13,24,12,23,12;0,1,8,23,9,23,9,26;-1,0,15,27,11,27;1,0,30,15,30,16,32,16;0,-1,10,17,10,18,9,18,9,17;0,-1,14,15,14,14;0,-1,11,16,11,17,12,17,12,14;-1,0,20,40,16,40,16,39,13,39;-1,0,14,36,15,36,15,35,14,35;0,-1,25,14,27,14,27,13;-1,0,10,24,11,24,11,23,10,23;0,1,15,38,17,38,17,37,20,37,20,38;1,0,30,18,28,18,28,17,30,17;-1,0,17,30,15,30;-1,0,14,32,15,32,15,33,13,33;1,0,28,14,28,16,29,16;-1,0,13,38,13,37,16,37,16,34,13,34;-1,0,10,19,10,21,9,21,9,22,8,22;0,-1,21,15,23,15,23,14;0,-1,27,15,24,15,24,14;0,1,19,34,17,34,17,36,21,36,21,37;1,0,23,16,27,16;-1,0,16,27,16,28,15,28;0,-1,30,20,30,22,32,22,32,20;-1,0,13,15,13,18,11,18;-1,0,12,26,12,22,10,22;1,0,22,19,22,17,26,17;0,-1,22,21,21,21,21,17;-1,0,18,15,17,15,17,16,14,16;-1,0,17,33,17,32,16,32;1,0,26,26,25,26,25,23,26,23;0,-1,20,19,20,17;0,1,14,23,14,25,13,25,13,26;-1,0,18,17,14,17,14,19,11,19;1,0,22,23,22,22,23,22;-1,0,15,21,15,20,13,20;-1,0,22,34,20,34;0,-1,16,19,19,19,19,17;0,1,23,33,23,35,22,35,22,36;-1,0,21,33,19,33,19,32,18,32;1,0,20,21,20,22,21,22;0,-1,24,27,22,27,22,24,21,24,21,23;1,0,22,28,22,29,24,29;0,-1,23,32,23,30,21,30,21,26;0,-1,19,24,19,22;-1,0,15,25,15,22,13,22;0,-1,18,23,18,21;-1,0,16,20,17,20,17,23,16,23;0,-1,17,28,17,26,16,26,16,24;0,-1,16,29,18,29,18,28;-1,0,20,25,20,28,19,28,19,31,16,31;-1,0,8,38,5,38,5,36,1,36;0,-1,2,25,0,25,0,30,2,30,2,26;1,0,16,3,16,8,14,8,14,5,12,5,12,2,16,2;1,0,10,42,14,42,14,45,17,45,17,41,21,41;0,-1,17,7,19,7,19,6,17,6,17,4,20,4,20,1;0,-1,40,8,36,8,36,12,40,12,40,17,36,17,36,13;0,1,34,29,38,29,38,27,40,27,40,22,35,22,35,24;-1,0,13,13,12,13,12,9,7,9,7,14,2,14;0,-1,32,3,32,7,37,7,37,5;1,0,36,23,37,23,37,26,33,26,33,21,37,21;0,-1,2,18,0,18,0,13,3,13,3,12;0,1,27,34,24,34,24,38,21,38,21,40,24,40,24,44;-1,0,0,9,0,7,4,7,4,9,6,9,6,5,3,5;0,1,8,39,8,40,5,40,5,43,10,43,10,45;-1,0,5,35,0,35,0,37,4,37,4,38,1,38;-1,0,2,19,2,22,6,22,6,20,9,20,9,19,5,19;0,-1,2,3,2,5,1,5,1,2;0,1,21,46,26,46,26,45,22,45,22,41,23,41,23,42;0,-1,40,0,36,0,36,2,40,2,40,7,39,7,39,6;0,1,7,46,3,46,3,44,6,44,6,45;0,1,29,25,29,20,28,20,28,23;0,1,37,41,32,41,32,36,28,36,28,41,31,41,31,43;0,-1,38,5,39,5,39,3,36,3,36,6,34,6,34,5;-1,0,5,34,4,34,4,32,2,32;0,-1,13,10,13,6,12,6,12,8,7,8,7,6;1,0,28,26,28,30,24,30,24,33,28,33;0,-1,10,5,8,5,8,6,11,6,11,4,6,4,6,1;1,0,28,34,32,34,32,32,37,32;-1,0,6,39,4,39,4,41,3,41;1,0,30,42,29,42,29,44,33,44,33,42,35,42;0,1,0,38,0,41,1,41,1,45;-1,0,7,2,7,0,5,0,5,4,4,4,4,1,2,1;0,-1,33,6,33,3,35,3,35,1;0,1,17,46,13,46,13,43,11,43,11,44;0,1,31,25,31,27,33,27,33,30,38,30,38,32;1,0,40,34,38,34,38,37,33,37,33,34,34,34;0,-1,26,8,25,8,25,10,30,10,30,7,28,7,28,6;1,0,31,21,31,17,32,17,32,19,34,19;0,1,3,40,3,39,2,39,2,42;1,0,37,40,37,39,40,39,40,42,36,42,36,45,38,45;0,-1,24,1,24,4,21,4,21,2;0,1,19,44,19,45,18,45,18,43,20,43,20,45;1,0,39,20,36,20,36,18,37,18;0,-1,29,0,31,0,31,4,27,4,27,2;1,0,36,38,36,40,33,40,33,38,34,38;-1,0,4,26,3,26,3,23,1,23;1,0,40,43,37,43,37,44,38,44;0,-1,7,3,10,3,10,1;0,1,3,42,4,42,4,43,2,43,2,45;0,-1,26,6,26,4,25,4,25,2;0,-1,19,1,19,3,18,3,18,1;1,0,35,33,35,35,34,35,34,36,36,36,36,33,39,33;1,0,40,9,37,9,37,11,39,11;0,-1,11,3,11,0,9,0,9,2,8,2,8,1;0,1,25,37,25,42,28,42,28,45;-1,0,5,8,5,6,3,6;-1,0,5,11,4,11,4,13,6,13,6,10,4,10;0,-1,24,0,22,0,22,3,23,3,23,1;-1,0,0,12,0,10,1,10,1,8,3,8,3,11,1,11;0,1,34,46,34,43,35,43,35,45;-1,0,0,31,0,33,3,33,3,34,2,34;0,-1,38,10,40,10,40,11,41,11,41,6;-1,0,25,47,25,48,23,48,23,47,20,47;0,1,12,47,12,45,11,45,11,46;1,0,37,19,38,19,38,18,40,18;0,1,42,25,41,25,41,22,42,22,42,17,41,17,41,21;0,1,42,47,42,42,41,42,41,46;0,1,7,45,7,44,9,44,9,45;0,1,26,44,25,44,25,43,27,43,27,45;1,0,42,35,42,32,39,32,39,28,41,28;0,-1,35,0,32,0,32,2,34,2,34,1;0,1,40,46,40,44,39,44,39,47;0,1,29,45,31,45,31,46,27,46,27,47;-1,0,8,47,11,47,11,48,6,48,6,47,3,47;0,1,32,48,32,45,33,45,33,46
43,44|-1,0,8,15,7,15;-1,0,7,17,6,17;-1,0,8,16,7,16;0,-1,5,10,5,9;1,0,33,28,34,28;1,0,31,28,32,28;1,0,32,29,33,29;-1,0,7,19,6,19;-1,0,8,20,7,20;-1,0,8,18,7,18;1,0,29,28,30,28;-1,0,10,15,9,15;-1,0,8,13,7,13;1,0,30,33,31,33;0,-1,6,8,6,9,7,9,7,7;-1,0,11,15,11,16,9,16;-1,0,6,10,8,10,8,11,6,11;1,0,31,29,31,30,33,30;1,0,31,32,32,32;-1,0,11,10,10,10;-1,0,8,17,9,17,9,19,8,19;-1,0,10,13,9,13,9,14,7,14;1,0,28,29,30,29,30,31,32,31;1,0,29,31,29,32,30,32;-1,0,10,12,7,12;1,0,31,22,34,22;-1,0,9,26,12,26,12,27,11,27;1,0,29,33,28,33,28,30,29,30;-1,0,11,18,10,18;-1,0,14,6,14,8,13,8,13,9,10,9;0,-1,12,10,12,11,14,11,14,9;0,-1,24,11,26,11,26,7;0,1,8,21,9,21,9,24;0,-1,20,6,22,6,22,8,23,8,23,6;-1,0,10,17,12,17,12,14,10,14;-1,0,14,13,11,13,11,11,9,11;-1,0,12,24,10,24,10,20,9,20;0,-1,12,12,15,12,15,8,16,8,16,7;-1,0,17,5,18,5,18,9,16,9;-1,0,13,23,11,23,11,19,10,19;-1,0,14,33,13,33,13,31,11,31;-1,0,13,16,13,20,12,20;0,1,22,33,22,34,18,34,18,35;0,1,14,34,16,34,16,35;-1,0,19,10,19,11,17,11;-1,0,14,16,15,16,15,18,14,18;-1,0,22,15,22,14,21,14;0,1,23,30,23,32,27,32,27,34;-1,0,13,29,12,29,12,28,10,28;0,1,24,26,24,29;-1,0,13,26,14,26,14,27,13,27;-1,0,20,8,19,8;-1,0,20,12,20,9,19,9;1,0,22,9,22,11,23,11;0,1,17,32,17,34;0,1,14,31,15,31,15,33;0,1,21,30,21,33;-1,0,15,23,14,23;-1,0,14,21,13,21;0,-1,25,13,26,13,26,12;-1,0,15,25,14,25;0,-1,24,12,21,12,21,8;0,1,17,29,17,31,16,31,16,33;-1,0,16,23,16,24,13,24;0,1,23,29,22,29,22,32;0,1,31,26,32,26,32,23,29,23,29,25;1,0,25,15,28,15,28,16,29,16;1,0,25,17,25,16,27,16;-1,0,17,19,15,19;0,1,28,27,26,27,26,30;-1,0,12,22,15,22,15,20,14,20;-1,0,24,13,22,13;-1,0,19,16,16,16;-1,0,16,18,19,18,19,17,18,17;0,1,28,24,28,26,25,26,25,28;0,-1,19,20,19,19,20,19,20,16;0,-1,17,24,17,22,16,22,16,20;1,0,23,15,23,14,25,14;-1,0,24,16,23,16,23,17,21,17;-1,0,15,29,15,30,14,30,14,28,13,28;0,1,23,28,20,28,20,31;1,0,30,20,30,21,31,21,31,18,32,18;0,-1,27,20,27,18;0,1,19,30,19,32,18,32,18,33;1,0,27,21,28,21,28,19,30,19;1,0,27,25,27,22,30,22;0,-1,23,19,23,18,24,18,24,17;-1,0,16,30,16,28,15,28;0,1,16,27,17,27,17,28,18,28,18,31;0,1,25,23,26,23,26,24;0,1,15,26,18,26,18,27;0,1,16,25,19,25,19,27;1,0,25,19,24,19,24,21,26,21;0,1,18,23,18,24,20,24,20,26;0,1,21,24,21,23,24,23,24,24;0,-1,26,22,23,22,23,20;0,1,18,22,20,22,20,20,22,20,22,22;0,1,6,12,6,13,5,13,5,18;0,-1,30,34,34,34,34,31,38,31,38,29;0,1,6,28,3,28,3,25,2,25,2,20,4,20,4,25;0,-1,35,23,39,23,39,21,36,21,36,16;-1,0,20,37,22,37,22,40,19,40,19,37,15,37;-1,0,9,27,9,29,6,29,6,33,1,33;1,0,18,4,18,3,23,3,23,5,28,5,28,3,33,3;0,-1,4,11,5,11,5,12,3,12,3,8,5,8,5,6;-1,0,38,5,34,5,34,0,39,0,39,2,37,2;-1,0,13,7,11,7,11,2,16,2,16,5,14,5;0,-1,10,2,10,6,7,6,7,5,5,5,5,1;1,0,38,22,35,22,35,17,31,17,31,14,35,14;0,-1,4,13,4,16,0,16,0,21,1,21,1,18;-1,0,2,10,1,10,1,5,4,5,4,2,1,2;0,1,28,39,24,39,24,36,26,36,26,33,23,33,23,35;0,1,37,28,39,28,39,32,37,32,37,33;1,0,36,33,36,32,35,32,35,34,37,34;0,1,17,40,17,39,13,39,13,34,11,34,11,36;1,0,27,11,27,13,29,13,29,9,32,9,32,11,36,11;0,1,39,35,39,33,38,33,38,34;0,1,33,39,38,39,38,35,37,35,37,36,32,36,32,39;0,-1,22,0,25,0,25,4,27,4,27,1;-1,0,1,39,6,39,6,37,1,37;-1,0,0,32,1,32,1,29,5,29,5,30,3,30;0,1,8,34,9,34,9,37,7,37,7,33,10,33,10,37;1,0,37,30,34,30,34,29,35,29,35,24,38,24;-1,0,9,2,9,4,7,4,7,0,3,0,3,1,1,1;0,1,10,39,12,39,12,37,11,37,11,38;1,0,39,12,36,12,36,14,38,14;-1,0,0,10,0,15,3,15,3,13,2,13;1,0,31,6,27,6,27,8,29,8,29,7,31,7;1,0,30,5,33,5,33,7,38,7;1,0,39,16,37,16,37,18,38,18;1,0,38,17,39,17,39,19,37,19,37,20,38,20;-1,0,1,35,4,35,4,34,6,34,6,36,3,36;1,0,38,1,35,1,35,4,37,4;0,1,34,35,29,35,29,37;0,1,26,38,29,38,29,40,31,40,31,36,30,36,30,39;1,0,35,16,34,16,34,15,37,15;0,-1,32,0,32,2,28,2,28,1;0,-1,24,4,24,1,23,1,23,2,19,2,19,1;1,0,33,8,33,9,37,9,37,11,38,11;0,1,18,36,23,36,23,38;0,1,13,40,9,40,9,38,7,38,7,39;-1,0,0,8,0,3,3,3,3,4,2,4;1,0,39,27,39,25,36,25,36,26,37,26;-1,0,0,31,0,28,2,28,2,26,1,26;1,0,36,8,38,8,38,10,39,10,39,7,40,7;0,1,32,42,28,42,28,40,25,40,25,41;1,0,38,40,33,40,33,41,38,41;0,1,41,38,41,35,40,35,40,39;0,1,14,38,18,38,18,42,16,42,16,40,15,40,15,41;-1,0,8,42,4,42,4,40,2,40;1,0,41,42,39,42,39,40,40,40;0,-1,36,6,40,6,40,2;0,1,3,38,0,38,0,40,1,40,1,41;0,-1,40,28,40,32,41,32,41,27;0,1,27,43,24,43,24,41,19,41,19,43;0,-1,43,23,43,20,41,20,41,17;0,-1,42,10,40,10,40,12,43,12,43,17,42,17,42,15
43,46|0,1,14,35,14,36;0,1,10,34,10,35;0,-1,14,7,14,6;0,1,16,26,16,27;0,1,18,32,18,33;0,1,11,34,11,35;0,1,14,34,13,34,13,36;0,1,8,34,8,33,12,33,12,37;0,1,9,30,9,32;0,1,13,29,11,29,11,32;0,-1,23,8,22,8,22,6;0,-1,24,8,24,7;-1,0,22,35,20,35,20,37,19,37;0,1,13,27,14,27,14,29;0,-1,20,7,20,6,16,6,16,5;0,1,20,32,20,34;0,1,17,32,17,31,19,31,19,34;0,1,8,31,8,32,7,32,7,33;0,1,14,25,14,26,15,26,15,28;0,1,9,28,9,29,10,29,10,32;0,-1,24,11,24,9,25,9,25,6;0,1,5,27,5,29,7,29,7,31;0,1,16,25,17,25,17,26;0,-1,25,13,25,14,24,14,24,12;0,-1,33,13,33,11,31,11,31,9;0,1,5,26,5,24,6,24,6,27;0,1,8,27,8,30;0,-1,28,7,28,10,27,10,27,8;0,1,7,25,7,28;0,1,19,29,18,29,18,30;0,-1,28,12,30,12,30,9,29,9,29,7;0,-1,30,13,27,13,27,12;1,0,32,22,32,23,34,23;0,-1,10,11,10,10,11,10,11,9;1,0,21,11,21,9,23,9;-1,0,19,7,18,7;1,0,19,8,20,8;0,-1,10,12,9,12,9,9;-1,0,17,9,14,9,14,8,13,8;0,1,10,26,12,26,12,25,8,25,8,26;0,1,15,23,15,25;0,-1,30,14,32,14,32,13;0,1,23,31,23,33,21,33,21,34;0,1,11,24,13,24,13,26;-1,0,21,30,22,30,22,31,20,31;1,0,32,18,32,21,34,21;-1,0,20,28,19,28;-1,0,20,9,18,9,18,8,15,8;1,0,29,21,31,21;0,-1,30,15,33,15,33,14;-1,0,24,31,24,29,20,29;0,-1,13,12,11,12,11,14,10,14,10,13;-1,0,6,12,6,13,8,13,8,15,6,15;-1,0,29,31,26,31,26,32,24,32;0,1,20,25,20,27;1,0,30,16,32,16,32,17,34,17;1,0,19,12,16,12,16,10,20,10;-1,0,7,16,7,18,6,18;0,1,9,22,7,22,7,24;0,-1,24,15,27,15,27,14;0,-1,23,16,23,14;0,1,30,31,30,28,31,28,31,31;1,0,25,30,29,30,29,27,31,27;1,0,31,18,30,18,30,20,31,20;0,1,29,24,29,25,28,25,28,27;1,0,33,25,32,25,32,24,34,24;0,-1,12,16,10,16,10,15;0,-1,18,17,18,13;0,-1,6,23,6,19;0,-1,15,14,14,14,14,12,15,12,15,11;1,0,28,22,31,22,31,26,33,26;1,0,27,19,29,19,29,17,30,17;0,-1,9,18,8,18,8,17,9,17,9,13;0,1,27,25,27,23,28,23,28,24;0,1,27,22,26,22,26,23;0,1,16,24,18,24,18,25;0,1,18,22,19,22,19,26;0,1,22,24,22,23,21,23,21,24;0,-1,13,16,13,14;-1,0,8,21,8,20,7,20;0,-1,26,16,29,16,29,14;0,1,7,19,9,19,9,21;1,0,24,23,25,23,25,21,28,21;1,0,24,22,24,20,25,20;1,0,20,24,20,21,22,21;1,0,23,19,26,19;-1,0,10,17,11,17,11,20,10,20;0,-1,13,17,13,18,14,18,14,15;-1,0,13,19,12,19,12,21,10,21;0,1,15,22,14,22,14,23;1,0,24,16,24,18,27,18,27,17,28,17;0,1,16,21,17,21,17,23;1,0,23,17,21,17,21,19,22,19;-1,0,17,20,13,20,13,23,11,23;1,0,15,16,15,17,17,17;0,1,14,19,16,19,16,18,18,18,18,20;0,1,23,20,20,20,20,18,19,18,19,19;1,0,35,35,35,31,38,31,38,26,35,26,35,21,36,21;1,0,15,41,15,39,11,39,11,42,16,42,16,41,19,41;1,0,10,39,10,41,7,41,7,36,9,36,9,38,12,38;0,-1,21,3,16,3,16,0,12,0,12,5,8,5,8,2;0,-1,26,7,27,7,27,5,32,5,32,10,36,10,36,7;1,0,24,0,24,1,22,1,22,0,19,0,19,2,22,2;0,1,9,4,11,4,11,0,7,0,7,4,2,4,2,9;0,1,39,32,36,32,36,36,34,36,34,38,30,38,30,41;-1,0,0,37,2,37,2,42,6,42,6,37,5,37;1,0,30,4,30,1,25,1,25,3,27,3;-1,0,5,41,5,38,4,38,4,35,7,35,7,34,5,34;0,-1,37,20,39,20,39,22,36,22,36,25,37,25,37,24;-1,0,0,17,1,17,1,22,5,22,5,20,3,20;1,0,39,5,35,5,35,2,31,2,31,4,32,4;1,0,31,1,31,0,36,0,36,4,37,4;1,0,39,11,39,14,35,14,35,17,37,17;1,0,36,16,39,16,39,18,34,18,34,19,38,19;0,1,29,35,30,35,30,32,28,32,28,35;1,0,38,11,38,13,37,13,37,9,38,9;0,1,17,38,20,38,20,39,23,39,23,41;-1,0,6,16,6,17,5,17,5,15,2,15;0,1,16,39,18,39,18,40,20,40,20,41;-1,0,0,33,0,36,2,36,2,31,6,31,6,33,5,33;0,1,23,36,21,36,21,38,24,38,24,33,27,33,27,38;0,1,27,42,27,39,24,39,24,40;0,-1,2,14,4,14,4,13,1,13,1,10;0,-1,0,6,0,3,3,3,3,2;1,0,34,3,33,3,33,6,35,6;0,1,37,41,38,41,38,38,36,38,36,41;-1,0,0,31,0,26,2,26,2,23,4,23,4,25,3,25;1,0,38,34,39,34,39,36,37,36,37,33,38,33;0,-1,39,1,39,4,38,4,38,1;0,1,30,37,33,37,33,36,28,36,28,37;0,1,1,41,1,42,0,42,0,38,1,38,1,40;0,1,29,37,29,38,28,38,28,40;0,-1,2,2,0,2,0,1,4,1,4,3,6,3,6,2;0,1,38,37,35,37,35,40;0,1,35,41,35,42,31,42,31,39,34,39,34,41;0,1,26,42,25,42,25,40,26,40,26,41;0,1,21,42,21,40,22,40,22,41;0,1,24,41,24,42,22,42,22,43;0,1,41,31,41,26,39,26,39,31,40,31,40,34;0,-1,41,8,41,13,40,13,40,9;-1,0,7,44,10,44,10,42,9,42,9,43,4,43;0,-1,36,6,37,6,37,8,40,8,40,7;1,0,33,43,33,44,36,44,36,42,37,42;-1,0,6,44,3,44,3,43,1,43;-1,0,3,17,2,17,2,18,4,18,4,16,1,16;1,0,37,23,38,23,38,25,39,25;0,1,41,32,41,35,40,35,40,37;0,1,29,39,29,41,28,41,28,42;1,0,41,37,41,41,39,41,39,38,40,38;0,1,40,42,41,42,41,44,38,44,38,42,39,42,39,43;0,-1,18,0,18,2,17,2,17,1;0,-1,41,4,41,6,40,6,40,4;0,1,29,44,29,42,30,42,30,43;1,0,41,25,41,23,39,23,39,24,40,24;0,1,18,42,18,44,20,44,20,42,19,42,19,43;0,1,40,20,43,20,43,16,42,16,42,19;0,1,40,21,43,21,43,24,42,24,42,26
43,49|0,1,25,38,25,39;0,1,24,37,24,38;0,1,23,36,23,37;-1,0,6,33,5,33;0,1,6,37,6,38;-1,0,7,34,6,34;0,1,22,34,22,35;-1,0,7,32,6,32;-1,0,7,30,6,30;0,1,14,38,14,39;0,1,10,38,10,39;0,1,24,35,24,36;0,-1,25,8,25,7;0,-1,24,7,24,6;0,1,22,33,23,33,23,35;0,1,10,37,9,37,9,38;0,-1,23,6,23,7,22,7,22,6;0,-1,24,8,23,8,23,10,25,10,25,9;0,1,22,29,22,32;0,1,25,36,25,37;0,-1,32,11,32,12,33,12,33,11;0,1,11,40,11,38,12,38,12,40;0,-1,31,11,31,9;0,1,15,38,16,38,16,40;0,1,21,38,21,39;0,-1,28,8,27,8,27,6;-1,0,7,31,8,31,8,29,7,29;0,1,7,35,7,39,8,39,8,40;0,1,27,37,26,37,26,38;-1,0,9,29,9,31,11,31,11,29,10,29;0,-1,30,11,30,9,26,9,26,8;1,0,18,38,20,38;0,1,28,37,28,35,26,35,26,36;0,1,19,34,19,37,17,37,17,38;0,1,16,37,13,37,13,39;-1,0,13,28,13,29,12,29;0,1,20,30,20,31,19,31,19,33;0,1,7,33,8,33,8,37;0,1,20,27,20,28;1,0,29,25,28,25,28,24,29,24;0,-1,34,14,34,15,32,15,32,13;0,-1,16,5,13,5,13,7,14,7,14,6;0,-1,31,12,29,12,29,10;0,-1,30,14,28,14,28,12;1,0,31,13,31,17,32,17,32,16,34,16;-1,0,11,36,9,36,9,32,8,32;1,0,26,13,27,13;1,0,25,35,25,34,28,34;0,-1,12,7,12,9,9,9,9,8;0,-1,12,18,11,18,11,17;1,0,21,5,20,5,20,7,21,7;0,-1,9,10,9,12,7,12,7,11;1,0,25,13,25,12,27,12;0,1,10,32,10,35,12,35,12,37;1,0,26,25,27,25;0,1,23,29,23,32,24,32,24,34;1,0,24,12,24,14,25,14;1,0,28,17,28,16,30,16;1,0,29,28,27,28,27,29,28,29;1,0,22,8,22,11,26,11;1,0,26,33,27,33,27,31,29,31;-1,0,10,10,10,13,8,13;-1,0,8,15,9,15,9,14,7,14;1,0,24,16,24,17,27,17;0,-1,18,6,18,7,15,7,15,6;0,1,29,30,26,30,26,32;0,1,26,28,26,29;1,0,17,33,15,33,15,36,18,36;1,0,31,19,31,20,28,20,28,18,32,18;0,-1,18,11,21,11,21,8,19,8,19,6;0,1,26,27,25,27,25,30;1,0,14,35,14,32,16,32;-1,0,23,12,19,12,19,14,16,14;0,1,13,34,13,32,11,32,11,34;0,-1,13,18,13,17;-1,0,16,27,12,27;1,0,12,31,15,31;1,0,27,23,28,23,28,22,30,22;0,-1,25,19,25,20,26,20,26,19;-1,0,15,28,15,30,12,30;1,0,27,18,27,21,26,21,26,22,27,22;-1,0,16,30,17,30,17,29,16,29;1,0,23,13,22,13,22,14,23,14;0,1,16,28,19,28,19,30;0,1,27,24,25,24,25,26,24,26,24,29;0,-1,10,16,10,19,14,19,14,17;0,1,17,27,17,25,18,25,18,26;-1,0,19,15,19,16,18,16;0,1,21,27,21,28;1,0,23,16,21,16,21,15,24,15;1,0,22,27,23,27,23,24,24,24;-1,0,16,23,16,22,14,22,14,20,13,20;0,1,23,21,25,21,25,23;0,1,22,23,22,26,19,26,19,27;0,1,17,23,19,23,19,25;0,1,21,21,21,22,20,22,20,25;-1,0,20,14,20,17,17,17;-1,0,19,20,23,20,23,17,21,17;1,0,5,41,10,41,10,43,13,43;1,0,24,44,20,44,20,39,17,39,17,40,18,40;-1,0,22,5,27,5,27,4,22,4;-1,0,7,19,7,23,9,23,9,27,5,27,5,32,1,32;1,0,23,38,23,40,25,40,25,44,28,44;1,0,33,27,33,25,31,25,31,22,33,22,33,17,37,17;-1,0,11,4,8,4,8,9,4,9;0,1,7,26,2,26,2,31,0,31,0,36,1,36,1,39;0,-1,37,10,32,10,32,8,30,8,30,7,28,7,28,6;1,0,32,30,32,27,30,27,30,31,32,31,32,34,35,34;-1,0,2,12,1,12,1,17,6,17,6,12,3,12;-1,0,33,3,33,0,30,0,30,2,25,2;-1,0,21,2,16,2,16,4,13,4,13,2,8,2;-1,0,3,7,3,4,5,4,5,1,3,1;1,0,31,33,30,33,30,38,28,38,28,42,32,42;0,1,16,45,16,41,11,41,11,42,14,42,14,44;0,1,39,11,35,11,35,13,39,13,39,18,36,18,36,20;0,1,36,45,36,42,33,42,33,44;0,1,0,37,0,40,4,40,4,42,9,42,9,43;0,-1,29,6,29,3,24,3,24,2;0,1,35,30,37,30,37,32,39,32,39,35,38,35,38,38;-1,0,0,9,0,7,1,7,1,10,6,10,6,11,4,11;-1,0,0,45,0,41,3,41,3,45,8,45,8,43,7,43;-1,0,0,14,0,19,5,19,5,22,2,22;0,-1,0,0,0,4,2,4,2,1;1,0,39,27,39,22,35,22,35,19,34,19,34,24,38,24;0,1,20,45,17,45,17,41,18,41,18,44;1,0,31,3,31,7,33,7,33,9,34,9;0,-1,38,8,37,8,37,9,39,9,39,7,34,7,34,5;0,-1,6,5,4,5,4,8,7,8,7,5;0,1,36,34,36,39,38,39,38,41;1,0,36,0,34,0,34,3,37,3;0,1,31,41,31,37,35,37,35,40,37,40,37,42;0,-1,17,3,17,5,18,5,18,3,23,3,23,2;0,-1,10,1,7,1,7,4,6,4,6,3;0,-1,22,1,20,1,20,0,15,0,15,3,14,3,14,1;-1,0,0,20,1,20,1,23,6,23,6,25,4,25;1,0,39,31,39,29,34,29,34,30,33,30,33,28,36,28;0,1,33,45,35,45,35,43,34,43,34,44;1,0,32,3,32,6,33,6,33,4,35,4;0,-1,39,2,39,5,38,5,38,1;0,1,1,44,1,42,2,42,2,44;-1,0,5,24,3,24,3,25,1,25;0,1,37,43,37,45,39,45,39,42,38,42,38,44;0,1,27,45,32,45,32,43,29,43,29,44;1,0,37,4,36,4,36,6,38,6;-1,0,3,8,3,9,2,9,2,5,1,5;1,0,38,27,38,25,37,25,37,28,38,28;0,-1,36,1,35,1,35,2,37,2,37,1;1,0,39,19,39,21,37,21,37,19,38,19;-1,0,36,46,36,47,41,47,41,46,38,46;0,1,14,46,10,46,10,44,13,44,13,45;0,1,25,47,21,47,21,45,26,45,26,46;0,-1,40,21,40,24,41,24,41,20,40,20,40,18;0,-1,38,10,41,10,41,8,40,8,40,6;0,1,1,47,1,45,2,45,2,46;0,-1,41,6,41,4,40,4,40,1;1,0,41,41,39,41,39,39,40,39;0,-1,42,11,42,9,43,9,43,6,42,6,42,4;1,0,0,47,0,49,3,49,3,46,8,46,8,48,10,48
39,47|0,1,5,37,5,38;-1,0,8,40,7,40;-1,0,6,31,5,31;-1,0,6,30,5,30;0,1,6,38,6,39;0,1,6,36,6,37;-1,0,7,32,6,32;-1,0,8,39,7,39;0,1,7,37,7,38;0,-1,31,12,31,11;-1,0,8,27,7,27;-1,0,8,31,7,31;-1,0,8,26,7,26;-1,0,9,28,8,28;-1,0,8,30,7,30;0,-1,12,9,12,8;0,1,8,37,8,38;0,-1,15,7,15,6;0,-1,15,10,15,9;0,1,9,40,9,38,10,38,10,40;0,-1,16,7,16,5;1,0,23,6,24,6,24,7,26,7;0,-1,20,7,20,6,18,6,18,5;-1,0,11,12,8,12;-1,0,11,39,13,39,13,40,12,40;-1,0,12,26,10,26;1,0,29,12,30,12,30,13,32,13;1,0,30,14,31,14;1,0,29,14,26,14,26,13,29,13;0,-1,30,15,28,15,28,16,31,16,31,15;-1,0,8,33,7,33,7,35,6,35;-1,0,13,26,13,25,12,25;-1,0,10,13,11,13,11,17,9,17;0,-1,22,5,22,9,21,9,21,7;-1,0,6,20,6,21,8,21,8,24,5,24;-1,0,9,22,9,21,11,21,11,18,9,18;1,0,25,17,25,16,26,16;1,0,25,10,25,12,27,12;-1,0,13,22,10,22;-1,0,15,13,13,13,13,14,12,14;-1,0,9,30,9,32,8,32;0,-1,16,8,18,8,18,7,17,7,17,5;1,0,24,11,24,9,25,9;-1,0,13,17,13,19,12,19;-1,0,12,27,10,27;1,0,21,33,21,32,24,32;0,-1,13,8,14,8,14,10,11,10,11,8;0,1,16,39,16,37,19,37,19,38;-1,0,16,10,16,11,12,11;0,1,17,36,20,36,20,38;-1,0,14,40,14,38,11,38;-1,0,13,27,14,27,14,24,13,24;0,-1,16,9,19,9,19,8;-1,0,10,37,9,37,9,36,7,36;-1,0,15,12,16,12,16,14,14,14;1,0,24,13,23,13,23,14,25,14;1,0,22,13,22,15,24,15;1,0,24,16,24,18,27,18;-1,0,10,32,10,29,7,29;-1,0,13,30,11,30;-1,0,15,22,15,23,14,23;1,0,26,8,23,8,23,12,24,12;0,-1,8,35,9,35,9,33;-1,0,13,37,11,37,11,36,10,36;1,0,22,27,22,28,23,28;1,0,20,34,22,34,22,35,23,35;0,-1,22,12,22,10,20,10,20,9;1,0,20,32,20,31,21,31;1,0,22,17,23,17,23,19,26,19;-1,0,13,20,14,20,14,21,12,21;-1,0,19,10,17,10;-1,0,17,13,21,13,21,11,18,11;-1,0,20,14,18,14;-1,0,12,29,14,29,14,28,11,28;0,-1,15,16,15,15;1,0,20,20,23,20;0,-1,15,17,14,17,14,15;1,0,23,25,21,25,21,23,23,23;0,-1,11,31,11,35,10,35,10,33;0,1,12,36,12,32,16,32,16,33;1,0,20,35,19,35,19,33,20,33;0,-1,19,15,19,17,18,17,18,15;1,0,22,19,21,19,21,16,22,16;1,0,21,27,21,29,23,29;-1,0,16,31,15,31;1,0,20,24,20,22,22,22;0,-1,17,18,17,19,16,19,16,16;1,0,18,35,17,35,17,33,18,33;-1,0,19,32,17,32,17,30,14,30;-1,0,17,25,17,29,16,29;0,-1,18,18,20,18,20,15;1,0,20,28,20,30,22,30;-1,0,17,20,17,21,15,21,15,19,14,19;1,0,20,21,19,21,19,19,20,19;0,-1,19,22,18,22,18,20;0,1,20,27,19,27,19,29;0,1,15,24,18,24,18,27;1,0,19,23,19,26,21,26;-1,0,10,25,6,25,6,29,4,29,4,31,3,31;1,0,13,7,11,7,11,6,14,6,14,2,19,2;0,1,30,25,26,25,26,29,28,29,28,33;1,0,37,15,34,15,34,10,31,10,31,5,36,5;1,0,0,37,0,35,3,35,3,40,6,40,6,43,10,43;1,0,30,18,33,18,33,20,31,20,31,25,34,25;1,0,17,38,17,43,20,43,20,39,24,39;-1,0,22,0,27,0,27,4,22,4,22,1,18,1;-1,0,9,9,7,9,7,13,9,13,9,16,6,16;1,0,31,31,31,35,27,35,27,40,30,40;-1,0,1,28,1,33,6,33,6,34,2,34;0,-1,4,10,4,14,0,14,0,19,1,19,1,16;0,1,37,19,37,21,35,21,35,26,32,26,32,30;-1,0,5,25,3,25,3,23,7,23,7,22,6,22;0,1,32,37,32,40,31,40,31,36,33,36,33,41;-1,0,3,8,0,8,0,13,3,13,3,10,2,10;-1,0,4,21,4,19,2,19,2,17,5,17,5,22,3,22;1,0,34,28,34,32,32,32,32,35,35,35;0,-1,6,1,6,4,3,4,3,2;0,1,37,40,37,35,36,35,36,39;1,0,23,40,23,44,27,44,27,41,32,41,32,44,36,44;0,-1,2,3,0,3,0,0,4,0,4,3,5,3,5,2;-1,0,0,24,0,20,3,20,3,21,1,21;0,-1,6,12,6,7,9,7,9,2;-1,0,9,44,10,44,10,45,8,45,8,44,3,44;1,0,26,24,26,22,29,22,29,17,31,17;0,1,1,43,0,43,0,40,2,40,2,44;0,1,17,45,17,44,21,44,21,42,22,42,22,44;0,1,7,42,9,42,9,41,13,41,13,43;1,0,37,32,37,34,34,34,34,33,36,33;1,0,30,1,30,3,28,3,28,0,31,0,31,4,35,4;0,1,15,33,13,33,13,36,15,36,15,40;0,1,16,43,14,43,14,41,15,41,15,42;-1,0,2,28,5,28,5,26,1,26;1,0,33,30,33,27,34,27;0,-1,37,6,37,4,36,4,36,2;0,-1,5,1,5,0,10,0,10,4,13,4,13,1;0,1,33,45,31,45,31,42,28,42,28,44;0,-1,37,0,32,0,32,3,35,3,35,2;1,0,34,2,33,2,33,1,35,1;1,0,33,15,33,14,32,14,32,16,33,16;0,1,24,45,29,45,29,43,30,43,30,44;0,-1,17,1,16,1,16,0,11,0,11,3,12,3,12,2;1,0,37,16,37,18,34,18,34,16,36,16;1,0,36,10,36,6,34,6,34,9,32,9,32,8,33,8;1,0,35,42,33,42,33,43,36,43;1,0,37,14,37,11,35,11,35,14,36,14;-1,0,1,24,1,22,2,22,2,25,1,25;1,0,37,27,35,27,35,31,36,31;-1,0,5,7,5,8,4,8,4,6,8,6,8,5,5,5;1,0,36,40,35,40,35,38,34,38,34,41,35,41;0,1,10,42,12,42,12,44;-1,0,1,7,3,7,3,6,1,6;-1,0,2,36,1,36,1,37,2,37,2,39,1,39;-1,0,38,43,38,40,39,40,39,45,34,45,34,46,29,46;0,-1,39,35,39,39,38,39,38,38;0,-1,38,29,38,30,36,30,36,28,38,28,38,23;-1,0,5,47,7,47,7,46,2,46;0,1,23,47,20,47,20,45,23,45,23,46;0,1,11,43,11,46,16,46,16,44,13,44,13,45;0,-1,39,10,39,12,38,12,38,7
47,48|-1,0,8,20,7,20;-1,0,7,19,6,19;-1,0,7,18,6,18;1,0,34,30,35,30;-1,0,6,12,5,12;-1,0,7,17,6,17;-1,0,6,16,5,16;0,-1,6,11,6,10;0,-1,7,10,7,9;1,0,33,31,34,31;-1,0,6,15,5,15;1,0,35,29,36,29;1,0,32,30,33,30;1,0,32,29,33,29;0,1,6,13,6,14;1,0,35,25,36,25;-1,0,8,11,7,11;1,0,35,27,35,28,36,28;-1,0,9,19,8,19;1,0,34,28,34,26,36,26;-1,0,7,14,7,12,9,12,9,10,8,10;0,-1,18,7,18,5;1,0,31,30,31,31,32,31;-1,0,13,31,13,30,12,30;-1,0,12,8,9,8,9,9,8,9;-1,0,14,11,14,9,10,9;-1,0,11,20,11,19,10,19;1,0,31,12,31,14,32,14;1,0,22,5,24,5,24,6,26,6;1,0,33,32,30,32,30,34,32,34;0,-1,19,9,20,9,20,8;0,-1,14,8,15,8,15,7,17,7,17,6;0,-1,14,15,14,13;0,-1,7,16,7,15,9,15,9,14;0,1,35,24,34,24,34,25;-1,0,12,21,10,21;-1,0,14,20,13,20;0,1,12,32,14,32,14,34;0,-1,8,18,8,16;1,0,26,33,28,33,28,32,29,32;-1,0,15,20,15,21,14,21;0,-1,9,18,9,16,10,16,10,14;1,0,25,9,25,7,28,7;1,0,31,26,33,26;0,-1,15,9,15,10,16,10,16,8;-1,0,17,9,17,11,16,11;1,0,27,32,27,31,29,31;-1,0,11,25,11,23,9,23;0,1,22,35,23,35,23,37;-1,0,12,25,12,22,10,22;1,0,24,35,24,31,26,31;0,-1,24,11,24,8,22,8,22,7;1,0,21,34,23,34;0,1,16,34,18,34,18,35;0,-1,13,15,13,13;1,0,20,34,20,32,21,32,21,33,23,33;1,0,27,30,30,30;1,0,31,24,33,24,33,23,36,23;-1,0,20,36,20,35,19,35,19,33,15,33;1,0,30,25,30,23,31,23;-1,0,16,23,16,22,14,22,14,23,13,23;0,1,23,29,24,29,24,30;0,-1,32,16,32,17,31,17,31,15;1,0,31,29,31,28,32,28;0,1,21,31,21,28,22,28,22,30;-1,0,15,24,13,24,13,26,12,26;0,-1,30,16,30,14,29,14,29,10;0,-1,24,12,25,12,25,10;0,-1,10,18,10,17,11,17,11,15;0,-1,35,20,33,20,33,19;0,-1,30,17,30,18,29,18,29,15;0,-1,14,16,12,16,12,12;-1,0,18,32,16,32,16,31,14,31;0,1,17,30,16,30,16,29,15,29,15,30;-1,0,14,19,12,19,12,18,11,18;0,-1,13,18,13,17,15,17,15,15;0,1,12,29,14,29,14,30;0,-1,21,13,20,13,20,11,18,11,18,9;0,-1,34,21,31,21,31,18;0,-1,26,13,23,13,23,11;-1,0,18,16,18,14,19,14,19,12,17,12;0,1,33,27,30,27,30,29;-1,0,16,18,14,18;0,-1,30,21,30,19;-1,0,22,14,22,15,19,15;0,1,22,24,22,27,20,27,20,28;-1,0,26,30,26,29,25,29;1,0,28,22,28,20,29,20,29,22,30,22;-1,0,15,25,15,28,12,28;0,-1,19,20,18,20,18,17;1,0,27,16,27,14,28,14;-1,0,28,29,27,29,27,28,24,28;-1,0,17,22,17,19,15,19;1,0,26,19,26,22,27,22,27,19,29,19;0,1,17,23,17,24,16,24,16,27;-1,0,29,28,28,28;0,-1,23,14,24,14,24,16,23,16,23,15;0,1,30,26,29,26,29,27;0,-1,18,24,18,21,20,21,20,19;-1,0,26,15,26,17,24,17,24,19,22,19;-1,0,24,20,23,20;0,-1,25,22,23,22,23,21;-1,0,21,21,22,21,22,22,20,22;0,-1,29,25,29,24,27,24,27,23;0,-1,28,27,28,25,26,25,26,23;0,-1,21,23,23,23,23,27,25,27,25,23;0,-1,38,30,36,30,36,34,41,34,41,29,39,29,39,24;0,-1,7,34,11,34,11,29,8,29,8,26,3,26,3,22;0,1,5,14,5,13,4,13,4,16,1,16,1,21;1,0,31,9,29,9,29,7,32,7,32,10,35,10;1,0,16,0,19,0,19,1,24,1;-1,0,18,4,18,3,14,3,14,7,9,7,9,3,6,3;0,-1,0,19,0,14,1,14,1,9;0,-1,41,25,40,25,40,21,38,21,38,19;0,-1,39,4,39,9,35,9,35,6,31,6,31,3;-1,0,14,38,18,38,18,36,16,36;0,1,1,33,2,33,2,29,0,29,0,34,2,34,2,36;-1,0,3,42,0,42,0,39,4,39,4,37,1,37;1,0,25,39,22,39,22,42,17,42,17,40,19,40;0,-1,35,0,40,0,40,1,38,1,38,6,37,6,37,3;1,0,41,10,41,12,38,12,38,14,34,14,34,11,39,11;0,-1,24,0,29,0,29,2,27,2,27,6,30,6,30,4;0,-1,2,0,2,4,6,4,6,7,1,7,1,3;0,1,24,38,24,37,27,37,27,40,23,40,23,41;0,1,35,31,35,33,34,33,34,35;1,0,31,33,33,33,33,35,28,35,28,38,32,38;1,0,38,39,38,37,36,37,36,39,34,39,34,41,38,41;0,1,33,36,33,39,30,39,30,41;-1,0,2,11,2,9,6,9,6,8,1,8;0,1,16,37,12,37,12,40;0,1,7,30,10,30,10,33,6,33,6,37;0,1,10,39,9,39,9,37,11,37,11,41;0,-1,12,0,12,3,10,3,10,6,13,6,13,5;-1,0,8,31,4,31,4,27,2,27;0,1,4,40,4,42,5,42,5,38,6,38,6,41;-1,0,0,26,2,26,2,22,1,22;0,-1,28,3,30,3,30,0,32,0,32,5,33,5,33,4;0,-1,7,2,7,0,11,0,11,2,9,2,9,1;0,1,17,39,15,39,15,41;0,1,7,42,7,40,10,40,10,41;0,-1,12,5,11,5,11,4,13,4,13,2,15,2,15,1;1,0,34,37,35,37,35,35,36,35;0,1,38,36,37,36,37,35,39,35,39,36;1,0,38,17,38,15,34,15,34,18,39,18,39,13,40,13;0,1,40,36,40,35,41,35,41,37,39,37,39,38;1,0,41,2,39,2,39,3,40,3;1,0,37,38,37,40,39,40;-1,0,6,32,3,32,3,28,1,28;0,-1,3,0,3,3,5,3,5,2;0,-1,34,0,33,0,33,3,34,3,34,1;0,1,38,42,40,42,40,40,41,40,41,38,40,38,40,39;0,1,27,42,31,42,31,40,32,40,32,41;1,0,40,14,41,14,41,19,39,19,39,20,40,20;0,1,10,42,14,42,14,39,13,39,13,41;-1,0,34,43,31,43,31,44,27,44,27,43,22,43;0,-1,41,20,41,21,43,21,43,25,42,25,42,23;-1,0,8,41,9,41,9,43,7,43;-1,0,9,44,4,44,4,43,1,43;0,1,43,26,40,26,40,28,42,28,42,32;0,-1,40,11,40,6,43,6,43,4,42,4,42,2;0,1,43,33,43,37,42,37,42,41;1,0,37,44,41,44,41,42,42,42;0,1,16,44,16,42,15,42,15,43;1,0,43,9,41,9,41,8,42,8;1,0,43,3,43,0,41,0,41,1,42,1;0,1,40,43,37,43,37,42,36,42,36,43;0,1,41,45,41,46,36,46,36,44,32,44,32,45;1,0,45,12,45,10,42,10,42,14,43,14;0,1,43,11,43,13,45,13,45,14,44,14,44,19;-1,0,21,46,23,46,23,45,20,45;0,1,45,15,45,20,44,20,44,22;0,1,20,44,21,44,21,43,19,43,19,45;-1,0,18,43,18,46,13,46,13,43,10,43,10,45,5,45;0,1,42,43,45,43,45,38,43,38,43,40,44,40,44,42;1,0,45,4,45,7,43,7,43,8,44,8;1,0,45,44,45,46,42,46,42,44,44,44;0,1,11,46,11,44,12,44,12,45;-1,0,7,46,3,46,3,44,1,44;1,0,44,37,45,37,45,32,43,32,43,31,44,31;1,0,45,30,43,30,43,28,44,28;0,-1,1,0,0,0,0,2,1,2,1,1;1,0,11,48,15,48,15,47,17,47
41,49|-1,0,6,33,5,33;0,1,5,31,5,32;-1,0,6,30,5,30;0,1,6,34,6,35;0,1,13,38,13,39;-1,0,7,31,6,31;0,1,5,27,5,28;0,1,13,33,13,34;-1,0,7,32,6,32;0,-1,27,7,27,6;0,1,12,34,12,35;0,1,11,35,11,36;-1,0,9,31,8,31;-1,0,9,32,8,32;0,1,14,39,14,40;-1,0,8,33,7,33;0,-1,28,7,28,6;0,1,9,36,9,37;-1,0,7,29,6,29;1,0,32,12,33,12;0,-1,27,9,27,8;-1,0,16,39,15,39;-1,0,18,38,14,38;-1,0,16,42,16,41,15,41;1,0,34,15,33,15,33,14,34,14;-1,0,17,39,17,40,15,40;-1,0,21,40,18,40,18,41,17,41;0,1,10,37,10,35,8,35,8,36;0,1,10,34,7,34,7,35;0,-1,29,10,28,10,28,8,29,8,29,5;0,-1,28,12,29,12,29,11,27,11,27,10;0,1,17,34,16,34,16,36;1,0,31,12,31,13,33,13;0,1,12,33,11,33,11,34;0,-1,30,10,31,10,31,9;-1,0,12,31,10,31,10,33,9,33;1,0,26,7,23,7,23,6,25,6;0,1,11,32,13,32,13,31,15,31,15,34;0,1,14,28,14,30,16,30,16,31;-1,0,18,36,19,36,19,39,18,39;-1,0,7,30,8,30,8,28,6,28;0,1,13,24,14,24,14,25;0,1,9,29,9,26,11,26,11,28;0,1,16,27,15,27,15,29;0,1,6,26,6,27;0,-1,33,11,33,9,34,9,34,8;-1,0,7,27,7,25,6,25;0,1,10,25,8,25,8,27;0,-1,30,13,30,11,32,11,32,9;0,1,18,34,18,35,21,35,21,36;-1,0,22,36,22,34,19,34;0,-1,33,17,33,16;-1,0,20,33,22,33,22,32,19,32;-1,0,21,5,21,7,19,7;0,1,17,27,17,24,16,24,16,26;0,1,17,21,18,21,18,24;1,0,25,8,22,8,22,5,24,5;0,-1,26,9,24,9,24,10,23,10,23,9;0,-1,30,16,30,14;-1,0,23,30,23,31,20,31;1,0,31,15,31,14,32,14,32,18,33,18;-1,0,9,21,9,22,8,22;1,0,26,18,27,18;-1,0,27,30,24,30,24,28,22,28;1,0,30,20,32,20,32,19,34,19;0,-1,19,11,20,11,20,8;1,0,29,13,27,13,27,14,28,14;1,0,23,20,23,19,24,19;0,1,16,22,16,23,15,23,15,25;0,-1,20,13,20,12,21,12,21,9;1,0,24,14,24,17,27,17,27,15,29,15;0,1,24,25,25,25,25,28;1,0,22,10,22,11,24,11;0,1,24,24,23,24,23,26;1,0,23,14,23,13,24,13;1,0,22,15,22,17,21,17,21,18,24,18;0,1,25,23,25,24;0,1,11,25,11,23,9,23,9,24;0,1,15,20,15,22;-1,0,11,16,13,16,13,15,12,15;-1,0,14,22,10,22,10,20,7,20;1,0,21,13,22,13,22,12,25,12;0,1,11,19,12,19,12,20,11,20,11,21;0,1,25,22,24,22,24,23;1,0,20,16,20,14,22,14;-1,0,16,10,16,11,15,11;0,-1,15,12,17,12,17,10;0,1,13,20,13,19,16,19,16,21;0,-1,12,18,13,18,13,17,14,17,14,15;0,-1,19,12,19,14,18,14,18,11;0,-1,15,17,18,17,18,16,17,16,17,13;0,1,17,19,17,20;0,1,19,22,21,22,21,23;0,-1,20,19,20,17,19,17,19,15;0,-1,22,20,22,19;0,1,22,22,22,21,23,21,23,23;0,1,14,18,18,18,18,19;0,-1,21,19,21,21,19,21,19,18;0,1,6,47,6,43,10,43,10,41,14,41,14,42;-1,0,22,1,22,4,17,4,17,9,13,9,13,7,8,7;1,0,24,0,27,0,27,1,31,1;-1,0,2,40,2,37,0,37,0,33,3,33,3,28,1,28;0,1,31,0,35,0,35,5;0,-1,39,8,39,13,34,13,34,11,37,11,37,8;0,-1,0,26,3,26,3,22,5,22,5,17;0,-1,0,18,4,18,4,14,6,14,6,9;0,1,5,29,4,29,4,34;0,-1,38,3,38,6,36,6,36,1;1,0,37,18,37,20,33,20,33,21,38,21;0,-1,3,1,8,1,8,6,10,6,10,5;1,0,15,47,13,47,13,46,16,46;1,0,20,41,20,43,25,43,25,47,30,47,30,43,33,43;-1,0,12,12,12,9,10,9,10,12,7,12,7,7,3,7;-1,0,0,38,0,43,2,43,2,42,5,42,5,44,2,44;1,0,39,39,39,42,36,42,36,47,31,47,31,46,32,46;0,-1,0,7,0,9,1,9,1,6;-1,0,2,10,2,6,6,6,6,3,2,3;0,-1,9,2,11,2,11,4,16,4,16,8,14,8,14,5;1,0,23,39,23,37,28,37,28,32,23,32,23,36,24,36;-1,0,1,0,1,5,3,5,3,4,5,4,5,5,4,5;1,0,29,9,30,9,30,7,34,7;0,-1,21,2,20,2,20,0,17,0,17,3,19,3,19,2;-1,0,1,10,0,10,0,13,5,13,5,12,1,12;0,1,17,46,17,42,19,42,19,44,22,44,22,46;0,1,39,44,39,47,37,47,37,43,38,43,38,44;1,0,32,39,34,39,34,34,38,34;1,0,39,18,38,18,38,14,35,14,35,15,37,15;0,1,7,47,7,44,8,44,8,45;0,1,23,46,23,44,24,44,24,46;0,-1,13,0,13,3,16,3,16,1;1,0,26,19,26,21,30,21,30,25,35,25;1,0,36,26,36,30,31,30,31,33,35,33;1,0,39,27,39,25,36,25,36,22,38,22;0,-1,6,2,2,2,2,1;-1,0,0,17,0,14,3,14,3,17,1,17;1,0,36,33,37,33,37,31,34,31,34,32,36,32;-1,0,0,27,0,29,2,29,2,32,1,32;0,1,12,44,10,44,10,45,13,45,13,42,12,42,12,43;1,0,32,1,32,6,35,6,35,7,38,7;1,0,37,41,37,38,39,38,39,35,35,35,35,37,38,37;-1,0,0,25,0,20,2,20,2,23,1,23;-1,0,3,45,5,45,5,46,3,46;0,1,16,47,18,47,18,45,20,45,20,46;1,0,39,23,37,23,37,24,38,24;1,0,38,26,37,26,37,29,38,29;0,1,0,47,0,45,2,45,2,46;0,-1,23,0,23,1,25,1,25,4,23,4,23,2;1,0,39,2,39,0,37,0,37,1,38,1;0,-1,16,0,15,0,15,2,14,2,14,1;-1,0,3,20,3,21,4,21,4,19,2,19;1,0,41,7,41,5,39,5,39,7,40,7;1,0,38,20,38,19,39,19,39,22,40,22;0,1,14,49,10,49,10,46,12,46,12,47;1,0,18,49,16,49,16,48,20,48;1,0,37,30,38,30,38,33,40,33;0,1,41,48,41,45,40,45,40,48;-1,0,8,47,9,47,9,49,7,49,7,48,5,48;-1,0,6,49,4,49,4,48,1,48;0,-1,41,4,41,3,40,3,40,1;0,1,19,46,19,47,23,47,23,48
42,46|-1,0,6,13,5,13;-1,0,7,14,6,14;-1,0,6,17,5,17;-1,0,8,13,7,13;-1,0,6,12,5,12;-1,0,7,19,6,19;-1,0,6,10,5,10;-1,0,9,23,8,23;1,0,32,28,33,28;0,-1,22,7,22,6;0,-1,18,6,18,5;0,-1,19,5,19,7,17,7,17,5;-1,0,8,12,7,12;0,-1,18,8,16,8,16,7;0,-1,17,10,15,10,15,7;1,0,32,27,33,27;0,1,14,32,14,31,13,31,13,32;0,1,31,32,31,34,28,34,28,35;-1,0,7,10,7,11,5,11;0,-1,5,8,6,8,6,7;-1,0,8,11,8,9,6,9;0,1,28,30,28,32,27,32,27,34;0,-1,18,9,20,9,20,6;0,1,30,30,31,30,31,31;0,1,30,25,30,29,32,29,32,31;0,-1,19,10,21,10,21,6;-1,0,16,34,16,35,15,35;0,1,20,35,20,36,21,36,21,37;0,1,29,33,29,29,27,29,27,31;0,-1,23,9,23,7,25,7,25,5;0,-1,12,8,11,8,11,7;0,-1,14,11,14,8;0,-1,12,10,12,9,13,9,13,6;0,1,23,34,24,34,24,35;0,-1,15,13,15,12,13,12,13,10;0,-1,19,12,19,11,22,11,22,9;0,1,14,27,14,28;0,1,28,24,29,24,29,27;0,1,17,35,17,32,16,32,16,33;0,1,10,30,10,28,9,28,9,29;0,-1,26,10,26,11,25,11,25,9;0,1,31,25,31,27;0,-1,9,11,10,11,10,8,7,8,7,6;0,1,12,29,13,29,13,27,11,27,11,30;-1,0,10,24,10,22,8,22;0,1,24,33,22,33,22,34;0,-1,26,12,26,13,24,13,24,9;-1,0,9,19,9,18,6,18;-1,0,11,9,11,13,9,13;0,-1,17,15,17,14,16,14,16,11;0,1,21,35,21,33,18,33,18,35;0,1,22,32,22,31,20,31,20,32;0,1,20,27,20,28,22,28,22,30;-1,0,11,23,11,25,8,25;0,1,32,23,32,26;0,1,26,29,26,27,24,27,24,29;0,1,25,25,25,26;0,-1,6,15,6,16,8,16,8,14;-1,0,14,23,12,23,12,26,11,26;-1,0,19,32,19,31,18,31;-1,0,9,15,9,17,7,17;-1,0,16,23,15,23;0,-1,15,16,15,14,13,14,13,13;0,-1,25,15,25,14;0,-1,26,15,26,14;-1,0,17,30,17,29,15,29;-1,0,16,24,14,24;-1,0,17,20,14,20;0,-1,12,12,12,16,10,16,10,14;0,-1,14,17,12,17,12,19,11,19,11,17;0,-1,24,16,24,14;0,1,15,27,17,27,17,28;1,0,31,15,28,15,28,16,29,16;0,1,27,24,27,23,24,23,24,26;-1,0,18,30,18,28,19,28,19,26,17,26;1,0,21,26,22,26,22,25,23,25;-1,0,17,24,17,25,14,25;-1,0,20,26,20,25,18,25;0,-1,22,15,22,14,21,14,21,12;0,-1,22,18,22,16,23,16,23,13;0,-1,15,17,16,17,16,15;-1,0,17,23,17,22,16,22;0,-1,18,15,19,15,19,13;0,1,31,24,31,22,33,22,33,24;0,1,18,23,18,24;1,0,31,19,31,21,33,21;1,0,30,21,28,21,28,23,30,23;0,1,19,24,19,22,23,22,23,24;0,-1,20,14,20,17,21,17,21,15;0,-1,26,16,27,16,27,14;1,0,27,22,27,20,30,20,30,18,33,18;1,0,26,17,27,17,27,19,29,19;0,-1,23,20,23,21,26,21,26,18;-1,0,18,22,18,21,16,21;-1,0,14,19,16,19,16,18,13,18;0,-1,20,18,17,18,17,17,18,17,18,16;0,-1,22,21,22,19;-1,0,21,18,21,21,20,21,20,19,19,19;-1,0,17,0,17,3,13,3,13,5,9,5,9,3,6,3;0,1,0,19,0,21,1,21,1,25;-1,0,32,35,32,38,28,38,28,42,24,42,24,39,20,39;0,1,2,7,0,7,0,12,4,12,4,17;0,1,15,33,14,33,14,35,9,35,9,37;0,-1,38,29,36,29,36,26,38,26,38,22,37,22,37,19;0,-1,38,21,38,18,34,18,34,13;1,0,20,2,20,0,24,0,24,3,29,3,29,8,33,8;0,1,0,31,0,28,2,28,2,25,4,25,4,29;0,1,6,40,6,37,1,37,1,41;-1,0,0,15,0,18,2,18,2,22,5,22,5,18,4,18;0,-1,34,12,38,12,38,17,35,17,35,16;0,-1,2,3,5,3,5,0,10,0,10,4,12,4,12,2;1,0,25,0,25,2,27,2,27,0,31,0,31,2,35,2;0,1,7,23,5,23,5,26,8,26,8,27;1,0,38,7,37,7,37,11,33,11,33,9,35,9;0,1,15,38,13,38,13,36,18,36,18,39;1,0,34,39,30,39,30,42,33,42,33,40,37,40;-1,0,7,37,8,37,8,34,3,34;0,1,10,37,10,36,12,36,12,38,9,38,9,40;0,1,7,38,7,42,11,42,11,39,15,39,15,40;-1,0,10,6,10,7,8,7,8,5,3,5;0,1,23,35,23,38,20,38,20,37,19,37,19,39;0,-1,0,2,0,6,1,6,1,4;-1,0,1,3,1,2,4,2,4,1,3,1;-1,0,5,35,7,35,7,36,4,36,4,35,1,35;0,1,5,38,4,38,4,42,2,42,2,38,3,38,3,41;0,-1,11,2,11,0,13,0,13,2,16,2,16,1;-1,0,12,31,8,31,8,33,5,33;0,-1,20,5,22,5,22,4,18,4,18,1;0,-1,34,10,36,10,36,6;1,0,38,41,38,37,35,37,35,34,32,34,32,32,35,32;0,-1,36,2,38,2,38,5,36,5,36,4;-1,0,9,30,7,30,7,32,3,32;1,0,38,0,38,1,37,1,37,0,32,0,32,1,36,1;1,0,36,33,36,32,38,32,38,36,36,36,36,34,37,34;0,1,19,42,19,41,17,41,17,37,16,37,16,41;-1,0,0,14,0,13,3,13,3,14,1,14;1,0,38,30,37,30,37,31,33,31,33,30,36,30;-1,0,0,39,0,34,2,34,2,32,1,32;0,1,20,42,21,42,21,40,23,40,23,41;0,1,12,42,14,42,14,40,12,40,12,41;0,-1,22,3,23,3,23,1,21,1,21,3,19,3,19,2;-1,0,11,44,7,44,7,43,4,43;1,0,36,41,36,42,38,42,38,44,33,44,33,43,36,43;0,1,25,44,22,44,22,42,23,42,23,43;1,0,39,31,39,33,40,33,40,28,37,28,37,27,39,27;0,1,19,44,15,44,15,42,18,42,18,43;-1,0,4,0,2,0,2,1,1,1;0,-1,40,15,40,19,39,19,39,17;0,-1,40,8,40,6,39,6,39,4;0,1,4,44,0,44,0,42,1,42,1,43;1,0,40,9,40,11,38,11,38,9,39,9;0,1,40,39,40,37,39,37,39,41;0,-1,39,0,40,0,40,3,39,3,39,2;0,1,40,40,40,42,39,42,39,43;0,-1,41,15,42,15,42,11,41,11,41,6;-1,0,23,46,25,46,25,45,23,45;1,0,40,23,40,25,42,25,42,22,39,22,39,20,40,20;-1,0,6,44,6,46,9,46,9,45,7,45;0,1,39,44,39,46,42,46,42,43,40,43,40,45;0,1,18,45,18,46,14,46,14,43,12,43,12,44;-1,0,1,45,0,45,0,46,5,46,5,45,2,45
43,45|-1,0,6,22,5,22;-1,0,6,21,5,21;0,1,5,19,5,20;0,1,6,25,6,26;-1,0,8,26,7,26;-1,0,8,25,7,25;-1,0,7,24,6,24;-1,0,7,20,6,20;-1,0,7,19,6,19;-1,0,8,18,7,18;-1,0,8,17,7,17;-1,0,9,27,8,27;-1,0,9,28,8,28;-1,0,8,22,7,22;0,1,17,35,17,36;-1,0,9,24,8,24;0,1,23,33,24,33,24,34;0,1,14,34,14,35;0,-1,13,9,13,7;1,0,33,29,33,26,30,26,30,24,32,24;0,1,31,20,31,22;0,-1,22,11,22,8;0,1,22,32,22,33;0,-1,13,13,13,10;1,0,28,25,29,25;-1,0,15,7,16,7,16,6,14,6;0,1,13,34,13,36;-1,0,9,19,8,19,8,21,7,21;0,-1,30,8,30,10,31,10,31,9;1,0,28,24,27,24,27,26,28,26;0,1,16,30,17,30,17,33;-1,0,10,35,12,35,12,33,10,33;0,-1,31,15,31,12;-1,0,14,8,17,8,17,10,15,10;0,1,24,32,24,31,25,31,25,33;0,1,13,31,13,33,15,33,15,34;0,1,20,31,21,31,21,32;0,1,21,30,19,30,19,31;1,0,34,23,32,23,32,19,33,19;0,1,24,28,24,30,23,30,23,32;0,-1,30,16,32,16,32,14;0,1,24,26,24,25,23,25,23,26;0,-1,29,11,29,8;0,-1,20,8,20,7,21,7,21,5;0,1,9,31,10,31,10,32;1,0,27,10,28,10,28,13,29,13;-1,0,6,23,10,23,10,25,9,25;0,1,22,28,22,31;0,1,10,30,7,30,7,32;0,-1,19,8,19,9,21,9,21,8;0,1,29,30,26,30,26,28,25,28,25,30;0,1,22,26,22,27,21,27,21,29;0,-1,16,11,16,14,18,14,18,11;-1,0,9,26,10,26,10,29,8,29;0,1,19,28,17,28,17,29;0,1,12,32,11,32,11,30,14,30,14,32;1,0,30,20,30,19,31,19;1,0,26,25,26,27,28,27;0,-1,29,14,27,14,27,13;0,-1,14,13,15,13,15,14,12,14,12,12;0,-1,32,18,31,18,31,17,29,17,29,16;1,0,15,32,15,29,16,29;1,0,27,19,29,19;0,1,28,23,26,23,26,22,25,22,25,26;0,-1,23,14,23,11,25,11,25,10;0,1,18,25,18,27;1,0,26,13,26,15,28,15,28,18,30,18;1,0,22,15,23,15;0,-1,25,17,24,17,24,16;0,1,26,19,26,16,27,16,27,17;1,0,24,19,25,19;-1,0,9,18,9,16,7,16;0,-1,9,14,11,14,11,17,10,17,10,15;-1,0,13,21,10,21,10,22,9,22;-1,0,21,10,21,11,19,11;1,0,21,13,21,14,22,14;-1,0,11,18,10,18;0,1,22,25,21,25,21,26;1,0,20,15,20,12,22,12;0,-1,25,18,23,18,23,16;1,0,17,15,19,15,19,16,22,16;0,-1,16,15,16,17,15,17,15,16;1,0,23,21,23,20,24,20;1,0,21,19,21,17,22,17;0,1,21,24,20,24,20,26;0,1,13,25,13,26,11,26,11,28;-1,0,10,19,10,20,9,20;0,-1,13,18,13,15;0,-1,17,18,17,19,19,19,19,18;0,1,18,22,18,23,19,23,19,25;0,-1,11,20,11,19,14,19,14,15;-1,0,15,19,16,19,16,20,13,20;1,0,16,26,16,27,17,27;1,0,14,27,15,27,15,28,16,28;-1,0,13,24,15,24,15,26,14,26;0,-1,14,21,14,23,16,23,16,22;0,1,19,22,20,22,20,23;0,1,18,20,17,20,17,24;0,-1,22,21,19,21,19,20,20,20,20,18;-1,0,27,31,27,36,23,36,23,34,22,34,22,37,18,37;-1,0,7,27,5,27,5,23,4,23,4,18,2,18;0,-1,7,9,5,9,5,11,10,11,10,6,13,6,13,2;-1,0,6,33,6,37,10,37,10,41,5,41,5,40,2,40;1,0,22,0,22,5,27,5,27,0,31,0,31,3,36,3;0,-1,0,23,1,23,1,18,0,18,0,13,2,13,2,9;-1,0,18,0,21,0,21,1,20,1;1,0,16,41,12,41,12,39,15,39;1,0,37,17,37,20,35,20,35,24,37,24;-1,0,1,29,4,29,4,28,6,28,6,30,4,30;-1,0,16,1,14,1,14,4,19,4,19,1,17,1;1,0,17,38,17,41,21,41,21,39,26,39;0,-1,5,0,5,1,0,1,0,6,1,6,1,4;0,1,39,22,38,22,38,25,35,25,35,29;0,1,32,38,30,38,30,41,34,41,34,36,38,36,38,39;1,0,38,40,38,41,35,41,35,40,37,40;0,1,23,38,23,37,27,37,27,40;-1,0,6,40,9,40,9,38,5,38,5,33,1,33;1,0,34,19,35,19,35,18,33,18,33,16,36,16;-1,0,0,28,0,32,4,32,4,31,2,31;1,0,35,9,39,9,39,7,37,7,37,3,38,3;1,0,30,2,28,2,28,5,32,5,32,10,34,10;0,-1,8,9,9,9,9,7,6,7,6,3;1,0,35,10,35,11,32,11,32,13,33,13,33,15,34,15;1,0,31,27,31,28,27,28,27,29,30,29,30,33,32,33;0,1,37,32,33,32,33,37,32,37,32,35,28,35,28,39;1,0,32,27,32,29,31,29,31,31,32,31;1,0,38,30,38,32,39,32,39,29,36,29,36,27,37,27;1,0,36,12,36,10,38,10,38,13,35,13,35,15,38,15;-1,0,3,25,1,25,1,27,4,27,4,24,1,24;0,-1,9,0,11,0,11,4,7,4,7,2;0,-1,23,0,24,0,24,2,26,2,26,4,23,4,23,2;1,0,36,35,36,33,34,33,34,34,35,34;-1,0,1,37,1,39,4,39,4,38,3,38;0,-1,39,5,39,2,36,2,36,1;-1,0,0,33,0,36,4,36,4,34,1,34;1,0,39,33,39,35,37,35,37,33,38,33;0,1,16,36,16,38,12,38,12,36,11,36,11,39;-1,0,3,4,3,6,2,6,2,3,4,3,4,7,2,7;-1,0,3,10,3,13,4,13,4,8,1,8;0,-1,10,1,10,3,8,3,8,1;0,-1,32,0,35,0,35,2,34,2,34,1;0,-1,9,6,7,6,7,5,12,5,12,1;1,0,37,22,37,23,36,23,36,21,38,21;0,1,29,36,31,36,31,37,29,37,29,39;1,0,41,13,41,15,39,15,39,11,40,11;1,0,40,16,38,16,38,17,39,17;-1,0,34,42,34,43,29,43,29,41,27,41,27,42,23,42;0,1,39,28,39,23,40,23,40,27;0,1,40,34,40,32,41,32,41,35,40,35,40,38;-1,0,18,42,19,42,19,43,17,43,17,42,15,42;-1,0,12,42,10,42,10,43,14,43,14,42,13,42;0,-1,40,14,40,12,41,12,41,9,40,9,40,6;0,1,0,38,0,41,2,41,2,42;1,0,38,43,35,43,35,42,38,42;1,0,40,40,41,40,41,43,39,43,39,39,40,39;1,0,40,0,37,0,37,1,40,1;1,0,38,20,38,18,39,18,39,21,40,21;0,1,6,42,6,43,4,43,4,41,3,41,3,42;0,1,26,41,26,40,22,40,22,42;1,0,36,45,32,45,32,44,34,44;0,-1,42,36,41,36,41,37,43,37,43,33,42,33,42,31
41,49|-1,0,7,32,6,32;-1,0,7,31,6,31;-1,0,6,37,5,37;-1,0,7,36,6,36;-1,0,8,35,7,35;-1,0,9,33,8,33;-1,0,9,36,8,36;0,-1,11,11,11,10;-1,0,11,36,10,36;0,1,24,38,24,39;-1,0,10,17,7,17,7,16,6,16;0,-1,10,12,10,10;0,1,23,38,23,40;0,1,15,39,15,40;-1,0,11,40,8,40;0,1,20,40,20,38,21,38,21,40;0,1,10,39,8,39,8,37,7,37,7,38;-1,0,10,33,10,34,8,34;-1,0,8,32,9,32,9,31,8,31;-1,0,11,39,11,37,9,37;-1,0,10,31,10,30,8,30;0,-1,28,12,28,8;0,1,13,41,13,39,12,39,12,40;-1,0,12,9,16,9,16,8,15,8;-1,0,18,5,19,5,19,7,15,7;1,0,25,11,25,9,27,9;-1,0,11,18,10,18;0,1,17,39,16,39,16,40;-1,0,12,31,11,31;-1,0,12,10,13,10,13,12,11,12;-1,0,14,42,14,38,12,38;-1,0,10,32,11,32,11,35,9,35;0,-1,29,14,31,14,31,13;0,-1,28,13,28,16,27,16,27,14;1,0,29,15,31,15;0,-1,15,14,14,14,14,12;-1,0,13,37,14,37,14,34,12,34;0,1,22,38,22,37,25,37,25,38;-1,0,11,16,9,16,9,15,8,15;0,1,26,36,26,38;-1,0,14,20,14,19,12,19;1,0,26,12,25,12,25,14,26,14;-1,0,17,10,19,10,19,8,17,8;0,-1,16,13,17,13,17,12,18,12,18,11;0,1,15,37,15,38,18,38,18,39;-1,0,10,13,10,15,12,15,12,13,11,13;0,-1,12,18,12,16,13,16,13,14;0,-1,17,15,18,15,18,13;1,0,24,13,24,14,22,14,22,11,23,11;0,-1,20,9,20,7,23,7,23,6;0,-1,13,17,14,17,14,15;0,-1,26,16,25,16,25,15;-1,0,24,7,24,9,21,9;-1,0,19,40,19,37,18,37;0,-1,28,18,27,18,27,17;-1,0,21,37,20,37,20,36,18,36;-1,0,20,10,20,11,19,11;-1,0,24,36,21,36,21,35,19,35;-1,0,20,12,19,12;0,-1,18,18,18,16,15,16,15,15;-1,0,24,10,21,10,21,13,19,13;1,0,31,16,30,16,30,17,34,17;0,1,26,34,27,34,27,37;1,0,33,18,30,18,30,19,31,19;0,1,28,33,28,35;0,-1,21,14,21,16,19,16,19,14;0,1,25,34,23,34,23,31,25,31,25,32;0,-1,30,20,29,20,29,17;0,-1,22,20,24,20,24,16;0,1,31,30,28,30,28,32;0,-1,12,32,13,32,13,30;1,0,28,26,28,28,30,28;0,-1,19,18,21,18,21,17;1,0,26,18,25,18,25,17,26,17;1,0,26,33,27,33,27,29,30,29;0,-1,24,21,21,21,21,19;1,0,16,32,19,32,19,34,21,34;0,1,18,28,18,31,14,31,14,33;0,1,21,30,19,30,19,31;0,-1,14,18,17,18,17,17;0,-1,25,19,27,19,27,21,28,21,28,19;0,1,19,26,19,29;0,-1,31,22,30,22,30,21;0,1,20,29,22,29,22,31;0,-1,19,21,20,21,20,19;0,1,27,25,27,28;0,-1,29,21,29,22,26,22,26,21;1,0,25,23,28,23,28,25,30,25;0,1,25,26,25,28,26,28,26,31;0,-1,14,21,15,21,15,19;0,1,14,28,17,28,17,30;0,1,24,26,24,28;0,-1,18,21,18,19;1,0,23,29,23,25,25,25,25,24,27,24;-1,0,18,27,16,27,16,25,14,25;1,0,22,28,20,28,20,25,21,25;0,-1,22,24,20,24,20,23;0,-1,15,22,15,24,16,24,16,21;0,-1,17,25,19,25,19,22,17,22,17,19;-1,0,2,29,2,32,5,32,5,36,4,36;1,0,23,47,23,44,20,44,20,42,25,42,25,39,28,39;-1,0,13,8,13,5,11,5,11,0,9,0,9,4,4,4;-1,0,0,19,3,19,3,15,1,15;1,0,29,10,31,10,31,12,35,12,35,17,36,17;-1,0,18,42,18,43,15,43,15,41,19,41,19,44,15,44;0,-1,6,17,5,17,5,12,0,12,0,7,2,7,2,3;0,1,0,33,0,37,4,37,4,40;0,1,35,25,39,25,39,28,36,28,36,31,34,31,34,34;1,0,23,0,23,3,25,3,25,7,29,7;0,1,2,45,2,43,4,43,4,41,9,41,9,45;0,-1,29,3,32,3,32,8,37,8,37,6,34,6,34,4;0,-1,36,18,36,19,39,19,39,14,38,14,38,12;0,1,3,44,7,44,7,46,12,46,12,41,10,41,10,42;0,1,30,46,28,46,28,42,33,42,33,40,38,40,38,42;-1,0,6,24,6,22,9,22,9,20,13,20,13,25,9,25;1,0,31,2,31,0,36,0,36,2,38,2;0,-1,2,0,2,2,0,2,0,6,1,6,1,3;1,0,30,33,30,36,28,36,28,37,31,37;1,0,36,39,33,39,33,38,38,38;1,0,34,41,36,41,36,44,38,44;-1,0,0,27,0,24,5,24,5,26,7,26,7,28,2,28;0,-1,8,11,6,11,6,6,3,6,3,3,5,3,5,2;1,0,30,41,32,41,32,37,33,37;-1,0,0,13,0,16,2,16,2,17,1,17;1,0,39,41,39,36,36,36,36,32,38,32;0,-1,4,2,3,2,3,1,6,1,6,3,8,3,8,2;0,-1,16,2,12,2,12,4,14,4,14,6,15,6,15,3;1,0,26,6,26,4,31,4,31,9,35,9;1,0,39,30,39,35,37,35,37,34,38,34;0,1,0,40,0,38,1,38,1,40;-1,0,2,38,3,38,3,41,1,41;0,-1,22,1,22,4,24,4,24,5,21,5,21,1;0,1,26,41,27,41,27,43,24,43,24,44;0,-1,17,3,16,3,16,4,18,4,18,2;0,-1,26,3,28,3,28,2,24,2,24,1;-1,0,0,47,3,47,3,45,6,45,6,46,4,46;1,0,33,24,29,24,29,23,32,23;1,0,39,2,39,0,37,0,37,1,38,1;1,0,25,46,25,44,27,44,27,47,31,47,31,46,33,46;0,1,17,47,13,47,13,45,17,45,17,46;1,0,33,10,32,10,32,11,34,11,34,10,36,10;1,0,29,43,29,45,30,45,30,43,32,43,32,45,36,45;1,0,38,47,34,47,34,46,38,46;-1,0,0,22,3,22,3,23,5,23,5,21,1,21;0,-1,30,0,29,0,29,2,30,2,30,1;1,0,33,20,36,20,36,22,34,22,34,24,38,24;0,1,18,45,18,47,22,47,22,45,20,45,20,46;0,-1,22,6,20,6,20,4;1,0,37,18,38,18,38,15,37,15,37,10,38,10;1,0,32,2,32,1,33,1,33,3,37,3;-1,0,11,19,9,19,9,18,8,18,8,20,5,20;1,0,41,13,41,9,40,9,40,4,35,4,35,5,38,5;-1,0,15,49,18,49,18,48,15,48;0,1,39,10,40,10,40,14,41,14,41,19,40,19,40,23;0,1,39,20,39,24,40,24,40,25;0,-1,22,0,19,0,19,3,20,3,20,1;0,1,40,39,40,37,41,37,41,40,40,40,40,43;-1,0,13,48,13,49,9,49,9,48,7,48;-1,0,8,47,4,47,4,48,2,48;1,0,24,45,24,47,26,47,26,49,28,49,28,48,33,48;0,1,41,41,41,45,40,45,40,48;1,0,38,30,38,31,37,31,37,29,39,29
44,45|-1,0,6,23,5,23;-1,0,6,24,5,24;0,1,24,32,24,33;0,1,14,35,14,36;0,1,25,32,25,33;0,1,15,34,15,35;-1,0,7,25,6,25;-1,0,7,22,6,22;-1,0,8,21,7,21;-1,0,9,22,8,22;-1,0,7,27,6,27;-1,0,10,11,9,11;0,1,26,30,26,31;-1,0,9,19,9,20,8,20;0,1,24,31,24,28,25,28,25,31;0,1,16,35,18,35,18,36;-1,0,9,25,8,25,8,26,7,26;-1,0,8,27,8,28,7,28;-1,0,13,10,13,11,12,11;0,-1,6,18,6,15,9,15,9,13;0,1,16,32,16,33;-1,0,9,33,9,30,7,30;0,1,12,36,13,36,13,33,11,33,11,35;-1,0,13,9,11,9;-1,0,10,22,10,23,7,23;-1,0,10,26,9,26,9,29,7,29;-1,0,14,25,10,25,10,24,7,24;0,1,19,33,19,35;0,1,12,32,14,32,14,34;-1,0,15,6,16,6,16,7,14,7;-1,0,10,14,10,12,14,12,14,13,13,13;-1,0,17,5,15,5;-1,0,19,6,17,6;-1,0,14,10,14,8,12,8;0,1,20,35,21,35,21,33,20,33,20,34;-1,0,13,26,12,26;0,1,22,31,22,34,23,34,23,35;-1,0,9,16,9,17,8,17;0,1,15,33,15,31,11,31,11,32;0,-1,25,7,26,7,26,6;0,-1,24,6,24,7,22,7,22,5;-1,0,13,24,15,24,15,22,13,22;1,0,32,12,32,10,34,10,34,12,35,12;0,-1,12,16,11,16,11,14;1,0,34,15,34,16,35,16;1,0,31,11,31,9,32,9;-1,0,10,27,13,27,13,30,10,30;-1,0,10,18,10,21,9,21;1,0,33,25,33,23,34,23;0,1,18,33,18,31,17,31,17,34;1,0,33,14,33,17,35,17;0,1,12,19,12,18,11,18,11,19;0,1,19,31,19,30,21,30,21,32;1,0,29,26,32,26,32,29,34,29;-1,0,16,31,16,30,14,30;1,0,27,16,28,16,28,17,29,17;-1,0,15,29,15,27,14,27;0,1,16,28,16,29,17,29,17,30;0,-1,17,11,15,11,15,8;1,0,23,17,24,17;0,1,15,25,15,26,16,26,16,27;1,0,30,11,30,8,33,8;1,0,29,11,29,8,28,8,28,6,30,6;0,1,17,28,19,28,19,29,18,29,18,30;-1,0,20,29,20,27,17,27;0,1,24,25,24,27,23,27,23,30;-1,0,19,25,16,25;-1,0,16,13,15,13,15,14,14,14;0,1,21,26,21,29;0,1,30,31,30,27,31,27,31,28;-1,0,18,24,16,24,16,21,15,21;-1,0,18,5,20,5,20,7,19,7;0,1,34,22,34,19,35,19,35,21;0,1,33,19,33,22;0,-1,19,8,21,8,21,5;1,0,27,7,27,8,26,8,26,10,27,10;1,0,32,20,32,18,35,18;0,-1,19,12,19,9,22,9,22,8;0,1,23,23,23,25,22,25,22,27;0,-1,26,12,28,12,28,11;0,1,10,15,10,17,13,17,13,20;-1,0,19,24,19,23,17,23;-1,0,14,19,17,19,17,20,16,20;0,-1,31,19,31,22,30,22,30,20;-1,0,20,22,19,22,19,21,17,21;-1,0,17,16,17,12,15,12;0,-1,29,12,29,15,28,15,28,13;0,1,18,19,18,20;0,-1,27,15,27,13;0,1,22,21,22,23,20,23,20,24;0,-1,19,17,19,16,18,16,18,14;1,0,27,26,27,27,28,27,28,28,29,28;1,0,26,13,26,16,22,16,22,18,23,18;0,-1,28,19,29,19,29,22,26,22,26,20;1,0,32,21,32,23,29,23,29,24,30,24;1,0,27,28,26,28,26,25,28,25;0,1,22,20,21,20,21,22;0,1,28,24,28,23,25,23,25,26;0,1,25,22,25,21,24,21,24,24;0,-1,22,10,25,10,25,8;-1,0,19,20,19,18,18,18;1,0,22,12,22,14,23,14;0,-1,25,20,24,20,24,19;1,0,23,19,20,19,20,16,21,16;0,-1,23,11,21,11,21,10;1,0,20,11,20,12,21,12,21,15,23,15;0,1,0,23,2,23,2,21,4,21,4,23,3,23,3,26;0,-1,2,14,7,14,7,11,3,11,3,7;0,1,37,13,37,16,40,16,40,19,39,19,39,24;0,1,22,39,22,37,26,37,26,32,27,32,27,37;-1,0,6,26,5,26,5,29,2,29;0,1,15,36,16,36,16,37,21,37,21,40;-1,0,23,3,23,0,26,0,26,4,21,4;0,-1,39,12,39,8,35,8,35,3;-1,0,5,7,5,3,7,3,7,8,4,8,4,5,2,5;0,1,35,29,35,32,40,32,40,37,38,37,38,40;-1,0,0,12,0,8,1,8,1,4,4,4,4,3,1,3;-1,0,14,37,14,39,18,39,18,38,20,38,20,40,18,40;0,1,31,33,35,33,35,36,39,36,39,33,36,33,36,34;0,1,3,28,3,27,1,27,1,31;1,0,40,21,40,26,36,26,36,31,39,31;-1,0,10,41,13,41,13,37,9,37;0,-1,38,14,38,9,34,9,34,6;0,1,23,41,28,41,28,36,30,36,30,39;1,0,31,2,34,2,34,0,36,0,36,4,37,4;-1,0,5,22,5,18,4,18,4,16,1,16;0,1,35,41,40,41,40,38,39,38,39,40;0,1,1,36,1,34,5,34,5,38;0,-1,22,0,20,0,20,4,16,4,16,2;0,-1,37,0,37,3,40,3,40,7,38,7,38,6;0,-1,11,8,8,8,8,6,10,6,10,4,15,4,15,3;0,-1,29,7,33,7,33,5,29,5,29,4;0,-1,13,2,9,2,9,5,8,5,8,2,3,2,3,1;-1,0,6,13,6,12,5,12,5,13,2,13;-1,0,0,22,0,19,4,19,4,20,3,20;-1,0,3,41,7,41,7,40,2,40;-1,0,0,32,2,32,2,30,5,30,5,32,3,32;-1,0,0,24,0,26,2,26,2,25,1,25;0,1,4,39,7,39,7,38,6,38,6,36,8,36,8,40;0,1,28,31,27,31,27,30,29,30,29,34,34,34,34,35;0,1,29,41,30,41,30,40,32,40,32,36,34,36,34,37;0,-1,27,0,27,3,29,3,29,2;1,0,40,0,40,2,38,2,38,1,39,1;0,-1,31,3,32,3,32,4,30,4,30,1;-1,0,4,35,3,35,3,39,2,39;0,-1,17,0,19,0,19,3,17,3,17,1;0,1,2,35,2,37,1,37,1,38;0,-1,0,4,0,2,2,2,2,1;-1,0,0,18,3,18,3,17,2,17;0,1,35,37,37,37,37,40,35,40,35,38,33,38,33,40;-1,0,6,29,6,31,8,31,8,33,7,33;0,1,8,41,9,41,9,40,12,40,12,38,9,38,9,39;1,0,40,31,40,30,37,30,37,27,39,27;-1,0,5,17,5,15,3,15;0,-1,12,3,14,3,14,1;1,0,24,43,28,43,28,42,33,42;0,1,17,43,21,43,21,41,19,41,19,42;0,-1,42,10,42,12,41,12,41,9;0,1,9,42,9,43,14,43,14,40,15,40,15,42;1,0,42,25,41,25,41,28,38,28,38,29,41,29;0,-1,40,8,41,8,41,7,42,7,42,5,41,5,41,3;0,1,26,38,26,40,22,40,22,41;0,1,18,41,18,42,17,42,17,40,16,40,16,42;-1,0,5,42,7,42,7,43,4,43,4,42,2,42;-1,0,7,32,6,32,6,33,4,33;1,0,38,15,39,15,39,13,41,13;1,0,42,13,42,14,40,14,40,15,41,15;1,0,34,40,34,42,37,42;0,1,41,30,41,32,42,32,42,36,41,36,41,40;0,1,42,37,42,41,41,41,41,42;0,1,0,37,0,39,1,39,1,40;1,0,1,41,1,43,3,43,3,45,5,45,5,44,10,44;0,1,41,1,42,1,42,3,44,3,44,0,43,0,43,1;1,0,23,45,26,45,26,44,29,44;1,0,42,29,44,29,44,24,41,24,41,22,43,22;1,0,41,43,38,43,38,45,33,45,33,44,36,44;1,0,44,21,41,21,41,19,42,19;1,0,42,20,44,20,44,18,41,18,41,17,42,17;0,1,44,42,44,39,43,39,43,44;1,0,43,17,44,17,44,16,42,16,42,15,43,15;0,1,25,42,22,42,22,44;-1,0,0,43,0,45,2,45,2,44,1,44;0,1,16,45,16,43,15,43,15,44
43,49|-1,0,7,17,6,17;-1,0,7,33,6,33;-1,0,7,34,6,34;-1,0,9,33,8,33;-1,0,9,34,8,34;-1,0,9,35,8,35;-1,0,6,30,5,30;0,1,19,39,19,40;-1,0,7,19,6,19;0,1,16,38,16,39;-1,0,6,27,5,27;-1,0,7,26,6,26;-1,0,8,12,7,12;-1,0,10,12,9,12;1,0,30,27,31,27;1,0,32,28,32,29,33,29;-1,0,9,17,8,17;1,0,31,29,31,30,33,30;-1,0,5,14,5,15,7,15,7,14,6,14;-1,0,9,10,9,8,8,8;-1,0,11,10,10,10;0,1,16,37,15,37,15,38;0,1,7,31,6,31,6,32;0,1,10,33,10,37,12,37,12,39;0,1,14,39,14,37,13,37,13,38;-1,0,9,31,8,31;0,1,20,38,23,38,23,39;0,1,12,27,12,29;1,0,29,10,29,12,31,12;0,1,19,38,19,37,18,37,18,38;-1,0,9,26,9,25,6,25;0,1,6,29,7,29,7,30;-1,0,9,11,7,11;-1,0,17,40,17,36,14,36;0,1,22,36,22,37,25,37,25,38;0,-1,32,13,32,14,33,14,33,13;-1,0,16,32,16,35,15,35;-1,0,8,23,9,23,9,22,8,22;1,0,29,27,29,28,31,28;-1,0,9,21,8,21,8,18,7,18;0,1,27,36,24,36,24,35,21,35,21,37;1,0,31,33,32,33,32,32,33,32;0,1,15,26,15,27,13,27,13,29;1,0,33,25,31,25,31,26,33,26;1,0,28,11,28,9,30,9;0,1,19,32,17,32,17,34,18,34,18,36;-1,0,21,34,21,33,20,33;1,0,25,9,26,9;-1,0,10,31,10,30,8,30;0,1,34,31,30,31,30,34,28,34,28,36;-1,0,11,20,11,19,10,19;0,1,27,34,27,32,28,32,28,33;0,-1,10,8,12,8,12,7;0,-1,13,5,13,9,14,9,14,7;0,1,16,22,16,24;0,1,29,32,29,31,26,31,26,33;0,1,20,32,22,32,22,34;1,0,29,23,29,25,30,25;-1,0,7,27,9,27,9,28,6,28;-1,0,10,23,10,24,9,24;0,-1,17,9,17,7;-1,0,10,26,10,29,8,29;0,1,30,29,29,29,29,30;-1,0,15,8,15,10,12,10,12,9,10,9;0,1,15,21,15,19,16,19,16,21;-1,0,8,14,8,15,9,15,9,13,7,13;-1,0,10,15,10,16,7,16;0,-1,32,18,33,18,33,16,31,16,31,13;-1,0,24,31,22,31,22,28,20,28;0,1,25,32,25,29,28,29,28,30;0,1,33,20,33,19,31,19,31,21;0,1,10,25,11,25,11,27;1,0,27,22,27,24,28,24,28,26,30,26;0,1,14,23,14,26;0,-1,23,10,23,11,27,11,27,10;-1,0,10,14,11,14,11,17,10,17;0,1,19,25,18,25,18,26;0,1,13,23,13,24,12,24,12,26;0,1,23,26,24,26,24,27;-1,0,13,18,11,18;-1,0,27,28,25,28;-1,0,11,24,11,21,10,21;-1,0,14,16,14,15,13,15;0,-1,28,18,28,17;1,0,30,21,30,20,29,20,29,18,31,18;0,-1,27,18,27,17;0,1,14,21,13,21,13,19,12,19,12,23;0,-1,24,17,24,13,26,13,26,12;1,0,29,21,27,21,27,19,28,19;0,1,21,24,21,25,20,25,20,27;0,-1,26,17,26,20,24,20,24,18;0,1,20,24,20,22,17,22,17,25;0,1,25,27,28,27,28,28;1,0,15,13,11,13,11,11,13,11;1,0,22,21,22,22,24,22,24,21,26,21;-1,0,13,14,15,14,15,17,12,17;0,1,18,19,18,18,14,18,14,20;1,0,24,24,25,24,25,26,27,26;1,0,23,15,23,18,20,18,20,19,23,19;0,1,26,23,22,23,22,24;0,1,0,9,0,13,1,13,1,18;0,1,4,24,4,27,3,27,3,31;-1,0,22,45,22,42,18,42,18,44,16,44,16,40,13,40;0,1,5,36,1,36,1,33,0,33,0,29,2,29,2,33;0,1,36,21,34,21,34,26,35,26,35,31;0,-1,34,9,34,12,32,12,32,7,27,7,27,5;1,0,3,9,3,7,8,7,8,6,11,6,11,3,16,3;-1,0,7,39,7,42,12,42,12,40,11,40;-1,0,0,45,0,42,2,42,2,39,6,39,6,43,2,43;1,0,24,42,29,42,29,45,32,45,32,43,36,43;0,-1,24,7,24,3,28,3,28,6,30,6,30,2;0,-1,4,17,4,20,2,20,2,15;0,-1,36,34,39,34,39,32,36,32,36,27,37,27,37,24;0,-1,2,10,5,10,5,12,1,12,1,7;-1,0,1,19,1,21,3,21,3,26,1,26;0,-1,36,20,34,20,34,18,39,18,39,15,36,15,36,11;0,-1,39,14,37,14,37,12,39,12,39,9,35,9,35,5;1,0,31,0,33,0,33,1,36,1,36,6,37,6;1,0,27,38,30,38,30,41,26,41,26,37,28,37;1,0,35,22,39,22,39,19,37,19,37,21,38,21;-1,0,12,2,12,0,17,0,17,2,13,2;-1,0,0,5,1,5,1,0,6,0,6,2,4,2;0,-1,29,5,29,2,25,2,25,1;-1,0,11,41,10,41,10,38,6,38;0,1,22,39,21,39,21,40,23,40,23,43;-1,0,2,1,2,3,7,3,7,6,6,6;-1,0,0,38,0,41,1,41,1,37,5,37,5,38,2,38;1,0,33,42,38,42,38,45,33,45,33,44,37,44;1,0,35,40,31,40,31,35,29,35,29,37,30,37;1,0,34,34,32,34,32,39,34,39,34,38,36,38;1,0,38,26,39,26,39,28,37,28,37,31,38,31;0,-1,18,0,20,0,20,3,18,3,18,5,23,5,23,2;0,-1,24,2,24,0,22,0,22,4,21,4,21,2;0,-1,10,3,10,5,9,5,9,2;0,-1,39,3,39,5,37,5,37,3;1,0,39,37,38,37,38,35,33,35,33,36,35,36;0,1,15,43,15,41,14,41,14,43;1,0,39,0,39,2,37,2,37,1,38,1;0,1,11,45,11,43,8,43,8,44;1,0,30,42,30,43,31,43,31,41,33,41;-1,0,2,22,0,22,0,25,2,25,2,24,1,24;1,0,33,37,36,37,36,36,37,36,37,38,38,38;-1,0,2,7,2,4,5,4,5,6,3,6;0,1,24,45,24,43,28,43,28,44;0,1,21,45,19,45,19,43,21,43,21,44;1,0,35,41,38,41,38,39,36,39,36,40,37,40;1,0,39,8,39,7,36,7,36,8,38,8;-1,0,0,27,2,27,2,28,1,28;0,-1,10,0,10,2,11,2,11,1;0,1,1,43,1,44,6,44,6,46;0,1,40,3,41,3,41,7,40,7,40,9;1,0,38,30,38,29,39,29,39,31,40,31;1,0,41,37,41,42,39,42,39,38,40,38;1,0,34,46,34,47,39,47,39,44,40,44;0,1,28,46,30,46,30,47,27,47,27,44,25,44,25,45;0,1,10,44,9,44,9,47,13,47,13,43,12,43,12,46;0,-1,7,0,8,0,8,2,7,2,7,1;1,0,40,30,41,30,41,25,38,25,38,24,39,24;0,1,2,45,2,47,7,47,7,45,8,45,8,46;0,1,14,47,14,45,16,45,16,46;1,0,1,48,1,46,0,46,0,49,2,49,2,48,5,48;1,0,43,21,40,21,40,24,42,24;0,-1,43,16,40,16,40,14,42,14,42,10;1,0,23,46,21,46,21,48,23,48
44,50|1,0,30,10,31,10;0,1,12,40,12,41;1,0,31,11,32,11;-1,0,8,38,7,38;0,1,15,40,15,41;0,1,16,40,16,41;0,1,10,39,10,40;-1,0,8,37,7,37;-1,0,8,36,7,36;1,0,31,12,32,12;1,0,33,13,34,13;1,0,31,13,32,13;0,1,16,38,16,39;0,1,15,38,15,39;-1,0,8,31,7,31;-1,0,9,32,8,32;0,-1,30,7,30,6;-1,0,8,35,7,35;1,0,34,15,35,15;0,1,12,38,12,39;-1,0,9,33,8,33;0,1,11,38,11,40;1,0,27,9,27,7,28,7;0,1,5,29,6,29,6,30;-1,0,9,37,9,39,8,39;1,0,25,10,25,8,26,8;1,0,35,16,33,16,33,14,34,14;1,0,24,8,23,8,23,10,24,10;0,-1,34,18,34,19,33,19,33,17;1,0,29,5,29,6,25,6,25,5,26,5;0,-1,29,13,29,12,30,12,30,11;0,-1,26,7,24,7,24,5;0,1,9,36,10,36,10,38;0,-1,32,14,32,16,31,16,31,14;0,1,14,37,14,39;0,-1,30,16,30,13;0,-1,21,6,23,6,23,5;1,0,29,15,29,17,30,17;-1,0,9,35,9,34,7,34;0,-1,29,14,28,14,28,12;0,1,11,37,13,37,13,39;-1,0,15,36,11,36;1,0,22,8,21,8,21,7,23,7;-1,0,18,38,17,38,17,37,15,37;-1,0,8,28,6,28;0,-1,32,19,31,19,31,18;1,0,27,18,30,18;0,-1,28,17,28,15,27,15,27,13;0,1,9,27,9,29,7,29,7,30;1,0,24,14,24,15,26,15;0,1,20,37,21,37,21,38;0,1,10,35,10,32,12,32,12,33;1,0,21,14,23,14,23,13,26,13;0,-1,27,19,29,19,29,21,26,21,26,19;0,1,10,29,10,31,13,31,13,34;1,0,21,13,21,12,24,12;-1,0,11,20,9,20;0,1,15,31,14,31,14,34;0,-1,16,11,18,11,18,9;-1,0,21,9,19,9;0,1,10,26,10,28;1,0,20,13,20,11,21,11;1,0,20,14,19,14,19,10,22,10;0,1,19,36,19,38;-1,0,17,32,16,32;-1,0,17,35,17,36,16,36;-1,0,18,37,18,34,16,34;0,1,22,35,20,35,20,36;1,0,17,12,17,14,18,14;1,0,22,26,23,26;1,0,24,27,24,30,21,30,21,31,23,31;0,1,11,28,11,29;0,-1,14,13,14,15,15,15,15,12;-1,0,15,16,15,17,14,17;1,0,20,32,20,34,22,34;-1,0,7,24,7,27,6,27;1,0,24,25,23,25,23,23,26,23;0,-1,18,15,16,15,16,13;0,-1,7,23,10,23,10,25,8,25,8,24;1,0,19,26,21,26,21,27,22,27;1,0,19,34,19,31,20,31,20,29,21,29;1,0,20,25,22,25,22,22,24,22;0,1,11,24,11,27,12,27,12,30;-1,0,16,31,16,30,13,30;-1,0,15,18,12,18;0,-1,13,20,13,23,11,23,11,22;-1,0,15,24,15,22,14,22;0,1,25,19,25,20;0,1,24,19,24,20,23,20,23,21;1,0,21,20,21,19,23,19;0,-1,14,21,14,19;-1,0,19,22,17,22,17,21,15,21;0,-1,15,19,16,19,16,16,19,16,19,15;-1,0,18,33,18,31,17,31,17,29,16,29;-1,0,17,28,16,28,16,27,14,27;-1,0,17,19,19,19,19,20,18,20;0,-1,22,18,25,18,25,17;1,0,18,27,17,27,17,24,21,24;1,0,21,16,21,18,17,18,17,17,20,17;-1,0,22,21,20,21,20,23,19,23;0,1,4,29,3,29,3,31,6,31,6,35,3,35,3,40;-1,0,19,42,16,42,16,44,11,44;0,-1,6,26,3,26,3,21,6,21,6,16,8,16,8,12;0,-1,20,7,16,7,16,5,21,5,21,4,26,4,26,1;0,-1,35,9,35,14,36,14,36,9;0,-1,29,1,31,1,31,4,36,4,36,8,32,8,32,6;0,1,30,24,33,24,33,21,35,21,35,26;0,1,28,29,26,29,26,26,29,26,29,31,24,31,24,36;-1,0,25,43,21,43,21,45,18,45;0,-1,4,42,6,42,6,46,1,46,1,45;0,-1,40,18,40,13,38,13,38,9;0,-1,3,32,0,32,0,29,2,29,2,27;1,0,38,7,38,3,34,3,34,0,32,0,32,1,33,1;0,1,16,46,11,46,11,45,7,45,7,40,9,40,9,42;-1,0,30,2,30,3,27,3,27,0,24,0,24,3,22,3;-1,0,10,6,13,6,13,10,15,10,15,5,13,5;0,-1,6,7,3,7,3,5,8,5,8,2;0,-1,2,15,5,15,5,20,3,20,3,16,1,16,1,11;0,-1,0,6,0,9,1,9,1,5;-1,0,0,0,2,0,2,2,7,2,7,4,6,4;-1,0,0,5,0,3,5,3,5,4,1,4;0,1,39,31,39,35,36,35,36,39,31,39,31,41;1,0,24,44,24,46,29,46,29,44,31,44;1,0,32,44,32,40,33,40,33,42,36,42;0,1,22,37,24,37,24,39,20,39,20,43,17,43,17,45;0,-1,5,0,5,1,9,1,9,4,13,4,13,3;1,0,35,43,35,44,37,44,37,41,34,41,34,40,36,40;1,0,38,40,38,39,40,39,40,44,38,44,38,41,39,41;1,0,40,9,40,5,39,5,39,0,35,0,35,2,36,2;1,0,38,16,38,21,36,21,36,23,39,23;1,0,30,45,30,46,33,46,33,45,35,45;-1,0,2,14,4,14,4,11,8,11,8,10,3,10;0,-1,21,2,23,2,23,0,20,0,20,4,19,4,19,1;0,-1,19,0,14,0,14,4,16,4,16,2;-1,0,2,22,2,23,0,23,0,21,2,21,2,18,1,18;1,0,37,40,37,36,39,36;-1,0,5,45,5,43,2,43,2,38,1,38;1,0,35,35,33,35,33,30,36,30;1,0,38,29,33,29,33,27,36,27;1,0,37,22,40,22,40,26,36,26,36,24,39,24;1,0,34,28,37,28,37,27,39,27;0,-1,11,1,12,1,12,3,10,3,10,1;-1,0,2,45,4,45,4,44,3,44;-1,0,1,34,5,34,5,33,3,33;-1,0,0,28,0,26,2,26,2,25,1,25;-1,0,2,33,0,33,0,35,2,35,2,36,1,36;0,1,20,46,22,46,22,44,23,44,23,45;1,0,34,46,36,46,36,45,39,45;-1,0,3,11,3,12,2,12,2,10,1,10;1,0,34,33,37,33,37,30,38,30;1,0,40,35,40,37,38,37,38,38,39,38;1,0,16,48,14,48,14,47,16,47;0,1,40,28,40,33,42,33,42,36,41,36,41,40;1,0,42,44,42,48,37,48,37,46,40,46;1,0,39,7,39,12,40,12;-1,0,13,47,13,48,12,48,12,47,8,47;0,-1,41,24,42,24,42,29,41,29,41,25;0,-1,41,5,42,5,42,10,41,10,41,6;1,0,42,4,40,4,40,3,41,3;-1,0,8,48,4,48,4,47,1,47;1,0,37,18,36,18,36,15,39,15,39,20,41,20;0,1,22,47,22,48,17,48,17,46,18,46,18,47;1,0,42,3,42,0,40,0,40,2,41,2;1,0,44,12,41,12,41,15,43,15
44,47|1,0,33,32,34,32;1,0,32,33,33,33;-1,0,6,20,5,20;-1,0,13,32,12,32;1,0,31,34,32,34;-1,0,14,34,13,34;1,0,31,32,32,32;-1,0,14,33,13,33;1,0,30,33,31,33;-1,0,8,16,7,16;-1,0,16,35,15,35;-1,0,8,15,7,15;-1,0,8,19,7,19;1,0,28,32,29,32;-1,0,16,34,15,34;-1,0,7,21,6,21;-1,0,7,22,6,22;-1,0,8,14,7,14;-1,0,10,15,9,15;1,0,29,34,30,34;-1,0,16,32,16,33,15,33,15,32,14,32;-1,0,17,33,17,36,15,36;-1,0,9,17,8,17;-1,0,19,36,18,36;1,0,34,31,33,31,33,30,35,30;-1,0,9,14,9,13,7,13;1,0,29,33,28,33,28,35,29,35;0,1,30,29,31,29,31,30;1,0,32,31,32,29,33,29,33,26,34,26;-1,0,10,18,9,18,9,20,7,20;0,-1,8,10,8,11,10,11,10,8;-1,0,10,13,11,13,11,12,7,12;1,0,30,25,33,25;0,1,31,27,31,28;0,-1,6,23,8,23,8,21;1,0,29,15,28,15,28,17,29,17;1,0,31,21,31,24,34,24;1,0,19,22,21,22;0,1,32,28,32,26,30,26,30,28;-1,0,11,18,11,17,10,17;-1,0,12,15,11,15,11,16,9,16;1,0,29,23,28,23,28,24,30,24;1,0,27,32,25,32,25,31,26,31;-1,0,13,29,9,29,9,31,7,31;0,1,15,29,14,29,14,30;1,0,27,23,27,24,26,24,26,25,28,25;0,-1,21,11,21,8,25,8,25,6;1,0,25,37,25,35,27,35;1,0,23,38,23,37,24,37;0,1,26,33,25,33,25,34,24,34,24,36;-1,0,13,10,13,12,12,12;0,1,22,37,22,36,20,36,20,37;-1,0,13,17,13,14,10,14;0,1,20,35,23,35,23,36;-1,0,16,12,16,13,12,13;1,0,29,26,28,26,28,28,29,28;0,-1,24,10,24,9;1,0,22,24,23,24;0,1,8,24,8,27,10,27,10,28;0,1,16,29,16,31,17,31,17,32;-1,0,16,11,14,11,14,9,11,9;0,1,23,34,22,34,22,32,21,32,21,33;-1,0,13,26,13,28,11,28,11,26,10,26;0,1,25,30,25,28,23,28,23,32;-1,0,15,15,15,16,14,16;0,-1,18,8,20,8,20,7,19,7,19,5;1,0,29,19,29,21,30,21;0,1,19,33,19,31,20,31,20,33;0,-1,16,9,17,9,17,8;1,0,27,12,27,13,30,13;0,1,27,27,27,28;0,1,21,30,18,30,18,31;0,1,22,31,22,28,20,28,20,29;0,-1,9,25,9,21;1,0,27,17,27,14,26,14,26,11,28,11;0,-1,18,9,18,10,15,10,15,9;0,-1,27,21,28,21,28,19,26,19,26,16;-1,0,19,10,19,12,18,12,18,11,17,11;0,1,16,27,16,28;-1,0,20,9,20,13,17,13,17,14,15,14;0,1,12,21,10,21,10,23;1,0,22,11,22,12,25,12;0,1,26,28,26,26,22,26,22,27;-1,0,12,18,12,19,11,19;0,1,13,25,14,25,14,26;0,-1,24,15,24,13,21,13,21,12;1,0,20,26,21,26,21,25,25,25;0,-1,15,19,15,17;-1,0,13,18,13,20,10,20;0,-1,25,14,25,16,23,16,23,14;0,1,17,29,18,29,18,26,19,26,19,29;0,1,15,28,15,26,17,26,17,28;-1,0,13,24,14,24,14,21,13,21;0,-1,21,15,21,16,22,16,22,14;-1,0,20,14,19,14,19,15,18,15;0,-1,23,17,20,17,20,15;1,0,20,25,20,24,21,24;0,-1,22,18,20,18,20,19,17,19,17,17;-1,0,17,25,17,22,15,22;0,-1,21,23,18,23,18,20,14,20,14,17;1,0,34,35,34,33,36,33,36,30,37,30;0,-1,0,20,0,18,2,18,2,13;-1,0,8,35,8,39,10,39,10,34,5,34,5,30,1,30;0,-1,38,22,38,25,40,25,40,29,37,29,37,25;1,0,32,11,31,11,31,13,33,13,33,11,37,11;0,-1,1,6,1,10,3,10,3,15,6,15,6,11;-1,0,11,5,13,5,13,7,18,7,18,4,15,4;-1,0,6,4,10,4,10,0,7,0,7,1,4,1;-1,0,33,36,28,36,28,40,23,40,23,42,19,42;1,0,22,0,22,4,20,4,20,6,23,6,23,3,26,3;0,1,38,34,40,34,40,30,39,30,39,33,37,33,37,36;-1,0,23,43,18,43,18,42,16,42;-1,0,0,41,0,43,4,43,4,40,7,40,7,35,5,35;-1,0,3,21,0,21,0,24,4,24,4,29,2,29;0,-1,36,13,39,13,39,8,35,8,35,5,38,5,38,3;-1,0,1,35,1,31,3,31,3,36,6,36,6,39,5,39;0,1,33,41,33,37,37,37,37,40;1,0,29,38,32,38,32,43,36,43,36,42,38,42;0,-1,21,3,21,0,20,0,20,3,16,3,16,1;0,1,11,30,11,32,9,32,9,33,12,33,12,37;-1,0,0,30,0,25,3,25,3,28,1,28;0,1,31,43,30,43,30,41,29,41,29,39,31,39,31,41;1,0,34,18,34,21,32,21,32,23,35,23,35,19,38,19;0,1,15,37,17,37,17,38,12,38,12,41;0,1,5,43,9,43,9,40,11,40,11,42;1,0,34,17,34,13,35,13,35,18,38,18;1,0,40,0,40,2,38,2,38,0,33,0,33,1,36,1;1,0,40,12,40,17,36,17,36,16,38,16;0,-1,2,2,5,2,5,5,1,5,1,2;1,0,40,20,36,20,36,21,38,21;0,1,18,41,22,41,22,38,20,38,20,39,15,39,15,41;-1,0,1,16,0,16,0,12,2,12,2,11,1,11;0,-1,30,12,29,12,29,11,30,11,30,6,27,6,27,2;-1,0,0,3,0,0,3,0,3,1,1,1;1,0,35,42,34,42,34,41,37,41;0,-1,30,5,28,5,28,4,31,4,31,6,32,6,32,3;1,0,39,40,40,40,40,38,38,38,38,41,39,41;0,-1,17,6,14,6,14,4,11,4,11,2;-1,0,0,40,0,39,4,39,4,37,2,37;0,1,26,43,26,41,24,41,24,42;0,-1,33,10,33,6,34,6,34,2,32,2,32,1;1,0,38,6,36,6,36,7,38,7;0,-1,16,0,12,0,12,3,14,3,14,1;1,0,40,35,40,37,38,37,38,35,39,35;0,-1,23,2,23,0,28,0,28,3,31,3,31,1;0,1,17,43,14,43,14,39,13,39,13,41;0,1,29,42,29,43,27,43,27,41,28,41,28,42;0,-1,32,0,29,0,29,2,30,2,30,1;1,0,41,17,41,21,39,21,39,22,41,22;0,1,41,24,41,26,42,26,42,28,41,28,41,31;1,0,41,12,42,12,42,7,39,7,39,4,41,4;-1,0,41,43,41,40,42,40,42,44,41,44;-1,0,32,45,34,45,34,44,29,44;0,1,37,45,37,44,39,44,39,42,40,42,40,44;0,1,12,45,12,42,13,42,13,43;1,0,42,6,40,6,40,5,41,5;-1,0,10,42,10,45,5,45,5,44,3,44;0,1,20,44,20,47,18,47,18,44,13,44,13,45;0,-1,44,13,44,18,43,18,43,13;0,1,41,34,41,38,43,38,43,43;0,-1,41,1,41,3,44,3,44,5,42,5,42,4;0,1,40,47,36,47,36,44,35,44,35,46;0,1,4,47,0,47,0,44,2,44,2,45;0,1,21,47,25,47,25,44,21,44,21,45;0,1,35,47,31,47,31,45,29,45,29,46
44,45|-1,0,7,27,6,27;0,1,5,24,5,25;-1,0,7,26,6,26;-1,0,7,25,6,25;-1,0,6,23,5,23;-1,0,7,24,6,24;-1,0,6,21,5,21;1,0,33,23,34,23;0,-1,6,20,6,19;1,0,33,22,34,22;-1,0,7,22,6,22;0,1,17,34,17,35;-1,0,8,23,7,23;1,0,32,28,33,28;-1,0,10,15,9,15;-1,0,9,29,8,29;0,-1,8,18,8,21,7,21,7,18;-1,0,11,23,9,23,9,22,8,22;-1,0,8,25,8,28,7,28;-1,0,12,15,12,16,10,16;1,0,32,24,34,24;-1,0,9,13,11,13,11,11,9,11;-1,0,9,20,9,17,11,17,11,19,10,19;1,0,31,23,32,23,32,21,33,21;-1,0,11,25,9,25,9,24,8,24;1,0,31,27,32,27;1,0,31,29,30,29,30,28,31,28;-1,0,11,35,12,35,12,34,10,34;-1,0,11,27,10,27,10,26,9,26;-1,0,7,30,11,30,11,31,9,31;1,0,32,18,32,17,33,17;1,0,24,30,26,30,26,31,28,31;1,0,21,34,22,34,22,35,23,35;1,0,31,22,31,20,32,20;-1,0,12,33,10,33,10,32,9,32;1,0,31,25,31,26,32,26,32,25,35,25;-1,0,13,20,10,20;-1,0,12,25,12,28,10,28;-1,0,14,30,13,30,13,29,11,29;0,1,20,32,20,35,21,35,21,36;-1,0,15,31,15,29,14,29;1,0,23,31,23,29,24,29;0,1,28,26,29,26,29,25,30,25,30,27;-1,0,12,21,12,24,11,24;0,-1,30,14,30,11,31,11,31,10;1,0,30,18,30,19,34,19;0,1,21,33,21,32,25,32,25,33;-1,0,14,11,12,11,12,14,10,14;0,-1,27,12,25,12,25,8;0,1,13,34,16,34,16,35;0,-1,32,14,31,14,31,13;0,-1,32,15,33,15,33,11;1,0,32,16,30,16,30,17,31,17;0,1,11,32,14,32,14,33,18,33,18,34;-1,0,19,35,19,32,17,32;0,1,13,25,13,28,16,28,16,30;-1,0,15,26,15,24,13,24;-1,0,16,10,13,10,13,8,11,8;1,0,29,23,30,23,30,24,31,24;0,1,16,25,16,27;-1,0,13,23,16,23,16,20,15,20;1,0,29,14,29,15,31,15;-1,0,15,15,14,15,14,17,13,17;1,0,21,6,21,8,24,8;1,0,22,9,23,9;0,-1,26,15,26,14,27,14,27,13;1,0,25,25,28,25,28,22,29,22;0,-1,29,19,29,16;-1,0,16,5,16,8,14,8;-1,0,18,30,20,30,20,31,17,31;-1,0,14,19,12,19;-1,0,17,29,17,25,18,25,18,24,16,24;-1,0,18,27,20,27,20,26,18,26;1,0,17,6,17,9,21,9,21,10,23,10;0,-1,28,15,28,19,27,19,27,15;-1,0,20,29,18,29;0,-1,24,14,24,12;0,-1,26,19,26,17;-1,0,21,23,21,24,20,24;-1,0,18,17,18,16,17,16;0,1,18,28,21,28,21,31;0,-1,16,12,16,11,17,11,17,10;-1,0,18,15,17,15;1,0,23,24,24,24,24,26,25,26;-1,0,18,11,19,11,19,10,18,10;1,0,27,20,26,20,26,23,27,23;0,-1,17,12,20,12,20,10;-1,0,19,19,15,19,15,18,13,18;0,-1,18,13,21,13,21,14,23,14,23,12;1,0,13,12,14,12,14,13,17,13;0,-1,25,17,23,17,23,15,25,15,25,14;-1,0,20,21,20,22,18,22;0,1,23,25,23,28,22,28,22,29;-1,0,19,18,19,14,15,14;-1,0,21,20,20,20;-1,0,21,27,22,27,22,25,19,25;0,1,20,19,20,18,21,18,21,19;0,-1,25,19,24,19,24,18;1,0,20,15,20,17,22,17,22,19,23,19;-1,0,22,24,22,20,24,20,24,22,23,22;-1,0,3,27,3,31,5,31,5,35,8,35,8,38,6,38;1,0,40,26,40,21,37,21,37,26,39,26;-1,0,3,13,3,11,8,11,8,7,11,7,11,4,7,4;-1,0,6,31,6,28,5,28,5,26,4,26,4,21,2,21;0,1,35,21,35,16,39,16,39,18,36,18,36,23;0,-1,1,19,1,21,0,21,0,18,2,18,2,15;-1,0,20,41,20,36,17,36,17,41,13,41,13,39,11,39;1,0,27,5,27,2,25,2,25,7,30,7,30,9,35,9;0,1,38,33,38,30,39,30,39,27,37,27,37,31;1,0,34,32,37,32,37,33,34,33,34,37,37,37;0,-1,2,13,0,13,0,8,1,8,1,4;1,0,38,13,38,8,34,8,34,5,36,5;0,1,8,41,5,41,5,40,0,40,0,35,1,35,1,38;1,0,21,39,21,41,24,41,24,39,28,39;0,-1,0,0,0,1,2,1,2,4,3,4,3,1;0,1,24,35,24,38,29,38,29,33,33,33,33,37;1,0,29,39,29,40,27,40,27,41,30,41,30,38,33,38;0,-1,5,7,3,7,3,10,7,10,7,8,6,8,6,4;1,0,5,0,9,0,9,1,12,1;0,1,37,41,35,41,35,38,37,38,37,40;1,0,32,0,27,0,27,1,31,1;1,0,38,38,40,38,40,34,35,34,35,36,38,36;-1,0,5,13,4,13,4,12,6,12,6,14,2,14;1,0,28,6,28,4,32,4,32,1,33,1;1,0,40,3,40,0,38,0,38,2,33,2,33,3,34,3;0,-1,23,6,23,5,24,5,24,7,22,7,22,2;0,1,5,36,5,39,9,39,9,35,10,35,10,39;1,0,40,18,40,20,37,20,37,19,38,19;1,0,40,39,40,41,38,41,38,39,39,39;-1,0,3,22,3,24,0,24,0,26,3,26,3,25,1,25;0,-1,20,6,18,6,18,3,13,3,13,1;1,0,31,8,33,8,33,4,34,4;-1,0,0,23,0,22,2,22,2,23,1,23;0,-1,19,1,19,5,20,5,20,4;0,-1,18,0,18,2,15,2,15,1;0,-1,19,0,21,0,21,3,20,3,20,2;1,0,36,6,35,6,35,7,37,7,37,5,38,5;1,0,36,3,36,4,40,4,40,6,38,6,38,7,39,7;1,0,33,18,34,18,34,15,36,15;0,-1,23,2,23,4,24,4,24,1;0,1,19,40,19,37,18,37,18,39;-1,0,1,39,2,39,2,36,3,36,3,34,1,34;1,0,35,13,37,13,37,15,38,15;-1,0,4,35,4,32,1,32;-1,0,0,31,2,31,2,28,1,28;0,-1,1,12,1,10,2,10,2,6,4,6,4,2;0,1,42,7,42,12,41,12,41,15;1,0,9,43,5,43,5,42,10,42;0,1,42,37,42,35,41,35,41,37;1,0,35,43,30,43,30,42,32,42;-1,0,3,42,2,42,2,43,4,43,4,41,1,41;1,0,39,43,37,43,37,42,40,42;1,0,42,26,42,28,40,28,40,30,41,30;0,-1,38,14,39,14,39,11,41,11,41,10;0,-1,39,8,39,10,40,10,40,7,41,7,41,3;0,1,42,42,42,38,41,38,41,42;1,0,41,34,42,34,42,31,39,31,39,33,41,33;0,1,9,40,9,41,10,41,10,40,12,40,12,42;1,0,40,12,40,17,41,17;0,1,21,42,21,43,25,43,25,40,26,40,26,41;-1,0,21,44,22,44,22,45,20,45,20,44,17,44;-1,0,14,45,14,43,10,43,10,44,8,44;1,0,25,45,27,45,27,44,31,44;0,-1,42,44,44,44,44,40,43,40,43,36;0,-1,44,2,44,6,42,6,42,5;1,0,43,0,41,0,41,1,42,1
42,50|-1,0,6,39,5,39;0,1,7,39,7,40;-1,0,6,38,5,38;0,1,5,36,5,37;-1,0,6,35,5,35;0,1,6,36,6,37;0,1,7,37,7,38;-1,0,7,13,6,13;-1,0,7,14,6,14;0,1,10,40,10,41;0,1,10,36,10,37;-1,0,7,33,6,33;0,-1,14,11,14,10;0,1,9,41,9,40,8,40,8,41;0,1,9,36,9,37;0,1,7,36,7,35,8,35,8,39;-1,0,10,35,9,35,9,34,6,34;-1,0,12,39,12,36,11,36;-1,0,13,35,11,35;0,1,8,31,8,33;0,1,8,30,7,30,7,32;0,-1,16,7,17,7,17,5;0,-1,22,7,23,7,23,6;0,1,11,40,15,40,15,38,17,38,17,40;0,1,18,40,19,40,19,41;0,-1,20,9,20,7,21,7,21,6;0,-1,19,12,19,9,18,9,18,6;0,-1,21,10,21,8,24,8,24,7;0,-1,23,11,23,9,25,9,25,8;-1,0,21,41,20,41,20,39,18,39;0,-1,28,10,28,12,24,12,24,10;0,-1,13,9,12,9,12,7;0,1,18,36,18,38,21,38,21,40;0,-1,32,16,32,13,29,13,29,11;-1,0,14,32,12,32;0,1,14,34,14,35;0,-1,13,10,11,10,11,7;-1,0,22,39,22,37,19,37;1,0,28,14,28,15,31,15,31,17,33,17;1,0,25,15,27,15;0,-1,16,12,15,12,15,10;0,-1,27,17,27,16;1,0,28,17,30,17;0,-1,20,10,20,12,21,12,21,11;-1,0,8,13,8,12,7,12;-1,0,12,34,12,33,10,33;1,0,23,12,23,13,24,13;1,0,31,18,31,19,32,19;0,1,16,36,16,34,15,34,15,36;0,1,16,31,16,33,13,33,13,34;-1,0,19,34,18,34,18,33,17,33;0,-1,8,11,11,11,11,14,10,14,10,13;0,-1,9,14,9,12;-1,0,23,36,23,34,22,34;0,1,13,29,17,29,17,32;0,1,12,28,12,27,13,27,13,28;1,0,24,15,24,14,25,14;0,-1,10,15,8,15,8,14;0,-1,7,16,7,15;0,-1,16,13,14,13,14,12,13,12,13,11;1,0,22,16,26,16;-1,0,20,31,20,33,19,33;-1,0,25,33,25,34,24,34;1,0,22,12,22,13,21,13,21,14,23,14;0,1,20,29,20,30,21,30,21,31;1,0,19,15,23,15;1,0,27,18,27,20,29,20;0,-1,25,19,25,18,26,18,26,17;0,-1,12,17,11,17,11,16;0,-1,25,22,25,20;-1,0,15,25,15,23,13,23,13,22,10,22;-1,0,16,25,16,27,14,27;-1,0,11,18,11,21,8,21;1,0,30,25,28,25,28,24,29,24;-1,0,18,20,15,20;-1,0,24,31,24,30,23,30;0,1,13,15,13,18,12,18,12,19;1,0,18,15,18,13,20,13;-1,0,14,16,16,16,16,18,14,18;-1,0,23,39,23,37,25,37,25,41,23,41;0,1,22,28,19,28,19,29;-1,0,17,18,17,14,15,14;0,-1,26,22,26,19;-1,0,17,27,17,28,15,28;-1,0,18,18,20,18,20,17,19,17;-1,0,21,18,21,19,17,19;-1,0,26,40,26,36,24,36;-1,0,18,21,18,22,16,22;-1,0,27,36,27,35,25,35;0,-1,25,23,29,23,29,22;-1,0,17,26,18,26,18,25,17,25;-1,0,23,19,23,17,21,17,21,16,18,16;0,1,29,34,27,34,27,33,26,33,26,34;-1,0,19,25,19,27,18,27;0,-1,27,26,27,24;-1,0,20,21,19,21,19,23,17,23;-1,0,25,30,25,32,24,32;0,-1,29,28,28,28,28,26;0,1,22,27,21,27,21,25,20,25,20,26;0,-1,23,21,23,20;0,1,30,29,28,29,28,31,27,31,27,32;0,1,24,27,27,27,27,30,26,30,26,32;0,-1,23,22,24,22,24,19;0,1,19,24,22,24,22,26;-1,0,23,24,26,24,26,26,24,26;-1,0,24,23,22,23,22,20,20,20;-1,0,8,0,8,1,12,1,12,0,17,0,17,2,12,2;0,-1,8,46,8,42,4,42,4,37,2,37,2,35;0,-1,4,14,2,14,2,12,6,12,6,11,4,11,4,6;-1,0,4,21,4,18,7,18,7,23,12,23,12,26,9,26;0,-1,28,6,24,6,24,4,22,4,22,1;0,-1,24,0,19,0,19,3,17,3,17,4,21,4,21,1;1,0,18,42,23,42,23,43,25,43,25,45,29,45;-1,0,4,33,4,29,7,29,7,27,5,27,5,24,3,24;1,0,38,20,38,17,34,17,34,12,30,12,30,11,31,11;-1,0,0,3,3,3,3,5,6,5,6,2,1,2;0,1,36,22,34,22,34,20,31,20,31,22;1,0,25,2,25,0,27,0,27,2,32,2;1,0,36,41,36,46,31,46,31,44,26,44,26,41,28,41;1,0,35,44,32,44,32,40,37,40;0,-1,32,11,32,10,37,10,37,5;1,0,32,26,30,26,30,28,33,28,33,23,36,23;0,-1,29,5,29,7,32,7,32,5,35,5,35,2;0,1,11,41,13,41,13,42,9,42,9,43;1,0,36,16,38,16,38,12,35,12,35,15,37,15;0,1,0,35,0,32,1,32,1,35;0,1,13,45,18,45,18,43,21,43,21,45;-1,0,1,44,1,41,3,41,3,45,7,45,7,43,6,43;1,0,27,42,27,43,31,43,31,40,29,40,29,35,31,35;1,0,24,1,24,3,28,3,28,4,33,4,33,1,37,1;-1,0,0,30,3,30,3,25,1,25;1,0,38,40,38,37,33,37,33,39,30,39,30,36,32,36;-1,0,3,13,5,13,5,17,2,17;-1,0,0,23,3,23,3,20,1,20;-1,0,2,42,2,45,1,45;1,0,28,33,29,33,29,31,32,31;1,0,35,31,35,33,33,33,33,36,36,36;-1,0,0,26,2,26,2,28,1,28;1,0,34,24,34,26,35,26,35,29,32,29,32,30,36,30;-1,0,3,8,3,11,1,11,1,15,4,15,4,16,1,16;1,0,35,0,38,0,38,2,36,2,36,4,37,4;-1,0,0,2,0,0,3,0,3,1,1,1;1,0,35,25,35,24,36,24,36,27,37,27;0,-1,8,5,8,2,11,2,11,6,7,6,7,2;-1,0,0,17,1,17,1,19,3,19,3,18,2,18;0,1,9,44,9,45,10,45,10,43,11,43,11,45;0,1,38,46,38,41,37,41,37,45;-1,0,1,36,0,36,0,40,3,40,3,38,1,38;1,0,36,33,36,31,38,31,38,34,34,34,34,35,37,35;-1,0,0,18,0,22,2,22,2,21,1,21;0,1,22,43,22,44,24,44,24,45;-1,0,0,6,3,6,3,7,1,7;-1,0,0,7,0,8,2,8,2,10,1,10;-1,0,0,5,0,4,2,4,2,5,1,5;-1,0,4,34,4,35,3,35,3,31,1,31;1,0,33,18,33,19,35,19,35,21,37,21;0,1,13,44,14,44,14,43,12,43,12,45;1,0,38,28,36,28,36,29,37,29;0,1,37,25,38,25,38,27,40,27,40,29,39,29,39,33;-1,0,23,45,22,45,22,48,17,48,17,47,15,47;-1,0,15,46,12,46,12,47,9,47;0,-1,40,22,40,25,39,25,39,22;0,-1,36,11,38,11,38,10,39,10,39,6;-1,0,0,46,3,46,3,48,8,48,8,47,6,47;0,1,26,48,26,46,23,46,23,47;1,0,30,45,30,46,27,46,27,47,30,47;0,1,37,36,39,36,39,41;0,1,40,40,40,42,39,42,39,45;1,0,28,48,32,48,32,47,36,47;0,1,40,44,40,46,39,46,39,47;1,0,37,24,38,24,38,21,39,21;0,-1,37,3,38,3,38,4,39,4,39,1;-1,0,37,46,37,49,33,49;-1,0,25,48,23,48,23,50,28,50,28,49,24,49;0,-1,41,39,40,39,40,37,42,37,42,42,41,42,41,40;1,0,42,15,42,11,39,11,39,14,40,14;1,0,42,10,42,6,40,6,40,3,41,3;0,-1,39,0,42,0,42,2,41,2,41,1;-1,0,6,50,9,50,9,49,5,49;0,1,15,50,15,48,12,48,12,49;1,0,41,22,42,22,42,17,39,17,39,19,41,19;-1,0,5,50,2,50,2,47,1,47;1,0,34,50,39,50,39,48,41,48
42,52|0,-1,17,6,17,5;0,-1,18,6,18,5;0,1,14,42,14,43;0,1,9,39,9,40;-1,0,7,20,6,20;0,1,7,39,7,40;0,1,11,38,11,39;0,-1,21,7,21,6;-1,0,6,32,5,32;1,0,25,10,26,10;0,1,16,41,16,42;0,-1,30,13,30,12;-1,0,8,27,7,27;0,-1,23,9,23,7;0,-1,28,13,29,13,29,12;0,1,11,37,10,37,10,39;1,0,32,14,32,16,33,16;-1,0,12,11,12,10,11,10;-1,0,14,11,14,12,11,12;-1,0,12,7,15,7,15,6,13,6;0,1,5,35,5,39;1,0,31,15,31,17,32,17;0,1,6,38,6,40;1,0,25,9,26,9,26,7,27,7;1,0,20,11,24,11,24,8,25,8;0,-1,6,17,6,16,8,16,8,15;0,-1,9,16,9,13;1,0,20,8,22,8,22,10,23,10;1,0,27,15,28,15,28,14,31,14;0,-1,31,18,29,18,29,17;-1,0,11,14,11,15,10,15;0,-1,30,21,30,19,28,19,28,17;1,0,25,14,27,14;-1,0,15,8,13,8,13,9,11,9;1,0,23,15,23,17,24,17;1,0,20,21,22,21,22,18,25,18;-1,0,7,19,8,19,8,21,7,21;1,0,22,14,24,14,24,13,27,13;-1,0,12,15,12,13,10,13;1,0,19,9,21,9;1,0,22,17,21,17,21,15,22,15;1,0,18,7,16,7,16,8,19,8;0,1,22,40,21,40,21,42;1,0,19,17,19,15,20,15;1,0,20,14,21,14;0,1,14,40,14,41,13,41,13,42;-1,0,17,9,14,9,14,10,13,10;1,0,19,10,19,13,21,13;-1,0,17,10,15,10;-1,0,9,21,9,18,8,18;0,-1,25,25,25,26,24,26,24,23;0,-1,15,11,18,11,18,9;0,1,24,37,24,39;1,0,16,12,18,12;0,1,10,35,11,35,11,36,9,36,9,37;0,-1,18,16,18,13,15,13,15,12;0,-1,9,22,10,22,10,21;0,-1,17,15,15,15,15,14;0,1,7,34,7,38,8,38,8,40;1,0,17,18,18,18,18,20,20,20;0,1,8,30,8,33,6,33,6,37;0,-1,17,16,13,16,13,14;1,0,12,16,12,17,13,17;0,-1,15,18,11,18,11,16;1,0,13,19,15,19,15,21,19,21;-1,0,9,25,8,25;0,1,17,42,17,40,15,40,15,41;-1,0,11,32,9,32;0,1,15,34,15,35,12,35,12,38;-1,0,10,29,7,29,7,31,5,31;0,1,18,39,18,41;0,1,17,34,17,35,16,35,16,36;-1,0,10,34,12,34,12,33,11,33;0,1,24,33,24,36,23,36,23,40;-1,0,10,27,9,27,9,28,6,28;-1,0,14,33,13,33;0,-1,20,25,20,26,23,26,23,23;-1,0,13,30,13,32,12,32,12,31,10,31;0,-1,19,24,18,24,18,22;1,0,23,30,23,31,25,31;1,0,17,24,17,25,19,25;0,1,18,38,20,38,20,40,19,40,19,41;1,0,20,27,22,27,22,29,24,29;0,-1,10,23,7,23,7,22;1,0,14,22,14,23,16,23;0,-1,15,25,15,26,16,26,16,24;-1,0,14,32,14,29,11,29;-1,0,22,39,21,39,21,37,20,37;0,-1,25,34,25,32,22,32,22,30;1,0,12,19,12,20,13,20;0,1,18,34,18,36;-1,0,21,35,21,36,19,36,19,33,15,33;0,1,20,34,22,34,22,37;0,-1,13,25,13,21,11,21,11,20;-1,0,8,24,10,24,10,26,7,26;0,1,12,28,12,24,11,24,11,27;1,0,18,27,19,27,19,28,21,28;-1,0,15,30,15,28,13,28;0,-1,16,28,16,27,13,27,13,26;1,0,19,26,17,26,17,28,18,28;0,1,21,33,21,29,17,29,17,30;-1,0,20,45,18,45,18,48,16,48,16,47,11,47;1,0,6,43,6,48,10,48,10,44,13,44;-1,0,5,15,5,10,9,10,9,5,14,5,14,4,9,4;0,-1,34,16,34,13,31,13,31,8,28,8,28,4;0,1,7,17,7,18,4,18,4,21;-1,0,4,27,0,27,0,23,5,23,5,28,2,28;0,1,35,31,30,31,30,27,26,27,26,30;1,0,26,48,21,48,21,47,25,47;-1,0,18,1,20,1,20,0,22,0,22,2,17,2;0,1,1,29,4,29,4,30,0,30,0,35,1,35,1,37;0,-1,37,45,37,48,33,48,33,44,36,44,36,40;-1,0,8,9,8,4,6,4,6,0,10,0,10,2,7,2;1,0,33,23,33,25,28,25,28,22,32,22,32,20,37,20;0,1,2,42,2,39,0,39,0,43,4,43,4,47;0,-1,32,10,32,12,33,12,33,9,37,9,37,5;1,0,25,2,25,1,23,1,23,3,26,3,26,1,30,1;-1,0,0,14,4,14,4,10,2,10;0,-1,5,7,5,5,7,5,7,9,2,9,2,5;0,-1,0,7,0,2,4,2,4,6,3,6,3,3;1,0,35,19,33,19,33,17,34,17;1,0,36,14,36,12,34,12,34,11,37,11;1,0,38,15,38,18,35,18,35,16,36,16;0,1,28,30,27,30,27,28,29,28,29,30;0,-1,33,0,31,0,31,2,29,2,29,7,31,7,31,3;0,1,32,35,36,35,36,39,32,39,32,44,28,44,28,46;1,0,32,30,35,30,35,29,33,29,33,26,36,26;1,0,36,1,32,1,32,4,37,4;0,1,27,43,27,48,29,48,29,45,31,45,31,47;-1,0,5,16,3,16,3,20,1,20;1,0,37,25,34,25,34,24,36,24;0,1,26,40,24,40,24,43,22,43,22,46,19,46,19,47;0,1,4,48,0,48,0,44,3,44,3,47;-1,0,6,19,5,19,5,21,6,21,6,22,5,22;-1,0,0,22,0,19,2,19,2,17,1,17;1,0,31,43,31,39,29,39,29,35,27,35,27,33,32,33;-1,0,0,13,3,13,3,11,2,11;0,1,4,42,3,42,3,41,5,41,5,44;1,0,32,36,32,38,30,38,30,34,35,34;0,-1,9,3,13,3,13,1;1,0,38,21,38,26,37,26,37,27,34,27,34,28,37,28;1,0,38,29,37,29,37,32,35,32,35,33,37,33;1,0,35,3,35,2,33,2,33,3,34,3;-1,0,5,4,5,1,2,1;0,-1,14,3,14,0,11,0,11,2,12,2,12,1;0,-1,19,5,19,7,20,7,20,4,15,4,15,1;1,0,38,2,36,2,36,3,37,3;0,-1,24,5,21,5,21,3,16,3,16,1;-1,0,5,40,4,40,4,38,2,38;-1,0,0,18,0,15,2,15,2,16,1,16;0,1,37,12,40,12,40,17,39,17,39,21;1,0,17,50,17,49,22,49,22,50,25,50,25,49,30,49;1,0,37,44,38,44,38,48,39,48;1,0,40,34,40,38,37,38,37,35,38,35;0,1,30,46,30,48,31,48,31,49;1,0,38,50,35,50,35,49,38,49;0,1,16,49,16,50,11,50,11,48,15,48,15,49;-1,0,6,50,10,50,10,49,5,49;1,0,40,42,40,39,37,39,37,42,39,42;-1,0,1,50,4,50,4,49,1,49;0,-1,38,3,38,4,39,4,39,2;1,0,40,32,40,30,38,30,38,32,39,32;1,0,40,7,40,9,38,9,38,7,39,7;1,0,40,22,40,27,38,27,38,28,39,28;1,0,39,37,39,34,38,34,38,33,39,33;-1,0,32,49,34,49,34,52,39,52,39,51,37,51;0,-1,42,19,42,23,41,23,41,18
41,47|0,1,18,37,18,38;0,1,17,37,17,38;0,1,6,31,6,32;-1,0,7,10,6,10;1,0,30,32,31,32;-1,0,8,34,7,34;0,1,16,37,16,38;0,1,19,36,19,37;1,0,31,16,32,16;-1,0,9,10,8,10;-1,0,7,29,6,29;1,0,31,14,32,14;0,1,10,34,10,36;0,1,18,36,15,36,15,38;0,1,20,36,20,37,21,37,21,38;0,1,11,34,12,34,12,37;-1,0,6,30,8,30,8,28,6,28;0,1,5,24,5,25,6,25,6,27;0,1,13,36,13,34,15,34,15,35;0,1,16,32,16,35;0,-1,5,15,6,15,6,12;0,-1,7,9,9,9,9,8,8,8,8,7;0,1,17,35,17,32,18,32,18,33;0,1,11,32,11,33;-1,0,22,37,24,37,24,36,21,36;-1,0,7,12,7,16,6,16;0,-1,28,8,28,7,27,7,27,6;-1,0,10,13,10,12,8,12;0,-1,26,7,26,6;0,1,30,26,30,28,32,28,32,30;-1,0,11,8,10,8,10,11,7,11;0,1,25,34,25,37;0,1,27,34,27,36,26,36,26,38;0,1,19,29,19,30;1,0,25,5,25,8,27,8;0,-1,23,13,24,13,24,10;0,1,24,32,26,32,26,35;1,0,29,33,28,33,28,31,29,31;0,-1,28,10,27,10,27,9;0,1,8,33,9,33,9,35;0,1,8,32,10,32,10,33;0,1,26,31,26,29,27,29,27,33;0,1,17,29,17,30,18,30,18,31;0,-1,16,8,16,7;0,-1,8,20,8,18,7,18,7,17;0,1,11,29,10,29,10,31,7,31,7,33;0,1,15,32,14,32,14,33;0,1,27,26,27,28,28,28,28,30;0,-1,15,7,14,7,14,6;1,0,13,33,13,31,15,31;0,-1,21,16,21,13,20,13,20,12;0,-1,12,9,12,7,13,7,13,5;1,0,26,9,26,11,30,11;0,-1,23,14,23,15,22,15,22,11;1,0,12,32,12,30,16,30;1,0,31,24,31,27,32,27;0,1,7,27,9,27,9,30;1,0,28,12,30,12,30,15,32,15;0,1,22,27,22,28;0,1,27,24,27,25,28,25,28,27;-1,0,9,21,8,21,8,23,7,23;0,1,26,28,26,25,24,25,24,27;-1,0,10,18,10,19,9,19;0,-1,13,8,15,8,15,11,11,11,11,9;0,-1,17,8,17,11,19,11,19,10;-1,0,13,19,13,18,11,18;0,1,15,29,12,29,12,27,11,27,11,28;0,-1,13,13,16,13,16,9;0,1,25,24,23,24,23,27;0,1,17,25,17,27;0,1,24,21,24,23;0,1,6,24,7,24,7,26,10,26,10,28;0,-1,14,16,14,14,12,14,12,13;0,1,21,29,21,28,18,28,18,29;0,-1,15,17,16,17,16,14;0,1,11,24,11,26;-1,0,10,24,8,24;0,1,28,21,27,21,27,22,29,22,29,25;1,0,27,19,29,19,29,17,32,17;-1,0,15,27,16,27,16,25,13,25;-1,0,21,27,19,27,19,26,18,26;0,1,13,23,13,22,16,22,16,24;0,-1,26,13,26,12;0,-1,12,15,9,15,9,14;1,0,28,14,28,16,30,16;0,-1,28,13,27,13,27,14,25,14,25,13;-1,0,13,16,11,16;1,0,24,14,24,15,27,15;-1,0,9,23,11,23,11,20,9,20;1,0,25,18,25,16,27,16,27,17,28,17;0,1,10,17,14,17,14,20,12,20,12,24;1,0,23,16,24,16,24,19,26,19;0,-1,17,17,17,18,18,18,18,16;0,1,19,25,20,25,20,26;0,-1,15,19,15,21,16,21,16,19;0,1,18,22,19,22,19,24;1,0,25,23,25,21,26,21;0,1,18,19,17,19,17,21;0,-1,27,20,23,20,23,18;0,1,21,23,22,23,22,24;1,0,20,24,20,22,22,22;1,0,18,3,18,0,21,0,21,4,25,4,25,3,30,3;0,1,17,40,22,40,22,38,25,38,25,40;0,-1,37,33,35,33,35,31,37,31,37,26,34,26,34,23;0,-1,37,17,33,17,33,13,31,13,31,11,34,11,34,9;0,1,10,41,10,37,5,37,5,34,1,34,1,36;-1,0,0,9,5,9,5,14,4,14;-1,0,16,40,11,40,11,43,9,43,9,40,5,40;0,-1,11,1,15,1,15,4,18,4,18,5,14,5,14,4;0,1,23,42,27,42,27,38,31,38,31,40;1,0,36,30,36,29,33,29,33,33,30,33,30,37,34,37;-1,0,5,26,0,26,0,28,5,28,5,30,1,30;-1,0,2,21,2,19,7,19,7,21,6,21,6,23,1,23;0,-1,33,10,30,10,30,8,35,8,35,4;1,0,30,41,32,41,32,38,35,38;0,1,0,36,0,41,4,41,4,37,3,37,3,40;0,-1,12,5,7,5,7,8,4,8,4,4;0,-1,29,10,29,5,34,5,34,2;0,-1,34,12,34,16,36,16,36,14;1,0,37,35,37,39,33,39,33,41,34,41;-1,0,12,2,14,2,14,3,10,3,10,1,8,1;0,-1,4,3,0,3,0,7,3,7,3,4;-1,0,1,20,0,20,0,18,3,18,3,14,2,14;-1,0,1,43,4,43,4,42,2,42;0,-1,1,1,6,1,6,6,5,6,5,2;0,1,15,43,12,43,12,41,16,41,16,42;1,0,30,0,35,0,35,3,36,3;-1,0,0,16,0,13,4,13,4,12,3,12;0,-1,22,2,22,0,24,0,24,3,23,3,23,2;-1,0,4,22,0,22,0,25,3,25,3,24,1,24;-1,0,2,31,2,33,5,33,5,31,3,31;-1,0,0,12,0,11,4,11,4,10,3,10;1,0,34,18,30,18,30,22,32,22;1,0,35,18,37,18,37,21,35,21,35,24,36,24;0,1,24,39,24,41,19,41,19,42;0,1,32,42,28,42,28,39,29,39,29,40;0,-1,27,0,25,0,25,2,26,2,26,1;0,-1,13,0,17,0,17,3,16,3,16,2;1,0,29,43,33,43,33,42,34,42;1,0,31,34,31,36,32,36,32,34,36,34;-1,0,1,15,2,15,2,17,1,17;0,-1,12,4,7,4,7,3;1,0,35,14,35,10,36,10;0,1,7,41,8,41,8,43,5,43,5,41,6,41,6,42;0,1,16,43,18,43,18,41,17,41,17,42;0,1,37,43,37,40,36,40,36,42;-1,0,36,43,36,45,31,45,31,44,27,44;0,-1,39,30,38,30,38,26,39,26,39,21,38,21,38,16;0,-1,35,9,37,9,37,4;0,1,16,45,21,45,21,43,26,43,26,44;0,1,38,45,38,42,39,42,39,37,38,37,38,41;0,-1,36,13,37,13,37,15,38,15,38,13;1,0,39,6,38,6,38,11,36,11,36,12,37,12;-1,0,9,45,5,45,5,44,1,44;0,-1,36,0,39,0,39,5,38,5,38,1;0,-1,8,3,9,3,9,2,7,2,7,1;-1,0,22,44,24,44,24,45,29,45,29,46,24,46;0,1,40,2,40,0,41,0,41,3,40,3,40,7;1,0,41,8,41,11,39,11,39,14,40,14;0,1,20,44,20,43,19,43,19,44,14,44,14,45;-1,0,21,46,19,46,19,47,23,47,23,46,22,46;0,1,4,47,4,45,2,45,2,46;1,0,30,45,30,47,33,47,33,46,36,46;0,1,39,20,39,18,40,18,40,20;0,1,41,39,41,37,40,37,40,40;0,1,40,47,40,46,41,46,41,43,39,43,39,46;0,1,13,47,13,44,10,44,10,46;1,0,40,36,38,36,38,35,40,35
43,49|-1,0,9,34,8,34;0,1,15,41,15,42;-1,0,9,35,8,35;-1,0,10,40,9,40;-1,0,8,36,7,36;1,0,35,17,36,17;-1,0,9,39,8,39;-1,0,8,37,7,37;0,-1,5,30,5,29;-1,0,10,36,9,36;0,1,6,30,6,31;-1,0,8,32,7,32;1,0,34,19,35,19;-1,0,8,31,7,31;-1,0,10,37,9,37;0,-1,6,29,6,28;-1,0,8,29,7,29;-1,0,12,40,11,40;-1,0,11,39,10,39;1,0,33,20,34,20;1,0,33,17,34,17;0,-1,25,7,29,7,29,5;-1,0,10,34,10,33,8,33;-1,0,11,36,11,38,7,38;0,1,12,39,13,39,13,41;0,-1,27,11,26,11,26,8;0,-1,26,16,26,13;0,1,12,38,14,38,14,41;-1,0,17,40,15,40,15,37,12,37;0,-1,27,15,27,12,28,12,28,11;1,0,31,14,33,14,33,16,34,16;0,-1,29,11,31,11,31,9,29,9,29,8;-1,0,11,34,11,32,9,32;0,-1,34,12,34,10;1,0,33,9,33,13,34,13;-1,0,17,38,19,38,19,39,16,39;-1,0,10,31,9,31,9,30,7,30;-1,0,13,36,13,35,10,35;-1,0,9,27,7,27;0,-1,24,5,24,7,23,7,23,5;-1,0,11,29,9,29,9,28,7,28;-1,0,12,31,11,31;0,-1,30,17,30,13,32,13,32,9;1,0,22,10,22,11,24,11;0,1,20,36,20,40,18,40,18,41;1,0,22,7,21,7,21,8,25,8;0,-1,35,18,33,18,33,19,32,19,32,17;0,1,12,34,14,34,14,36;-1,0,13,17,14,17,14,16,12,16;-1,0,18,34,15,34,15,33,13,33;0,-1,22,9,20,9,20,8;-1,0,16,11,16,12,15,12;-1,0,17,11,17,9,15,9,15,10,14,10;-1,0,15,17,15,15,14,15;1,0,21,35,21,36,23,36,23,34,24,34;0,-1,12,21,11,21,11,20;-1,0,13,31,13,30,10,30;-1,0,17,31,17,32,16,32;0,-1,29,15,29,12;1,0,18,8,18,10,21,10;0,-1,29,18,29,16,28,16,28,13;0,-1,16,14,14,14,14,13,17,13,17,12;1,0,22,13,22,14,23,14;-1,0,18,13,19,13,19,11,18,11;1,0,21,13,21,12,23,12;0,-1,27,18,27,17,25,17,25,15;-1,0,12,29,14,29,14,28,11,28;-1,0,21,11,20,11,20,14,17,14;0,-1,26,20,26,19,28,19,28,17;0,1,9,24,9,21,10,21,10,23;0,-1,16,20,16,17;0,-1,23,16,21,16,21,14;-1,0,14,20,15,20,15,21,13,21;0,1,17,33,19,33,19,34;1,0,31,15,31,19,29,19,29,20,32,20;-1,0,17,30,14,30;-1,0,20,32,18,32,18,29,15,29;-1,0,21,30,21,29,19,29;0,1,23,31,23,32,22,32,22,33;1,0,31,21,28,21,28,22,29,22;0,-1,22,17,24,17,24,16;0,1,21,31,21,34,20,34,20,35;0,1,15,25,15,26;0,1,11,23,13,23,13,24;-1,0,14,23,14,22,11,22;0,1,23,30,25,30,25,32;-1,0,18,15,19,15,19,17,17,17;-1,0,21,17,21,18,17,18;0,1,20,25,20,27,17,27,17,28;0,1,14,24,16,24,16,26;0,-1,15,23,16,23,16,21,17,21,17,19;1,0,22,31,22,29,25,29,25,27,26,27;0,1,22,24,22,27,23,27,23,28;0,-1,23,21,23,19,22,19,22,18;0,1,21,24,17,24,17,26;0,-1,26,24,26,22,27,22,27,20;-1,0,27,24,27,25,24,25,24,24,23,24;0,1,22,22,23,22,23,23;0,1,22,21,21,21,21,23;1,0,20,20,22,20;1,0,17,23,18,23,18,21,20,21;0,1,3,41,3,36,6,36,6,33,1,33,1,38;0,1,40,19,40,23,37,23,37,27;0,-1,0,13,5,13,5,18,8,18,8,14,11,14,11,11;-1,0,34,5,34,3,38,3,38,1,33,1,33,3,29,3;1,0,11,41,11,43,16,43,16,41,17,41,17,44,20,44;0,-1,27,2,23,2,23,1,28,1,28,4,23,4,23,3;0,-1,36,10,41,10,41,13,38,13,38,18,40,18,40,14;0,1,26,33,26,37,23,37,23,42;-1,0,13,11,13,7,16,7,16,2,14,2,14,4,10,4;1,0,21,42,21,47,23,47,23,46,26,46;0,-1,4,12,0,12,0,8,3,8,3,3;1,0,35,42,33,42,33,46,38,46;0,-1,22,2,22,4,17,4,17,7,18,7,18,5;0,-1,3,0,7,0,7,3,12,3,12,2;0,1,0,38,0,41,2,41,2,46;0,1,12,47,14,47,14,44,16,44,16,45,18,45,18,46;0,-1,17,0,17,3,19,3,19,1;-1,0,3,31,0,31,0,28,4,28,4,23,1,23;-1,0,12,15,9,15,9,20,5,20;-1,0,1,29,4,29,4,31,5,31,5,32,3,32;-1,0,8,19,4,19,4,21,2,21;0,-1,12,1,15,1,15,0,11,0,11,2,10,2,10,1;-1,0,0,17,0,15,3,15,3,20,2,20;1,0,29,4,31,4,31,7,35,7;0,1,10,41,7,41,7,39,4,39,4,37,6,37,6,38;-1,0,4,3,4,6,6,6,6,1,5,1,5,2,3,2;1,0,29,42,29,44,25,44,25,41,30,41,30,37,32,37;0,1,41,38,37,38,37,43,35,43,35,44,39,44,39,46;1,0,39,8,39,7,36,7,36,9,40,9;0,1,6,40,6,41,4,41,4,43,6,43,6,45;1,0,31,43,31,38,34,38,34,36,39,36;0,1,8,47,10,47,10,42,8,42,8,43;1,0,32,43,32,40,35,40,35,37,38,37;1,0,36,22,36,26,34,26,34,28,38,28,38,25,40,25;0,1,38,39,38,43,40,43,40,45;0,1,24,43,23,43,23,45,28,45,28,46;0,-1,41,9,41,8,40,8,40,6;0,-1,22,1,22,0,20,0,20,3,21,3,21,1;1,0,36,34,37,34,37,30,35,30,35,35,39,35;-1,0,5,21,8,21,8,22,6,22;1,0,33,4,32,4,32,6,35,6,35,4,36,4;1,0,37,4,38,4,38,6,36,6,36,5,37,5;0,-1,29,0,32,0,32,2,30,2,30,1;0,-1,2,2,0,2,0,7,1,7,1,5;-1,0,2,17,2,19,0,19,0,24,3,24,3,25,1,25;0,1,27,46,27,47,32,47,32,45,29,45,29,46;0,1,17,46,16,46,16,47,19,47,19,45,20,45,20,46;0,-1,41,0,41,3,39,3,39,1;1,0,40,37,40,36,41,36,41,34,38,34,38,30,40,30;-1,0,1,26,1,27,3,27,3,26,2,26;0,1,11,47,11,46,13,46,13,44,11,44,11,45;1,0,41,33,41,31,39,31,39,33,40,33;0,1,1,46,0,46,0,42,1,42,1,43;0,-1,10,0,8,0,8,2,9,2,9,1;1,0,41,30,41,29,39,29,39,26,40,26;0,1,5,42,7,42,7,44;0,1,5,47,5,44,4,44,4,45;1,0,41,45,41,42,39,42,39,39,40,39;-1,0,24,48,24,47,26,47,26,49,23,49,23,48,20,48;1,0,43,48,39,48,39,49,37,49,37,47,42,47;0,1,9,43,9,46,6,46,6,48;0,-1,42,30,42,29,43,29,43,34,42,34,42,31;-1,0,7,47,7,49,4,49,4,47,2,47;0,-1,39,4,40,4,40,5,43,5,43,3,42,3,42,1;1,0,41,26,42,26,42,28,40,28,40,27,41,27;1,0,42,20,42,21,43,21,43,24,41,24,41,19,42,19;0,1,34,48,35,48,35,49,33,49,33,47,36,47,36,48;1,0,43,10,43,15,41,15,41,18,42,18
43,47|-1,0,6,16,5,16;0,-1,5,18,5,17;1,0,31,34,32,34;1,0,30,35,31,35;1,0,32,33,33,33;1,0,32,32,33,32;0,1,32,30,32,31;-1,0,8,14,7,14;1,0,33,25,34,25;-1,0,7,11,6,11;-1,0,8,15,7,15;-1,0,8,16,7,16;-1,0,8,13,7,13;1,0,30,34,29,34,29,33,31,33;0,1,29,32,30,32,30,31,31,31,31,32;-1,0,7,10,9,10,9,12,6,12;1,0,33,22,33,24,34,24;-1,0,9,15,9,17,6,17;-1,0,12,16,10,16,10,13,9,13;0,-1,10,12,11,12,11,9;0,1,13,33,15,33,15,36;0,1,6,18,6,21;0,-1,8,18,10,18,10,17;0,-1,8,19,7,19,7,18;-1,0,19,38,19,36,16,36;-1,0,12,18,12,19,9,19;0,-1,8,20,8,21,7,21,7,20;-1,0,12,17,14,17,14,18,13,18;-1,0,8,22,7,22;1,0,34,29,33,29,33,31,34,31;-1,0,10,27,9,27;-1,0,12,12,12,13,11,13;-1,0,9,22,11,22,11,21,9,21;1,0,20,38,20,37,22,37;-1,0,18,8,18,7,16,7;-1,0,12,24,10,24,10,23,7,23;0,1,22,35,22,34,21,34,21,36;1,0,32,22,32,26,33,26;0,1,16,32,17,32,17,35;-1,0,13,20,9,20;1,0,28,20,30,20,30,21,32,21;-1,0,14,9,13,9,13,10,12,10;0,1,17,27,17,28,16,28,16,31;0,-1,17,9,19,9,19,5;0,-1,22,8,22,9,20,9,20,8;-1,0,20,33,20,35,18,35;0,-1,27,11,25,11,25,9,23,9,23,8;1,0,24,12,28,12,28,11,30,11;0,1,26,30,26,31,28,31,28,32;1,0,29,19,29,16,30,16;1,0,29,23,31,23;0,1,31,30,31,29,29,29,29,31;0,-1,24,11,21,11,21,10;-1,0,13,26,13,25,10,25;1,0,21,12,23,12,23,13,25,13;0,1,25,33,24,33,24,34;1,0,23,34,23,32,25,32;1,0,32,29,32,28,34,28;0,1,15,32,15,29,14,29,14,32;-1,0,13,24,14,24,14,21,12,21;1,0,29,28,29,26,31,26,31,27,34,27;1,0,28,14,28,17,26,17,26,19,28,19;0,1,25,28,25,29,28,29,28,30;1,0,27,25,28,25,28,24,30,24;1,0,27,23,28,23,28,21,29,21;1,0,23,31,23,29,24,29;0,-1,13,12,13,11,14,11,14,10;0,-1,23,14,22,14,22,13;0,-1,17,11,15,11,15,10;0,1,21,32,21,33;0,-1,28,26,26,26,26,22,27,22,27,20;1,0,22,24,21,24,21,23,24,23;-1,0,13,15,14,15,14,14,12,14;0,1,19,31,19,30,20,30,20,32;0,-1,9,29,9,28,11,28,11,27;-1,0,12,31,12,29,10,29;0,1,21,28,21,30,22,30,22,33;1,0,24,18,24,17,25,17;0,1,28,28,28,27,24,27,24,28;0,1,12,27,13,27,13,30;-1,0,14,20,14,19,13,19;-1,0,15,13,13,13;1,0,20,11,20,13,21,13;-1,0,15,16,15,14,16,14,16,12,14,12;0,1,21,27,20,27,20,29;-1,0,16,19,15,19;0,-1,21,14,19,14,19,11,18,11,18,10;1,0,16,15,16,16,19,16,19,15,22,15;1,0,22,20,22,19,25,19;-1,0,15,18,17,18,17,17,15,17;-1,0,18,17,19,17,19,18,18,18;1,0,20,17,20,19,21,19;0,-1,15,20,16,20,16,21,17,21,17,19;-1,0,16,23,15,23;0,-1,15,24,17,24,17,22;0,-1,19,19,19,21,18,21,18,20;0,1,14,28,14,26,18,26,18,28;0,1,21,26,19,26,19,27;1,0,22,28,23,28;0,-1,24,26,23,26,23,25;-1,0,18,23,18,22,21,22,21,20,20,20;1,0,19,23,19,25,22,25,22,27,23,27;0,-1,0,15,0,12,3,12,3,7;0,1,36,27,39,27,39,29,38,29,38,32,36,32,36,37;0,1,8,24,6,24,6,22,4,22,4,27,6,27,6,30;0,-1,32,11,34,11,34,16,31,16,31,11;0,-1,37,29,35,29,35,24,36,24,36,21;-1,0,15,0,19,0,19,3,16,3;0,-1,3,1,7,1,7,6,11,6,11,3;0,1,26,41,26,38,24,38,24,35,29,35,29,36;0,1,37,38,32,38,32,36,30,36,30,38,27,38,27,40;1,0,22,4,20,4,20,0,23,0,23,4,27,4;-1,0,28,43,28,42,23,42,23,38,21,38,21,39,16,39;0,1,15,39,13,39,13,34,10,34,10,38;1,0,28,4,28,0,30,0,30,3,34,3,34,1,37,1;0,1,0,39,0,35,4,35,4,33,8,33,8,36;-1,0,5,36,7,36,7,39,11,39,11,42,8,42;0,-1,39,2,38,2,38,0,33,0,33,2,31,2,31,1;0,1,6,42,6,37,5,37,5,41;-1,0,10,43,5,43,5,42,3,42;-1,0,6,15,5,15,5,12,4,12,4,16,3,16;-1,0,2,16,0,16,0,19,5,19,5,20,3,20;1,0,35,21,33,21,33,17,31,17,31,20,32,20;1,0,34,18,34,20,35,20,35,15,38,15;-1,0,5,32,5,28,3,28,3,23,1,23;1,0,22,7,22,5,26,5,26,8,31,8;1,0,35,8,35,5,39,5,39,10,35,10,35,14,38,14;1,0,37,24,37,22,39,22,39,20,36,20,36,16,37,16;1,0,27,41,28,41,28,39,30,39,30,41,32,41;0,-1,14,0,10,0,10,3,8,3,8,5,10,5,10,4;0,-1,0,7,0,11,1,11,1,7;0,1,3,43,0,43,0,41,3,41,3,36,1,36,1,39;1,0,34,40,36,40,36,39,33,39,33,41,37,41;1,0,39,15,39,11,36,11,36,12,37,12;1,0,29,40,29,43,30,43,30,42,33,42;1,0,38,24,38,23,39,23,39,25,36,25,36,26,37,26;0,1,15,41,15,43,18,43,18,40,13,40,13,42;-1,0,8,9,4,9,4,7,6,7,6,2,5,2;0,1,20,41,19,41,19,43,22,43,22,40,21,40,21,41;-1,0,1,4,1,3,5,3,5,5,1,5;-1,0,0,29,4,29,4,31,2,31;1,0,37,3,37,2,35,2,35,4,37,4;1,0,39,16,39,17,37,17,37,19,38,19;0,1,39,35,39,37,37,37,37,33,38,33,38,35;-1,0,0,22,0,24,2,24,2,25,1,25;1,0,38,38,39,38,39,39,37,39,37,40,38,40;0,1,11,38,11,36,12,36,12,38;-1,0,2,37,2,40,1,40;-1,0,0,2,2,2,2,1,1,1;1,0,31,43,34,43,34,42,37,42;0,-1,27,0,27,3,24,3,24,2;0,1,35,43,39,43,39,41,38,41,38,42;-1,0,1,21,1,22,2,22,2,20,1,20;0,-1,24,1,24,0,25,0,25,2,26,2,26,1;-1,0,0,25,0,28,2,28,2,26,1,26;-1,0,4,32,3,32,3,34,2,34;-1,0,0,30,0,33,2,33,2,32,1,32;0,1,41,9,41,11,40,11,40,16;0,1,41,34,41,29,40,29,40,34;-1,0,18,45,21,45,21,44,17,44;-1,0,12,40,12,45,7,45,7,44,4,44;1,0,39,40,40,40,40,45,35,45,35,44,37,44;0,1,14,41,14,43,13,43,13,44;1,0,40,6,41,6,41,3,38,3,38,4,40,4;0,1,29,44,29,45,25,45,25,43,27,43,27,44;0,-1,41,0,41,2,40,2,40,1;-1,0,0,44,0,45,3,45,3,44,1,44;0,-1,9,0,8,0,8,2,9,2,9,1;1,0,18,47,18,46,23,46,23,43,24,43,24,46,29,46
40,51|0,1,7,40,7,41;0,1,13,41,13,42;-1,0,9,36,8,36;-1,0,10,35,9,35;-1,0,11,33,10,33;-1,0,11,34,10,34;-1,0,9,41,8,41;0,1,10,41,10,42;0,1,16,39,16,40;0,1,15,39,15,40;0,1,14,39,14,40;-1,0,11,36,10,36;0,1,19,38,19,39;-1,0,12,35,11,35;-1,0,8,20,7,20;-1,0,7,19,6,19;-1,0,12,32,11,32;-1,0,11,30,10,30;-1,0,7,29,6,29;0,1,18,38,18,40;0,1,8,37,8,40,11,40,11,41;-1,0,13,32,13,31,11,31;0,1,14,38,17,38,17,39;0,-1,24,7,26,7,26,10,25,10,25,9;0,1,11,38,10,38,10,39;-1,0,7,28,7,27,6,27;0,-1,13,8,13,5;0,-1,11,9,11,11,12,11,12,8;0,1,10,37,12,37,12,41;0,1,15,35,15,37,13,37,13,40;-1,0,14,8,15,8,15,7,14,7;0,-1,12,12,11,12,11,13,10,13,10,9;-1,0,9,19,8,19;1,0,29,9,29,11,30,11;0,-1,27,12,27,8;0,-1,9,14,9,11;0,-1,23,8,22,8,22,7;0,-1,30,15,30,12,28,12,28,8;0,-1,29,15,29,16,31,16,31,13;0,-1,5,14,8,14,8,11;-1,0,12,34,13,34,13,36,12,36;1,0,22,12,23,12;0,-1,10,15,10,14,13,14,13,10;0,1,19,35,19,34,18,34,18,36;0,1,17,34,17,35,16,35,16,36;-1,0,16,12,15,12,15,13,14,13;-1,0,17,10,16,10,16,6,14,6;1,0,22,10,22,11,24,11;-1,0,18,12,18,11,17,11;1,0,27,15,27,17,28,17;0,-1,15,16,15,14;0,-1,21,6,18,6,18,5;1,0,24,9,20,9,20,8,21,8;0,-1,18,10,18,7,17,7,17,6;1,0,21,10,19,10,19,7,20,7;0,-1,8,15,7,15,7,17,6,17,6,15;-1,0,9,15,9,18,6,18;-1,0,8,29,8,26,5,26;0,-1,17,14,17,13;0,-1,22,13,21,13,21,11;1,0,20,13,20,14,23,14;0,1,19,32,20,32,20,33;0,-1,7,22,5,22,5,21;0,1,16,33,16,34,14,34,14,35;0,-1,14,18,14,16;1,0,19,14,19,11,20,11;0,1,19,31,18,31,18,33;0,-1,24,18,24,17;0,1,21,31,21,34;-1,0,14,32,14,33,12,33;0,1,18,29,18,30,17,30,17,33;-1,0,13,27,13,26,12,26;-1,0,10,21,8,21;0,-1,28,18,26,18,26,15;1,0,25,25,25,23,27,23;0,-1,15,17,16,17,16,16;-1,0,14,31,14,30,12,30,12,29,10,29;0,1,26,19,26,21;0,1,24,34,24,33,22,33,22,35;0,-1,21,15,21,16,18,16,18,13;-1,0,6,25,6,23,5,23;0,1,24,32,23,32,23,30,24,30,24,31;0,1,13,28,13,29,15,29,15,33;0,1,12,23,12,25;0,1,7,23,7,25;0,-1,13,17,13,18,11,18,11,17;0,1,20,26,20,29,22,29,22,32;1,0,24,20,25,20;-1,0,8,23,10,23,10,24,8,24;0,1,14,28,16,28,16,31;0,1,14,24,15,24,15,27,17,27,17,28;0,1,22,26,21,26,21,28;0,-1,19,17,17,17,17,15;-1,0,9,22,11,22,11,25,10,25;0,-1,12,19,10,19,10,17;-1,0,15,19,15,21,11,21,11,20,9,20;0,-1,23,16,23,19,25,19,25,17;-1,0,17,23,14,23,14,22,12,22;-1,0,18,19,16,19,16,18,15,18;0,-1,17,18,20,18,20,17;0,1,25,21,24,21,24,23;0,-1,23,23,23,20;-1,0,19,20,19,21,17,21,17,20,16,20;0,1,22,25,19,25,19,27,18,27,18,28;-1,0,22,21,21,21,21,19,19,19;0,1,16,24,18,24,18,26;0,-1,22,22,19,22,19,24,20,24,20,23;-1,0,0,34,0,30,2,30,2,32,6,32,6,36,3,36;-1,0,23,2,18,2,18,0,13,0,13,4,8,4;0,1,19,42,23,42,23,39,27,39,27,41;-1,0,18,42,18,47,15,47,15,45,10,45;0,1,26,5,30,5,30,10,33,10,33,12;1,0,35,24,33,24,33,22,29,22,29,17,31,17;0,-1,0,28,2,28,2,29,5,29,5,27,2,27,2,24;0,1,4,47,4,42,9,42,9,45;-1,0,2,5,2,1,4,1,4,5,9,5,9,7,5,7;-1,0,3,24,3,26,4,26,4,23,2,23;1,0,20,3,20,5,24,5,24,0,27,0,27,2,31,2;-1,0,4,18,4,16,3,16,3,19,5,19,5,15,2,15;0,1,5,35,0,35,0,37,2,37,2,42;1,0,29,43,24,43,24,47,19,47,19,45,20,45;-1,0,5,13,5,11,0,11,0,16,2,16,2,17,1,17;-1,0,7,21,6,21,6,20,2,20;1,0,22,36,19,36,19,37,24,37;1,0,32,40,32,36,30,36,30,41,35,41;-1,0,1,20,1,23,0,23,0,19,2,19,2,18,1,18;1,0,34,10,36,10,36,15,32,15,32,19,34,19;-1,0,0,6,0,10,4,10,4,7,2,7;0,1,1,43,3,43,3,41,6,41,6,37,3,37,3,40;0,1,29,45,29,47,25,47,25,44,27,44,27,45;1,0,27,3,27,4,31,4,31,7,33,7;1,0,24,38,29,38,29,36,25,36,25,32,26,32;0,-1,2,8,3,8,3,9,1,9,1,7;0,-1,5,6,1,6,1,5;0,-1,0,2,0,4,1,4,1,1;1,0,34,8,31,8,31,9,32,9;0,-1,31,3,34,3,34,7,35,7,35,2;1,0,26,40,24,40,24,42,28,42;0,1,10,47,5,47,5,46,8,46,8,43,7,43,7,44;1,0,26,45,26,46,28,46,28,44,33,44;1,0,25,22,28,22,28,27,31,27,31,32,33,32;1,0,34,18,34,16,36,16,36,20,34,20,34,22,35,22;1,0,34,44,36,44,36,40,33,40,33,36,35,36;1,0,26,33,26,35,27,35,27,32,30,32,30,34,34,34;0,-1,2,0,7,0,7,4,5,4,5,1;1,0,36,33,36,37,34,37,34,39,35,39;1,0,31,26,29,26,29,24,32,24,32,28,34,28;1,0,36,32,36,29,34,29,34,31,32,31,32,29,33,29;1,0,35,28,36,28,36,25,33,25,33,27,35,27;0,1,33,47,33,45,31,45,31,46;0,-1,8,0,12,0,12,3,11,3,11,2;0,1,0,42,0,47,3,47,3,44,1,44,1,46;0,-1,34,0,34,2,32,2,32,1;0,1,34,45,34,47,36,47,36,45,35,45,35,46;0,-1,37,42,37,43,38,43,38,41,37,41,37,39;0,-1,34,23,37,23,37,21;1,0,5,48,6,48,6,49,1,49,1,48,4,48;0,1,7,48,12,48,12,46,14,46,14,48;1,0,31,49,28,49,28,48,31,48;1,0,38,2,36,2,36,4,37,4;1,0,32,46,32,48,34,48;0,1,35,49,37,49,37,46,38,46,38,44,37,44,37,45;1,0,38,0,35,0,35,1,37,1;1,0,38,5,36,5,36,6,37,6;1,0,38,9,35,9,35,8,36,8;1,0,37,29,40,29,40,31,37,31,37,36,38,36;-1,0,38,51,40,51,40,50,37,50;0,1,16,51,12,51,12,49,7,49,7,50;1,0,40,8,38,8,38,6,39,6;-1,0,11,51,6,51,6,50,2,50;1,0,40,0,40,3,38,3,38,4,39,4;1,0,38,27,38,26,40,26,40,28,37,28,37,25,39,25;1,0,37,11,40,11,40,13,37,13,37,15,39,15;1,0,39,17,39,16,37,16,37,18,39,18;1,0,40,49,38,49,38,48,39,48;0,1,21,51,21,48,26,48,26,49;0,1,19,49,18,49,18,51,20,51,20,48,17,48,17,49;0,1,32,51,32,49,34,49,34,50;1,0,38,21,40,21,40,19,37,19,37,20,38,20;1,0,40,35,40,32,38,32,38,35,39,35;1,0,36,39,36,38,39,38;0,1,22,49,22,51,25,51,25,49,23,49,23,50;1,0,39,36,40,36,40,40,38,40,38,39,39,39;1,0,40,25,40,22,38,22,38,23,39,23
41,48|0,1,5,34,5,35;0,1,6,35,6,36;-1,0,10,10,9,10;-1,0,11,38,10,38;-1,0,11,37,10,37;0,1,10,35,10,36;0,1,15,38,15,39;0,-1,5,33,5,32;-1,0,12,11,11,11;0,1,9,35,9,36;-1,0,8,15,7,15;0,-1,25,8,25,7;-1,0,13,10,11,10;1,0,25,38,25,39,26,39;1,0,31,18,34,18;-1,0,12,37,12,40,11,40;-1,0,7,13,7,14,9,14,9,12,7,12;0,1,7,34,7,36;0,1,24,36,24,35,23,35,23,37;0,-1,25,9,26,9,26,7;1,0,31,19,29,19,29,18,30,18;0,1,28,37,28,35,27,35,27,36;0,1,17,37,17,39,19,39,19,41;0,-1,24,8,24,6;0,1,22,36,22,40,21,40,21,41;1,0,29,16,32,16,32,17,34,17;0,1,18,36,21,36,21,37;0,1,26,33,26,36;-1,0,8,17,10,17,10,16,8,16;1,0,27,28,29,28;0,-1,6,34,6,31,7,31,7,30;0,1,9,34,8,34,8,36;0,1,15,37,13,37,13,39;0,1,30,33,29,33,29,37;0,-1,26,11,26,10;0,1,9,33,9,32,10,32,10,34;0,1,12,36,16,36,16,38;0,1,24,30,24,31;0,-1,29,8,29,9,27,9,27,8;1,0,18,5,21,5,21,6,23,6;0,-1,21,7,21,8,18,8,18,7;0,-1,27,10,28,10,28,11,30,11,30,8;-1,0,11,31,8,31,8,33,7,33;-1,0,10,29,8,29;1,0,27,33,27,31,29,31;1,0,23,7,23,10,25,10;0,1,8,30,12,30,12,33;0,1,11,28,11,29,13,29,13,30;0,-1,16,8,15,8,15,6;0,-1,15,9,17,9,17,7;1,0,26,28,26,27,27,27;0,1,27,30,29,30,29,29,26,29,26,31;1,0,28,26,28,25,29,25;-1,0,16,35,14,35;1,0,21,33,22,33,22,32,23,32;0,-1,19,9,22,9,22,8;-1,0,17,36,17,34,15,34;0,1,20,31,20,34,18,34,18,35;1,0,28,19,28,17,30,17;0,-1,28,12,29,12,29,13,31,13,31,11;-1,0,17,31,18,31,18,33,16,33;-1,0,17,10,15,10,15,11,13,11;1,0,30,20,30,24,31,24;1,0,25,11,25,12,27,12;1,0,30,15,27,15,27,16,28,16;0,1,22,28,23,28,23,31;1,0,25,25,25,24,29,24;1,0,21,10,21,11,23,11;-1,0,11,14,11,13,10,13,10,15,9,15;-1,0,14,12,12,12;-1,0,11,15,11,16,12,16,12,18,11,18;1,0,29,14,26,14,26,13,28,13;0,-1,24,14,24,13;-1,0,14,29,14,28,15,28,15,25,12,25;0,-1,25,17,24,17,24,15,25,15,25,13;1,0,25,23,27,23,27,22,29,22;1,0,20,10,20,12,23,12;1,0,21,15,19,15,19,13,21,13;0,-1,17,18,20,18,20,16;-1,0,19,32,19,30,17,30,17,29,15,29;0,-1,17,21,17,20;-1,0,16,12,15,12,15,13,12,13;1,0,28,21,28,20,29,20;0,1,26,26,24,26,24,28,25,28,25,31;-1,0,13,16,13,14,12,14;1,0,26,20,26,21,27,21;-1,0,14,22,13,22;0,-1,25,18,25,22,24,22,24,18;0,1,21,29,21,28,19,28,19,29;0,1,10,19,12,19,12,21;1,0,22,24,24,24;0,-1,20,20,20,21,18,21,18,20;0,-1,15,21,13,21,13,18,14,18,14,14;1,0,21,16,21,18,22,18;0,-1,23,21,23,20;-1,0,18,29,18,28,16,28;0,-1,21,19,22,19,22,22,21,22,21,21;0,-1,19,22,16,22,16,20;0,-1,17,25,17,23,15,23,15,22;0,-1,23,23,20,23,20,22;-1,0,19,23,18,23,18,27,16,27;-1,0,19,24,19,25,23,25,23,26,22,26;-1,0,5,37,9,37,9,38,8,38,8,40,5,40;-1,0,3,20,3,16,6,16,6,12,5,12;0,-1,29,2,34,2,34,7,29,7,29,5,24,5,24,2;-1,0,31,41,31,43,27,43,27,41,25,41,25,43,21,43;0,-1,4,12,0,12,0,8,3,8,3,4;1,0,35,21,35,25,30,25,30,30,35,30;0,1,2,24,4,24,4,27,1,27,1,32;1,0,1,34,4,34,4,39,2,39,2,44,4,44;0,1,18,45,18,40,13,40,13,43;-1,0,17,3,22,3,22,0,20,0,20,1,15,1;1,0,33,35,33,33,36,33,36,30,38,30;0,-1,35,19,32,19,32,20,36,20,36,15;-1,0,10,40,10,44,15,44,15,46,11,46,11,45,6,45;1,0,39,17,38,17,38,21,36,21,36,22,38,22;-1,0,9,0,7,0,7,3,4,3;0,-1,37,19,37,16,39,16,39,12,35,12,35,9;0,-1,31,10,31,8,35,8,35,6;0,1,32,36,34,36,34,34,35,34,35,39;0,-1,2,7,0,7,0,5,2,5,2,2,4,2,4,1;1,0,29,0,33,0,33,1,37,1;1,0,36,46,36,43,34,43,34,41,36,41,36,38,38,38;0,-1,5,4,5,9,10,9,10,8;-1,0,15,24,12,24,12,22,11,22;0,1,9,39,9,41,5,41,5,44;-1,0,0,21,2,21,2,16,1,16;0,-1,17,4,17,5,12,5,12,7,10,7,10,5;-1,0,11,24,6,24,6,20,4,20,4,23,2,23;1,0,36,34,39,34,39,29,36,29,36,27,38,27;1,0,36,2,36,6,39,6,39,11,36,11,36,9,37,9;0,-1,0,2,0,4,1,4,1,1;0,1,39,44,39,42,38,42,38,44;0,-1,6,8,7,8,7,4,12,4,12,3;-1,0,0,26,3,26,3,25,1,25;0,-1,3,1,3,0,5,0,5,2,6,2,6,1;0,1,17,45,17,41,16,41,16,45;0,1,24,38,23,38,23,39,24,39,24,42,19,42,19,44;-1,0,0,43,0,38,3,38,3,37,2,37;0,-1,13,1,8,1,8,3,11,3,11,2;-1,0,7,25,7,28,2,28,2,30,4,30,4,33,2,33;0,-1,33,6,33,3,32,3,32,4,27,4,27,1;-1,0,0,14,2,14,2,13,5,13,5,15,1,15;0,1,30,46,30,44,25,44,25,45;1,0,39,45,39,46,37,46,37,45,38,45;0,1,32,35,32,33,31,33,31,37,33,37,33,39;0,-1,31,3,28,3,28,1;0,-1,28,0,26,0,26,1,25,1,25,4,26,4,26,3;0,1,29,45,26,45,26,46,24,46,24,44,22,44,22,45;-1,0,8,46,5,46,5,45,4,45;-1,0,1,40,1,44,0,44,0,46,3,46,3,45,2,45;0,-1,16,2,16,4,14,4,14,3;1,0,39,35,36,35,36,37,38,37;0,1,26,38,28,38,28,42,29,42,29,38,32,38,32,39;0,1,31,39,30,39,30,40,32,40,32,42;1,0,33,27,34,27,34,29,32,29,32,26,34,26;1,0,35,29,35,26,37,26;1,0,39,18,39,23,36,23,36,25,38,25;0,1,35,46,31,46,31,44,35,44,35,45;-1,0,0,32,0,37,1,37,1,36,3,36,3,35,1,35;0,-1,37,3,37,5,38,5,38,3;1,0,37,44,37,41,38,41;1,0,39,39,37,39,37,40,38,40;0,-1,40,18,41,18,41,13,40,13,40,8;0,1,40,29,40,34,41,34,41,37,40,37,40,41;0,1,41,40,41,42,40,42,40,46;1,0,40,0,38,0,38,2,40,2;-1,0,41,45,41,47,38,47;-1,0,33,47,35,47,35,48,31,48,31,47,26,47;-1,0,20,46,16,46,16,48,14,48,14,47,9,47;0,1,19,45,20,45,20,44,21,44,21,46
40,50|0,-1,20,6,20,5;0,-1,18,6,18,5;0,-1,17,6,17,5;0,-1,19,7,19,6;0,-1,20,8,20,7;0,-1,21,8,21,7;0,-1,13,7,13,6;0,-1,19,9,19,8;0,-1,13,9,13,8;0,-1,20,10,20,9;-1,0,9,19,8,19;0,-1,12,9,12,8;-1,0,7,31,6,31;0,-1,26,7,26,6;0,-1,20,12,20,11;0,-1,21,9,22,9,22,8;0,1,11,39,13,39,13,41;0,-1,18,8,18,7,16,7,16,6;0,-1,21,13,21,12;0,-1,23,8,24,8,24,5;0,-1,15,10,15,7,14,7,14,6;0,-1,16,12,16,9,17,9,17,8;0,1,12,38,10,38,10,40;0,-1,18,12,17,12,17,10;0,-1,21,14,21,17,20,17,20,15;0,-1,14,13,14,11;0,-1,27,5,27,8,25,8,25,6;-1,0,10,11,13,11,13,10,12,10;-1,0,8,32,6,32,6,33,5,33;0,1,19,34,19,36;0,-1,8,17,9,17,9,14;0,1,15,38,15,39;-1,0,9,24,8,24;1,0,30,11,29,11,29,10,30,10;0,-1,10,16,10,13,11,13,11,12;0,-1,27,9,28,9,28,6;1,0,23,9,24,9,24,10,28,10;-1,0,5,29,8,29,8,27,7,27;-1,0,7,34,7,38,5,38;0,-1,19,10,19,13,15,13,15,11;-1,0,8,37,8,39,6,39;0,-1,13,15,13,12;0,-1,11,14,11,16,14,16,14,14;-1,0,10,17,10,20,9,20;-1,0,22,11,24,11,24,13,22,13;0,1,21,34,21,35;-1,0,9,35,8,35;-1,0,11,19,11,17,14,17,14,19,13,19;0,1,14,36,14,39;0,-1,27,13,27,12,25,12,25,11;-1,0,8,31,8,30,5,30;0,-1,28,14,28,11;0,-1,30,12,29,12,29,14,30,14,30,13;-1,0,12,25,10,25,10,22,9,22;-1,0,18,14,16,14,16,15,15,15;0,-1,31,16,31,13;1,0,26,14,25,14,25,13,26,13;-1,0,15,20,15,21,14,21;0,1,18,37,17,37,17,39;-1,0,10,27,10,26,9,26;-1,0,9,34,10,34,10,36,8,36;0,-1,18,16,18,15;0,1,11,34,11,37,9,37,9,39;1,0,30,15,28,15,28,17,29,17;-1,0,9,31,11,31,11,32,9,32;0,-1,29,18,27,18,27,15,24,15,24,14;0,1,18,36,16,36,16,40;0,-1,9,30,9,28,11,28,11,26;0,1,12,35,12,36;0,-1,13,27,13,25;0,1,15,37,15,35,13,35,13,37;0,-1,24,16,26,16,26,18,24,18,24,17;-1,0,17,16,16,16;-1,0,15,19,15,18,17,18,17,17,15,17;-1,0,12,34,12,33,10,33;0,-1,21,18,23,18,23,15;0,1,22,33,22,35;0,1,16,34,16,33,15,33,15,34;-1,0,12,32,12,30,10,30;0,-1,18,20,18,18,19,18,19,16;0,-1,17,21,17,19;-1,0,16,24,16,25,14,25;1,0,23,19,25,19;0,-1,24,20,22,20,22,19;0,1,13,34,13,32,14,32,14,34;1,0,24,29,23,29,23,28,24,28;0,-1,20,20,20,19;-1,0,20,21,18,21,18,22,16,22;0,1,12,27,12,29,13,29,13,31;-1,0,17,23,17,26,16,26;0,-1,23,22,23,21,21,21,21,19;-1,0,17,28,13,28;-1,0,18,25,18,26,19,26,19,23,18,23;1,0,24,34,24,31,25,31;0,-1,16,31,14,31,14,29;-1,0,17,35,18,35,18,32,15,32;0,1,21,32,23,32,23,34;1,0,20,34,20,31,22,31;0,1,24,30,21,30,21,29,19,29,19,33;1,0,23,23,23,25,24,25;1,0,21,28,21,26,23,26;0,1,20,25,20,27,18,27,18,31;0,1,3,18,0,18,0,21,3,21,3,26;-1,0,23,3,23,0,18,0,18,3,14,3,14,5,10,5;0,1,25,4,29,4,29,8,34,8,34,13;1,0,11,46,11,45,14,45,14,41,16,41,16,43,20,43;-1,0,7,28,4,28,4,33,1,33;0,1,36,30,36,25,34,25,34,30,30,30,30,32;-1,0,12,0,12,1,7,1,7,6,9,6,9,11,6,11;1,0,17,42,17,40,19,40,19,37,23,37;-1,0,4,35,0,35,0,30,2,30,2,25,1,25;1,0,29,43,29,40,27,40,27,44,32,44;-1,0,0,36,0,39,1,39,1,37,6,37,6,36,3,36;1,0,24,4,24,0,25,0,25,1,28,1;1,0,26,0,30,0,30,5,34,5;0,-1,34,20,34,18,33,18,33,21,35,21,35,17;0,1,34,42,34,39,36,39,36,35,33,35,33,40;0,1,12,41,10,41,10,46,7,46,7,43,3,43,3,45;0,-1,34,7,34,6,36,6,36,4,32,4,32,2;0,-1,6,15,2,15,2,11,0,11,0,6,2,6,2,4;0,-1,1,8,5,8,5,13,3,13,3,10;0,1,18,42,21,42,21,46,18,46,18,44,20,44,20,45;1,0,31,3,31,0,33,0,33,2,34,2;1,0,35,26,35,31,31,31,31,32,32,32;0,-1,8,10,8,9,6,9,6,5,3,5,3,3;0,1,36,20,36,22,31,22,31,19,26,19,26,20;1,0,30,41,33,41,33,44,34,44;0,1,27,26,31,26,31,29,26,29,26,33;1,0,29,30,27,30,27,31,29,31,29,33,32,33;1,0,31,12,31,11,33,11,33,14,35,14;0,1,35,34,32,34,32,39,28,39,28,34,26,34,26,35;0,1,23,35,24,35,24,37,27,37,27,39,24,39,24,41;-1,0,8,16,8,14,7,14,7,17,2,17;0,1,22,42,26,42,26,40,25,40,25,41;0,1,12,46,17,46,17,44,16,44,16,45;-1,0,4,0,6,0,6,4,4,4,4,1,1,1;-1,0,8,43,9,43,9,40,6,40;-1,0,8,42,8,41,7,41,7,42,2,42;1,0,28,28,25,28,25,23,30,23;1,0,36,33,33,33,33,32,35,32;-1,0,0,24,0,22,2,22,2,24,1,24;0,1,24,45,22,45,22,46,26,46,26,43,22,43,22,44;0,1,35,44,36,44,36,40,35,40,35,43;1,0,27,25,31,25,31,23,32,23;0,1,0,44,0,40,1,40,1,44;0,-1,33,3,35,3,35,1;0,-1,14,0,17,0,17,2,14,2,14,1;1,0,32,24,32,29,33,29,33,24,35,24;0,-1,12,2,8,2,8,3,13,3,13,1;0,1,6,46,6,44,5,44,5,45;1,0,30,16,30,18,32,18,32,15,34,15;1,0,29,46,27,46,27,45,31,45;1,0,34,17,33,17,33,16,35,16;-1,0,0,45,0,46,2,46,2,45,1,45;1,0,26,48,26,47,22,47,22,48,18,48,18,47,20,47;0,-1,36,19,36,17,38,17,38,14,37,14,37,11;1,0,27,48,29,48,29,47,31,47;0,1,37,22,38,22,38,25,37,25,37,29;0,1,30,48,32,48,32,45,34,45,34,46;0,1,37,48,37,45,35,45,35,46;-1,0,1,48,6,48,6,47,1,47;0,-1,37,3,36,3,36,2,38,2,38,6,37,6,37,4;1,0,38,0,36,0,36,1,37,1;1,0,36,15,36,12,35,12,35,7,36,7;1,0,38,8,38,10,36,10,36,8,37,8;-1,0,13,47,10,47,10,49,5,49;1,0,35,47,35,49,31,49,31,50,28,50,28,49,30,49;0,-1,38,41,38,39,37,39,37,44,39,44,39,39;1,0,37,35,40,35,40,32,36,32,36,31,38,31;1,0,40,38,39,38,39,36,37,36,37,38,38,38;0,1,20,50,15,50,15,47,17,47,17,49
42,48|1,0,31,32,32,32;0,1,8,35,8,36;1,0,30,31,31,31;1,0,29,32,30,32;0,-1,12,7,12,6;0,1,17,38,17,39;1,0,30,30,31,30;1,0,31,18,32,18;1,0,28,30,29,30;0,1,16,38,16,39;0,-1,15,6,15,8,16,8,16,7;1,0,27,30,27,31,29,31;1,0,28,37,28,36,29,36;1,0,32,34,29,34,29,33,31,33;1,0,28,32,28,35,31,35;0,1,9,36,9,35,11,35,11,38;0,-1,14,8,14,6;1,0,26,35,26,36,27,36;-1,0,8,24,7,24;0,1,20,38,21,38,21,39;0,1,5,32,5,34,7,34,7,35;-1,0,6,17,6,16,5,16;0,1,5,26,5,29,6,29,6,33;0,-1,28,6,26,6,26,8,25,8,25,7;0,1,9,32,11,32,11,33;0,-1,12,10,12,8,13,8,13,5;-1,0,7,25,5,25;1,0,26,30,25,30,25,31,26,31;-1,0,13,38,12,38;-1,0,12,39,14,39,14,37,12,37;1,0,27,33,25,33,25,32,27,32;0,-1,24,9,24,7;1,0,25,37,24,37,24,39,26,39;0,1,26,34,25,34,25,36,23,36,23,38;-1,0,14,30,12,30,12,31,10,31;0,1,29,27,30,27,30,29;0,-1,10,9,10,8;0,-1,7,9,7,12,9,12,9,9;0,-1,10,10,11,10,11,7;0,1,17,37,19,37,19,39;0,1,7,27,8,27,8,26,6,26,6,28;0,1,30,26,28,26,28,28;0,1,8,25,9,25,9,28;-1,0,12,33,12,32,14,32,14,35,12,35;-1,0,15,34,15,33,16,33,16,31,14,31;1,0,20,30,22,30,22,31,23,31;0,-1,24,10,23,10,23,8;0,1,11,27,11,25,10,25,10,26;1,0,19,33,20,33;-1,0,9,19,7,19,7,21,6,21;0,1,29,25,31,25,31,29;0,1,22,38,22,34,24,34,24,35;0,-1,28,10,28,13,27,13,27,10;-1,0,17,34,16,34,16,35,15,35;-1,0,6,13,6,14,5,14;0,-1,28,14,30,14,30,12,29,12,29,10;0,1,19,36,15,36,15,39;-1,0,21,37,21,35,18,35;0,-1,33,15,30,15,30,17,32,17,32,16;-1,0,13,11,10,11,10,13,8,13;0,-1,29,16,29,15,26,15,26,13;1,0,28,18,30,18,30,19,31,19;-1,0,5,18,7,18,7,15,5,15;-1,0,12,25,12,24,9,24;0,-1,25,15,25,11,22,11,22,9;1,0,24,17,22,17,22,16,23,16;-1,0,11,21,9,21,9,23,8,23;0,1,12,26,13,26,13,29;1,0,21,31,21,32,18,32,18,34,20,34;0,-1,19,12,19,11,18,11,18,9;1,0,23,29,23,28,25,28;-1,0,11,23,14,23,14,25,13,25;0,1,19,27,19,31,17,31,17,33;0,1,18,25,18,28,17,28,17,30;-1,0,9,16,9,14,7,14;-1,0,10,14,10,17,8,17;0,-1,22,13,22,14,23,14,23,13;0,1,14,26,15,26,15,28;1,0,21,14,20,14,20,15,22,15;-1,0,8,18,10,18,10,20,8,20;0,1,13,18,11,18,11,20;0,-1,14,10,15,10,15,9;1,0,23,27,25,27;1,0,19,14,19,16,20,16;0,-1,24,20,24,18;-1,0,22,28,20,28;0,-1,21,19,23,19,23,18;1,0,20,27,22,27,22,26,23,26;0,-1,19,17,18,17,18,15;0,-1,29,19,29,21,28,21,28,19;0,1,18,24,19,24,19,25;0,1,19,23,21,23,21,26;0,1,30,22,28,22,28,24;-1,0,12,16,12,13,11,13;-1,0,19,22,17,22,17,25,15,25;1,0,16,12,16,10,17,10;0,-1,27,24,27,22;-1,0,15,11,15,13,13,13,13,17,11,17;0,-1,26,22,26,23,23,23,23,21;0,-1,22,20,22,22,21,22,21,20;0,-1,14,17,17,17,17,16;-1,0,15,19,15,18,18,18,18,21,17,21;1,0,9,5,12,5,12,0,16,0,16,3,18,3;0,-1,3,28,0,28,0,25,3,25,3,20;1,0,32,3,27,3,27,0,24,0,24,4,27,4;-1,0,34,34,34,39,37,39,37,44,34,44,34,42,29,42;0,-1,32,30,35,30,35,35,38,35,38,38,35,38,35,36;-1,0,0,18,0,21,2,21,2,19,4,19,4,14,3,14;-1,0,24,44,24,40,19,40,19,43,17,43,17,40,14,40;-1,0,7,41,7,39,11,39,11,41,8,41,8,43,6,43;0,-1,32,26,34,26,34,24,38,24,38,22,35,22,35,19;0,-1,32,24,32,19,34,19,34,15;0,-1,36,21,38,21,38,17,35,17,35,14,33,14,33,13;0,-1,32,13,32,14,31,14,31,12,33,12,33,10;1,0,18,8,22,8,22,5,27,5;1,0,38,1,38,6,36,6,36,10,34,10,34,13,37,13;0,-1,11,6,9,6,9,8,6,8,6,3;0,-1,19,0,19,4,16,4,16,6,21,6,21,1;0,-1,34,6,34,5,35,5,35,7,33,7,33,4;0,1,3,37,3,35,6,35,6,39,5,39,5,43;-1,0,11,4,11,2,7,2,7,0,5,0,5,5,3,5;1,0,35,11,35,12,38,12,38,16,36,16,36,14,37,14;0,-1,6,9,6,10,5,10,5,6,2,6,2,2;0,-1,1,4,0,4,0,1,4,1,4,4,3,4,3,3;-1,0,2,15,2,13,5,13,5,12,2,12;0,-1,37,5,37,4,34,4,34,2;1,0,38,34,38,31,36,31,36,29,33,29,33,27,35,27;0,-1,23,1,23,0,22,0,22,4,23,4,23,2;0,1,3,31,5,31,5,30,2,30,2,35,1,35,1,37;0,1,12,41,13,41,13,43,16,43,16,41,14,41,14,42;-1,0,0,24,0,22,2,22,2,23,1,23;0,1,0,38,0,40,1,40,1,38,3,38,3,42;0,-1,17,5,20,5,20,2;0,-1,36,1,37,1,37,3,35,3,35,1;-1,0,1,12,1,15,0,15,0,11,4,11,4,10,1,10;0,1,18,44,23,44,23,41,21,41,21,43;-1,0,1,7,1,9,4,9,4,7,2,7;0,1,30,36,30,41,28,41,28,43;0,1,29,40,29,38,28,38,28,40,25,40,25,41;0,1,5,38,5,36,4,36,4,38;0,-1,29,1,29,0,31,0,31,2,28,2,28,1;0,1,26,41,27,41,27,42,25,42,25,43;1,0,38,30,38,28,36,28,36,27,37,27;-1,0,1,20,1,18,3,18,3,17,2,17;0,1,12,44,9,44,9,42,10,42,10,43;1,0,37,25,37,26,35,26,35,25,36,25;-1,0,4,25,4,29,1,29;0,1,3,44,0,44,0,41,1,41,1,42;0,1,40,35,40,39,38,39,38,40,39,40,39,45;0,1,18,46,15,46,15,44,13,44,13,45;1,0,40,5,40,7,37,7,37,10,38,10;0,1,31,46,26,46,26,43,27,43,27,45;1,0,39,28,39,29,40,29,40,27,38,27,38,26,39,26;0,1,5,46,5,44,8,44,8,45;-1,0,4,41,4,45,3,45;0,1,29,45,29,43,33,43,33,44;0,-1,35,0,33,0,33,2,32,2,32,1;-1,0,0,45,0,46,2,46,2,45,1,45;1,0,40,8,40,9,38,9,38,8,39,8;0,-1,17,0,18,0,18,2,17,2,17,1;1,0,40,10,42,10,42,14,39,14,39,18,41,18;0,1,12,48,12,47,7,47,7,45,6,45,6,46;0,1,39,25,39,24,42,24,42,19,41,19,41,21;0,1,23,45,23,48,25,48,25,45,24,45,24,46;1,0,39,6,39,4,42,4,42,0,39,0,39,2,40,2;0,1,31,45,30,45,30,44,32,44,32,46;0,1,41,27,42,27,42,30,41,30,41,32;1,0,40,31,39,31,39,33,41,33;0,1,18,45,22,45,22,47;1,0,37,46,37,45,35,45,35,47,40,47;1,0,42,18,42,17,40,17,40,15,41,15;1,0,39,36,39,34,41,34
45,51|0,1,5,37,5,38;0,1,10,41,10,42;0,1,6,38,6,39;-1,0,13,42,12,42;-1,0,15,42,14,42;-1,0,12,41,11,41;0,1,16,41,16,42;0,-1,36,14,36,13;0,1,15,40,15,41;0,1,14,40,14,41;0,1,8,39,8,40;1,0,30,6,31,6;-1,0,7,26,6,26;0,1,11,39,11,40;0,1,19,40,19,41;0,1,20,40,20,41;0,-1,24,7,24,6;-1,0,9,30,8,30;1,0,31,11,30,11,30,12,31,12;0,1,8,38,9,38,9,40;0,-1,26,6,25,6,25,5;0,1,18,40,17,40,17,41;1,0,29,6,27,6,27,7,30,7;0,1,16,37,16,40;0,1,18,36,18,38;0,-1,35,17,36,17,36,15,35,15,35,13;1,0,31,9,33,9;0,1,19,37,19,39,21,39,21,40;0,-1,23,7,23,6,22,6,22,5;1,0,26,7,26,9,28,9,28,8,31,8;0,1,20,38,22,38,22,39;0,1,15,37,15,39,13,39,13,41;0,1,20,34,20,37;0,1,11,38,10,38,10,40;0,-1,35,18,34,18,34,15;-1,0,8,32,7,32;0,1,9,37,12,37,12,40;0,1,18,35,17,35,17,36;1,0,32,10,28,10,28,13,31,13;0,-1,35,20,35,19,33,19,33,16;0,1,12,33,12,36,14,36,14,38;0,-1,30,22,31,22,31,21;0,-1,10,20,11,20,11,17;1,0,29,17,27,17,27,14,29,14;1,0,27,11,27,10,23,10,23,8,25,8;-1,0,14,19,13,19;1,0,26,17,25,17,25,16,26,16;0,1,6,37,6,36,7,36,7,40;1,0,23,11,24,11;0,-1,14,17,14,13,15,13,15,9;-1,0,10,32,9,32,9,31,8,31;1,0,23,37,23,35,24,35;-1,0,8,27,7,27;1,0,28,19,28,21,29,21;-1,0,11,21,9,21;1,0,22,11,22,8,20,8,20,6,21,6;1,0,25,19,27,19,27,18,28,18;1,0,18,11,17,11,17,9,21,9;0,1,17,34,16,34,16,36;1,0,22,16,22,15,23,15;0,1,7,35,8,35,8,37;0,-1,16,16,16,13;1,0,26,18,23,18,23,21,24,21;1,0,21,36,22,36,22,34,23,34;0,-1,22,19,22,17,21,17,21,14;0,-1,19,16,19,15;0,1,20,33,20,32,21,32,21,35;-1,0,15,19,15,18,13,18,13,17,12,17;0,-1,17,15,18,15,18,12;0,1,17,33,15,33,15,36;-1,0,10,23,8,23,8,25,7,25;0,-1,15,16,15,17,18,17,18,16;1,0,24,22,25,22,25,23,27,23;1,0,23,30,23,33,25,33;1,0,22,32,22,29,23,29;0,1,17,30,17,32,19,32,19,34;1,0,11,35,11,34,9,34,9,36,10,36;0,1,18,30,21,30,21,31;1,0,15,31,16,31,16,29,20,29;-1,0,8,26,10,26,10,27,9,27;1,0,20,16,20,18,21,18;0,1,11,30,11,33,8,33,8,34;0,1,8,29,10,29,10,31;-1,0,12,29,11,29,11,28,7,28;0,-1,22,20,21,20,21,19;1,0,24,28,23,28,23,26,25,26;1,0,15,28,15,30,12,30,12,32,16,32;-1,0,14,29,14,28,12,28;1,0,21,22,23,22;0,-1,17,20,17,18,19,18,19,17;-1,0,14,27,11,27,11,25,10,25;0,1,13,26,15,26,15,27;1,0,20,20,18,20,18,19,20,19;-1,0,11,23,12,23,12,22,9,22;1,0,24,25,25,25;-1,0,13,23,14,23,14,22,13,22;-1,0,14,25,14,24,12,24;-1,0,16,18,16,20,13,20;1,0,19,25,23,25,23,24,24,24;-1,0,15,25,15,21,14,21;-1,0,16,24,17,24,17,26,16,26;0,1,18,23,16,23,16,21,19,21,19,23;0,1,21,21,20,21,20,23,22,23,22,24;-1,0,41,9,41,4,40,4,40,8,37,8,37,3,34,3;0,-1,24,2,19,2,19,4,14,4,14,8,18,8,18,6;-1,0,17,44,17,47,13,47,13,46,10,46,10,43,5,43;0,1,36,30,36,25,39,25,39,22,35,22,35,25;0,1,5,23,5,28,1,28,1,30,3,30,3,33;0,-1,6,21,7,21,7,20,5,20,5,22,8,22,8,20;0,1,31,32,36,32,36,37,39,37,39,42;-1,0,20,0,18,0,18,3,15,3,15,1,11,1;0,1,23,44,21,44,21,41,24,41,24,44;1,0,30,4,25,4,25,0,30,0,30,1,34,1;0,-1,9,18,4,18,4,21,1,21,1,16,4,16,4,12;-1,0,12,8,12,3,7,3,7,1,5,1;1,0,35,11,35,12,33,12,33,10,35,10;0,-1,5,6,5,10,8,10,8,5,3,5,3,3;-1,0,13,14,13,9,9,9,9,4,4,4,4,2,2,2;-1,0,1,44,1,40,4,40,4,42,9,42,9,41,5,41;-1,0,0,20,0,24,4,24,4,26,3,26;0,1,34,25,34,23,33,23,33,27,28,27,28,32;1,0,24,45,21,45,21,47,25,47,25,43,27,43;0,1,36,41,36,43,39,43,39,46;0,1,0,41,0,45,1,45,1,46;0,-1,38,7,38,5,39,5,39,1;0,-1,0,9,3,9,3,6,1,6,1,1;1,0,36,6,36,4,34,4,34,7,36,7,36,10,37,10;0,1,35,35,35,33,31,33,31,37;1,0,38,18,41,18,41,21,37,21,37,16,40,16;1,0,39,36,39,35,37,35,37,33,38,33;0,1,33,43,33,44,28,44,28,39,33,39,33,42;0,1,38,32,37,32,37,28,39,28,39,33,40,33,40,36;1,0,36,11,37,11,37,15,38,15,38,10,40,10;0,1,41,35,41,40,40,40,40,42;1,0,41,16,41,12,39,12,39,15,40,15;0,1,2,47,2,46,4,46,4,44,9,44,9,46;0,1,27,47,31,47,31,46,35,46,35,42,34,42,34,45;0,1,6,47,6,45,8,45,8,46;0,-1,36,0,41,0,41,3,40,3,40,2;-1,0,4,29,4,33,7,33,7,34,4,34,4,38,3,38;0,-1,10,0,8,0,8,2,10,2,10,1;0,1,18,41,18,46,20,46,20,42,19,42,19,45;0,1,39,47,41,47,41,43,40,43,40,45;-1,0,0,30,0,34,3,34,3,37,2,37;0,1,36,47,36,44,37,44,37,45;-1,0,0,40,0,39,2,39,2,38,1,38;-1,0,1,15,1,12,0,12,0,10,3,10,3,12,2,12;0,-1,16,0,16,2,17,2,17,1;1,0,40,28,40,32,41,32,41,27,37,27,37,26,40,26;0,1,26,46,27,46,27,44,26,44,26,45;0,-1,33,5,32,5,32,2,35,2,35,1;-1,0,0,29,0,27,2,27,2,26,1,26;-1,0,0,37,0,35,2,35,2,36,1,36;-1,0,0,8,0,7,2,7,2,8,1,8;1,0,42,21,42,16,43,16,43,11,41,11,41,10,42,10;1,0,7,47,12,47,12,48,14,48;1,0,28,48,25,48,25,49,29,49,29,48,33,48;0,1,43,36,43,38,42,38,42,43;0,1,42,46,43,46,43,44,42,44,42,45;1,0,42,28,43,28,43,23,41,23,41,26,42,26;0,-1,42,6,42,9,43,9,43,5,42,5,42,2;0,1,38,47,37,47,37,49,35,49,35,47,34,47,34,48;-1,0,15,48,16,48,16,49,11,49,11,48,8,48;0,1,22,49,18,49,18,47,19,47,19,48;1,0,40,25,40,22,41,22;1,0,43,35,43,34,41,34,41,33,42,33;1,0,42,47,42,49,38,49,38,48,40,48;-1,0,0,47,1,47,1,49,6,49,6,48,2,48;0,1,42,51,45,51,45,47,43,47,43,48;0,1,30,51,30,49,34,49,34,50;0,-1,44,7,45,7,45,4,44,4,44,1;-1,0,25,50,25,51,29,51,29,50,28,50;0,1,7,48,7,49,10,49,10,50
43,48|-1,0,8,20,7,20;-1,0,6,30,5,30;-1,0,7,17,6,17;-1,0,6,29,5,29;-1,0,8,18,7,18;-1,0,11,25,10,25;-1,0,7,31,6,31;-1,0,9,19,8,19;0,1,26,37,26,38;-1,0,10,24,9,24;-1,0,9,17,8,17;-1,0,10,18,9,18;-1,0,7,15,6,15;-1,0,12,24,11,24,11,23,8,23;1,0,25,38,25,39,24,39,24,37,25,37;1,0,29,36,29,34,31,34;0,1,22,38,22,39;1,0,30,31,31,31;0,1,13,37,13,36,14,36,14,37;1,0,27,31,28,31,28,32,31,32;0,1,25,36,23,36,23,39;1,0,31,28,31,29,32,29;-1,0,9,15,10,15,10,16,7,16;0,1,26,35,27,35,27,36;1,0,28,35,28,33,30,33;0,-1,15,9,15,7;0,1,15,39,19,39,19,38,21,38,21,39;0,1,27,33,27,34,24,34,24,35;0,1,13,35,12,35,12,39;-1,0,10,19,11,19,11,17,10,17;0,1,23,34,23,35,22,35,22,36;1,0,33,16,32,16,32,18,33,18;1,0,31,30,30,30,30,27,31,27;0,1,21,36,21,34,19,34,19,37;0,1,20,32,22,32,22,34;1,0,24,29,25,29;0,1,27,30,25,30,25,33;0,1,31,24,30,24,30,26,29,26,29,28;0,1,29,21,30,21,30,23,33,23,33,24;0,1,27,20,27,21;-1,0,10,20,9,20;1,0,28,16,31,16,31,15,34,15;1,0,28,17,30,17;0,1,18,34,18,38;0,1,22,28,22,31,24,31,24,33;0,1,29,19,29,20,28,20,28,21;-1,0,13,24,13,25,12,25;0,1,16,35,16,36,17,36,17,38;0,1,13,33,12,33,12,34;0,1,20,31,18,31,18,33;0,1,30,19,30,18,27,18,27,19;-1,0,10,21,9,21;1,0,25,18,26,18;-1,0,14,24,14,23,13,23;1,0,26,7,27,7;1,0,27,17,25,17,25,15,27,15;-1,0,12,19,12,22,9,22;0,1,9,35,11,35,11,32,8,32,8,35;0,1,30,14,31,14,31,11,29,11,29,12;0,-1,12,5,13,5,13,8,12,8,12,7;1,0,17,32,17,30,19,30;0,1,15,33,15,34,17,34,17,35;0,1,7,30,7,29,8,29,8,31;0,1,16,33,16,32,14,32,14,35;-1,0,13,16,11,16;-1,0,14,20,13,20,13,18,12,18;0,1,20,27,21,27,21,28;0,-1,28,13,28,10,26,10,26,8;-1,0,5,14,5,11,8,11,8,9,7,9;0,1,18,28,16,28,16,31;-1,0,8,12,8,13,6,13;0,-1,16,11,16,8,17,8,17,6;0,1,14,31,14,30,13,30,13,32;1,0,27,11,25,11,25,14,27,14;0,1,14,29,12,29,12,32;0,1,6,26,6,28,9,28,9,31;0,-1,11,10,11,7,9,7,9,6;0,-1,14,11,14,7;1,0,24,15,24,14,22,14,22,12,23,12;1,0,23,24,23,23,24,23;1,0,22,23,22,25,23,25;-1,0,12,9,12,10,13,10,13,11,10,11;0,-1,9,13,9,12;0,1,14,27,14,28,10,28,10,29;-1,0,13,22,16,22,16,23,15,23;1,0,23,29,23,26,24,26;1,0,21,16,21,17,23,17;0,1,17,25,17,27;-1,0,15,28,15,26,14,26;0,1,14,25,16,25,16,27;-1,0,12,13,10,13,10,14,7,14;0,-1,11,12,15,12,15,10;0,1,18,26,22,26,22,27;-1,0,13,14,14,14,14,17,12,17;-1,0,16,18,16,19,14,19;0,-1,13,13,17,13,17,10;1,0,20,15,22,15;0,1,20,25,20,23,21,23,21,25;1,0,18,8,18,10,20,10;1,0,19,11,20,11;-1,0,17,18,17,17,16,17;-1,0,17,20,17,24,15,24;0,-1,21,14,20,14,20,12;-1,0,18,11,18,14,15,14;0,-1,19,13,19,16,15,16,15,15;1,0,18,18,18,17,20,17,20,18,21,18;-1,0,20,22,18,22,18,19,17,19;0,1,0,18,4,18,4,13,0,13,0,8,3,8,3,10;-1,0,18,6,18,3,15,3,15,0,12,0,12,4,10,4;-1,0,28,42,23,42,23,44,19,44,19,42,17,42;0,1,5,23,5,19,0,19,0,22,1,22,1,25;1,0,32,38,32,33,35,33,35,29,37,29;0,1,2,26,5,26,5,28,4,28,4,32,6,32,6,34;-1,0,3,42,3,39,7,39,7,37,11,37,11,39,10,39;1,0,9,44,9,42,12,42,12,40,17,40;0,-1,35,19,35,14,32,14,32,12,36,12,36,7;-1,0,1,39,1,35,6,35,6,38,2,38,2,40,1,40;1,0,28,36,28,39,26,39,26,41,28,41,28,40,33,40;-1,0,10,6,11,6,11,5,9,5,9,4,5,4;0,1,31,37,29,37,29,39,33,39,33,38,34,38,34,40;0,-1,34,42,39,42,39,44,38,44,38,43;0,-1,39,20,39,16,37,16,37,12;1,0,35,0,33,0,33,3,37,3,37,8,38,8;0,-1,4,9,6,9,6,5,1,5,1,1;1,0,31,18,31,22,33,22;1,0,39,29,38,29,38,25,33,25,33,26,36,26;-1,0,11,40,11,41,10,41,10,40,6,40,6,43,1,43;1,0,36,24,36,23,34,23,34,19,32,19,32,21,33,21;1,0,33,34,33,37,35,37,35,40,36,40;1,0,36,21,37,21,37,20,35,20,35,22,38,22;0,1,34,34,36,34,36,37,37,37,37,41,32,41,32,43;0,-1,19,1,19,4,23,4,23,6,27,6,27,5;0,1,22,43,20,43,20,41,16,41,16,43;0,-1,37,11,37,9,39,9,39,5,38,5,38,2;1,0,39,4,39,0,37,0,37,2,34,2,34,1,36,1;0,-1,31,0,27,0,27,4,31,4,31,8,28,8,28,5;-1,0,0,24,0,28,3,28,3,32,1,32;0,-1,0,4,0,0,2,0,2,4,3,4,3,3;0,-1,5,0,7,0,7,3,10,3,10,1;-1,0,1,33,5,33,5,34,1,34;-1,0,0,34,0,29,2,29,2,31,1,31;-1,0,2,14,0,14,0,17,3,17,3,15,1,15;0,-1,25,2,26,2,26,5,24,5,24,2;0,-1,20,2,21,2,21,0,23,0,23,3,22,3,22,1;0,-1,16,0,16,2,18,2,18,1;0,1,16,44,13,44,13,41,14,41,14,42;1,0,36,30,38,30,38,31,36,31,36,33,38,33;0,-1,29,10,30,10,30,9,32,9,32,6;0,1,28,44,28,43,31,43,31,41,29,41,29,42;-1,0,0,40,0,42,2,42,2,41,1,41;1,0,39,26,39,24,37,24,37,23,38,23;0,1,9,41,7,41,7,43;0,-1,31,10,33,10,33,6,36,6,36,5,32,5,32,2;0,-1,11,3,11,0,8,0,8,2,9,2,9,1;-1,0,0,7,1,7,1,6,5,6,5,7,3,7;0,-1,4,3,6,3,6,2,3,2,3,1;1,0,39,34,37,34,37,36,38,36;0,-1,40,18,40,20,41,20,41,17,40,17,40,14;1,0,22,46,22,45,24,45,24,43,25,43,25,45,30,45;0,1,41,32,41,34,40,34,40,37;-1,0,10,46,7,46,7,45,5,45;1,0,41,38,38,38,38,41,39,41;0,1,29,44,32,44,32,45;1,0,40,3,40,8,41,8,41,13,38,13,38,11,40,11;0,1,19,46,17,46,17,43,18,43,18,45;0,1,41,43,41,39,40,39,40,41;1,0,40,31,40,33,39,33,39,30,40,30;-1,0,8,42,8,44,3,44;0,1,37,45,37,43,35,43,35,45;-1,0,0,43,0,46,2,46,2,44,1,44;0,1,37,46,34,46,34,45,33,45,33,43,34,43,34,44;1,0,41,46,38,46,38,45,40,45;0,-1,41,4,41,2,40,2,40,1;1,0,41,28,39,28,39,27,40,27;1,0,36,19,38,19,38,21,39,21,39,23,40,23;0,1,15,48,11,48,11,45,10,45,10,43,12,43,12,45;1,0,20,46,20,48,16,48,16,46,12,46,12,47,15,47;0,1,40,22,43,22,43,25,41,25,41,27,42,27,42,30;0,-1,43,21,43,17,42,17,42,13;0,1,28,46,28,48,33,48,33,46,32,46,32,47;0,1,42,34,43,34,43,39,42,39,42,44;1,0,43,11,43,7,41,7,41,5,42,5;-1,0,5,48,8,48,8,47,4,47;1,0,37,47,37,48,34,48,34,47,35,47;0,1,27,48,27,46,26,46,26,47
44,46|-1,0,7,20,6,20;-1,0,7,21,6,21;-1,0,7,19,6,19;-1,0,6,22,5,22;0,1,5,25,5,26;-1,0,6,24,5,24;-1,0,8,17,7,17;-1,0,9,30,8,30;-1,0,9,19,8,19,8,18,7,18;-1,0,7,33,9,33,9,31,8,31;-1,0,9,18,10,18,10,17,9,17;-1,0,10,16,9,16,9,14,7,14;1,0,33,21,34,21;0,-1,6,23,7,23,7,22;1,0,33,13,33,15,34,15;1,0,32,22,35,22;-1,0,10,20,8,20;1,0,34,28,33,28,33,26,34,26;-1,0,11,13,9,13;1,0,31,14,31,12,34,12;1,0,31,16,34,16;1,0,28,12,30,12;0,1,30,31,30,28,32,28,32,30;1,0,25,32,23,32,23,33,26,33;1,0,33,24,33,25,35,25;0,1,29,28,29,26,28,26,28,27;0,-1,33,11,32,11,32,10,31,10,31,7;0,1,6,25,6,28,8,28,8,29;-1,0,10,28,10,29,9,29;-1,0,12,30,13,30,13,33,12,33;1,0,30,16,30,15,32,15;1,0,22,35,22,34,24,34;1,0,30,8,30,9,29,9,29,10,30,10;-1,0,11,36,11,34,13,34,13,36,12,36;-1,0,18,36,16,36,16,37,12,37;0,1,34,23,32,23,32,26;1,0,19,36,23,36;1,0,26,29,23,29,23,31,24,31;0,1,8,26,7,26,7,27;1,0,31,19,32,19;1,0,21,30,22,30;-1,0,11,18,11,15,10,15;1,0,30,14,28,14,28,13,29,13;0,1,24,27,24,26,25,26,25,28;1,0,27,11,31,11;0,1,14,33,17,33,17,35;0,1,10,24,10,27,11,27,11,29;0,-1,15,8,15,9,16,9,16,5;-1,0,12,10,12,11,11,11;-1,0,18,34,18,32,16,32;-1,0,8,21,8,24,7,24;1,0,32,21,32,20,34,20;0,-1,16,12,16,10;1,0,20,6,20,7,22,7;0,-1,15,12,15,10,14,10,14,9;0,-1,18,10,18,8,17,8,17,7;-1,0,17,28,17,31,15,31;0,-1,19,10,19,6;0,-1,31,20,30,20,30,18,33,18,33,17;-1,0,12,8,13,8,13,12,10,12;1,0,21,35,19,35,19,33,22,33;0,-1,31,23,31,21;-1,0,18,31,22,31,22,32,21,32;0,-1,18,11,20,11,20,8;0,-1,24,9,24,10,28,10,28,8;0,-1,29,15,27,15,27,13;0,-1,24,11,24,13,25,13,25,12;0,-1,22,11,22,10,21,10,21,9;0,-1,28,17,28,16;0,-1,19,12,23,12,23,9;0,-1,13,13,14,13,14,11;1,0,25,19,26,19,26,17,27,17;-1,0,12,15,13,15,13,17,12,17;1,0,20,19,21,19,21,17,22,17;0,-1,28,23,28,21;0,-1,31,26,31,24;1,0,24,15,24,16,27,16;0,1,20,30,19,30,19,29,18,29,18,30;1,0,27,25,30,25,30,27,31,27;-1,0,15,13,15,14,13,14;-1,0,22,29,20,29,20,28,18,28;0,1,7,25,9,25,9,26;1,0,30,21,30,24,26,24,26,28,27,28;0,-1,20,13,23,13,23,14,26,14,26,11;0,-1,14,15,14,18,15,18,15,16;0,-1,21,15,21,14;-1,0,9,24,9,23,13,23,13,24,12,24;0,-1,16,15,16,13;0,1,17,23,17,25,18,25,18,27;0,1,18,24,19,24,19,25;0,-1,10,22,11,22,11,20;0,-1,27,23,27,22,25,22,25,20;1,0,20,18,18,18,18,17,20,17;0,-1,20,15,20,16,23,16,23,15;0,1,13,21,14,21,14,23;0,1,22,26,22,27;1,0,19,15,18,15,18,13,19,13;1,0,17,14,17,16,19,16;0,1,12,22,12,19,13,19,13,20;0,1,14,20,14,19,16,19,16,21;0,-1,21,28,21,25,24,25,24,24;0,-1,17,20,17,17,16,17,16,16;0,-1,20,27,20,23,18,23,18,19;0,-1,40,30,40,25,39,25,39,20,35,20,35,15;0,1,0,26,2,26,2,22,0,22,0,17,2,17,2,21;-1,0,0,16,0,15,4,15,4,12,9,12,9,10,4,10;1,0,29,30,28,30,28,35,33,35,33,40,35,40;1,0,28,0,28,4,30,4,30,6,35,6;0,1,5,28,4,28,4,30,1,30,1,33,6,33,6,37;0,-1,23,3,26,3,26,6,21,6,21,2;-1,0,18,4,18,1,21,1,21,0,16,0,16,3,14,3;0,-1,40,14,40,12,39,12,39,17,37,17,37,12;1,0,32,9,32,7,34,7,34,11,36,11,36,6,38,6;-1,0,7,38,7,36,8,36,8,40,3,40;0,-1,11,1,8,1,8,5,4,5,4,8,2,8,2,4;-1,0,3,41,3,42,0,42,0,39,4,39,4,34,1,34;0,1,26,36,24,36,24,41,20,41,20,37,17,37,17,39;1,0,35,30,35,28,37,28,37,31,35,31,35,34,37,34;-1,0,1,11,1,14,3,14,3,10,1,10;1,0,26,39,31,39,31,42,36,42,36,40,37,40;0,-1,37,9,37,7,39,7,39,4;1,0,40,37,40,33,36,33,36,32,39,32;0,1,34,36,38,36,38,34,39,34,39,37,38,37,38,40;0,-1,12,9,8,9,8,7,13,7,13,6;0,1,21,42,16,42,16,38,12,38,12,40;0,-1,40,5,40,1,38,1,38,5,34,5,34,4;0,-1,32,3,32,0,37,0,37,3,34,3,34,2;0,-1,5,4,5,3,0,3,0,6,1,6,1,4;0,-1,6,0,6,4,7,4,7,2;-1,0,0,29,3,29,3,28,1,28;0,-1,33,2,33,5,31,5,31,3;0,1,27,33,27,36,28,36,28,38,25,38,25,40;0,-1,2,2,2,0,0,0,0,2,1,2,1,1;0,-1,26,7,24,7,24,8,27,8,27,4;1,0,40,39,40,42,37,42,37,41,39,41;0,1,12,31,12,32,10,32,10,35,9,35,9,37;0,1,10,37,11,37,11,38,9,38,9,40;0,1,27,40,26,40,26,42,28,42,28,40,30,40,30,41;0,1,10,40,11,40,11,42,13,42,13,39,14,39,14,41;1,0,36,16,36,19,37,19;-1,0,0,34,0,38,3,38,3,35,2,35;0,-1,25,5,25,4,24,4,24,5,22,5,22,1;0,-1,31,0,29,0,29,2,31,2,31,1;-1,0,5,8,5,6,7,6,7,9,4,9;0,-1,15,4,15,5,13,5,13,3;0,-1,8,6,12,6,12,2;1,0,39,8,39,10,37,10,37,11,39,11;0,-1,3,0,5,0,5,2,3,2,3,1;0,-1,22,0,23,0,23,2,25,2,25,1;1,0,34,27,38,27,38,31,39,31;0,-1,11,0,15,0,15,2,13,2,13,1;0,1,40,18,40,22,41,22,41,26;0,1,42,29,42,27,41,27,41,30;0,-1,42,9,42,14,41,14,41,9;-1,0,27,44,31,44,31,43,27,43;0,1,6,43,4,43,4,41,8,41,8,43;0,1,41,35,42,35,42,31,41,31,41,34;0,1,19,44,22,44,22,42,24,42,24,43;1,0,38,44,33,44,33,43,37,43;0,1,41,39,42,39,42,36,41,36,41,38;0,1,5,44,9,44,9,41,10,41,10,42;-1,0,4,44,3,44,3,43,1,43;1,0,41,5,41,4,42,4,42,6,40,6,40,8,41,8;0,-1,38,0,42,0,42,3,41,3,41,2;1,0,42,17,40,17,40,15,41,15;0,1,40,44,40,43,42,43,42,40,41,40,41,42;0,1,41,7,42,7,42,8,43,8,43,12;1,0,44,42,44,46,40,46,40,45,43,45;-1,0,25,43,26,43,26,45,22,45;-1,0,15,43,10,43,10,45,8,45;1,0,43,17,44,17,44,20,41,20,41,18,42,18;0,1,21,46,16,46,16,43,17,43,17,45;0,-1,44,0,43,0,43,4,44,4,44,7,43,7,43,5;1,0,43,25,43,24,44,24,44,26,42,26,42,22,43,22
42,50|-1,0,11,9,10,9;-1,0,14,35,13,35;-1,0,14,36,13,36;0,1,11,33,11,34;-1,0,14,37,13,37;-1,0,14,38,13,38;-1,0,8,11,7,11;0,1,6,31,6,32;1,0,29,10,30,10;0,1,18,40,18,41;-1,0,13,10,12,10;0,1,10,33,10,34;-1,0,17,35,16,35;-1,0,8,29,7,29;0,-1,15,7,15,6;-1,0,7,33,9,33,9,34,8,34;0,-1,6,14,7,14,7,12;-1,0,9,32,7,32;-1,0,6,30,8,30,8,31,7,31;0,-1,18,6,20,6,20,5;0,1,16,39,19,39,19,40;0,-1,5,15,5,16,6,16,6,15;-1,0,8,17,6,17;-1,0,17,33,16,33;0,-1,9,12,9,13,8,13,8,12;0,1,13,40,15,40,15,41;-1,0,14,6,14,8,11,8;-1,0,16,7,16,6,17,6,17,8,15,8;0,-1,30,11,30,12,31,12,31,11;0,-1,31,13,31,15,30,15,30,13;0,1,26,37,26,36,24,36,24,37;-1,0,12,9,14,9,14,11,12,11;-1,0,20,34,18,34;0,-1,19,9,19,7;0,-1,15,11,15,9,18,9,18,8;0,-1,21,6,24,6,24,5;-1,0,20,35,18,35;0,-1,18,12,16,12,16,10;0,1,22,41,22,39,23,39,23,40;0,1,23,38,21,38,21,40,20,40,20,41;0,-1,21,7,25,7,25,5;-1,0,18,36,15,36,15,39,12,39;0,-1,24,10,25,10,25,9,23,9,23,8;0,-1,22,9,20,9,20,7;0,1,26,35,26,34,25,34,25,35;1,0,26,14,29,14;0,1,28,33,28,34;0,1,23,34,23,33,27,33,27,36;0,1,12,31,12,30,16,30,16,32;-1,0,19,37,17,37;-1,0,7,21,8,21,8,18,6,18;1,0,30,16,33,16;0,-1,16,13,15,13,15,12;0,1,10,32,11,32,11,29,9,29,9,30;1,0,21,12,20,12,20,10,23,10;-1,0,18,31,19,31,19,33,18,33;0,-1,26,13,24,13,24,14,21,14,21,13;0,-1,19,14,19,15,18,15,18,14;-1,0,20,31,20,30,19,30;0,-1,26,16,27,16,27,15;0,1,16,26,15,26,15,27;1,0,18,38,20,38,20,37,21,37;1,0,29,16,29,17,33,17;-1,0,12,28,12,26,11,26;0,-1,15,14,14,14,14,12;-1,0,14,27,13,27,13,25,10,25;0,1,11,21,11,20,10,20,10,21;0,-1,32,18,28,18,28,15;-1,0,20,33,21,33,21,36,19,36;-1,0,14,23,14,24,12,24;0,1,30,32,28,32,28,29,29,29,29,31;0,-1,22,16,20,16,20,13;-1,0,21,29,19,29;-1,0,9,16,7,16;0,-1,11,13,11,15,8,15,8,14;0,-1,25,20,25,18,27,18,27,17;0,1,9,20,9,18,11,18,11,19;-1,0,12,14,12,16,10,16,10,17,9,17;0,1,20,32,22,32,22,33;-1,0,17,18,16,18;1,0,18,16,19,16,19,17,21,17;0,1,21,31,23,31,23,32;-1,0,21,28,18,28;1,0,27,27,27,26,30,26;1,0,25,28,25,31,27,31,27,28,31,28;0,-1,27,19,27,21,26,21,26,19;-1,0,18,21,18,20,17,20;-1,0,24,32,24,30,21,30;0,-1,17,13,17,16,16,16,16,14;0,-1,13,13,13,17,14,17,14,16;0,-1,18,18,18,17,15,17,15,15;0,-1,30,22,29,22,29,19;0,1,18,25,19,25,19,26;0,-1,28,20,28,22,25,22,25,21;-1,0,24,29,22,29,22,27,20,27;0,-1,19,21,19,18;0,-1,14,25,15,25,15,23;1,0,20,19,20,21,21,21;0,1,24,26,25,26,25,27,23,27,23,28;1,0,26,23,27,23,27,25,28,25;0,1,19,24,20,24,20,26;0,1,16,24,16,22,20,22,20,23;0,1,24,23,24,25,26,25,26,26;1,0,23,26,23,24,21,24,21,22,23,22;-1,0,20,46,17,46,17,45,13,45,13,42,10,42;0,-1,7,38,7,34,5,34,5,30,1,30,1,26;1,0,27,42,27,41,23,41,23,43,28,43;0,-1,2,20,2,18,3,18,3,21,1,21,1,16;0,-1,11,10,7,10,7,6,5,6,5,8,1,8,1,5;1,0,24,4,19,4,19,5,15,5,15,3,20,3;1,0,37,28,37,25,33,25,33,23,29,23,29,25,30,25;-1,0,5,39,9,39,9,43,12,43,12,44,11,44;0,-1,36,16,36,19,38,19,38,24,34,24,34,23;0,-1,27,4,25,4,25,0,28,0,28,5,32,5,32,3;0,-1,38,14,38,18,37,18,37,15,33,15,33,10;-1,0,11,27,11,28,9,28,9,25,4,25;1,0,28,37,28,36,29,36,29,38,24,38,24,40,28,40;-1,0,0,46,0,42,1,42,1,38,6,38,6,35,3,35;-1,0,6,7,6,9,2,9,2,13,6,13,6,10,3,10;1,0,37,38,37,43,32,43,32,39,34,39;0,-1,16,2,16,0,21,0,21,3,22,3,22,1;1,0,34,0,29,0,29,1,34,1;0,-1,0,2,2,2,2,7,3,7,3,2;0,1,22,44,26,44,26,46,29,46,29,44,27,44,27,45;-1,0,1,31,1,36,5,36,5,37,4,37;0,1,30,41,28,41,28,42,31,42,31,45;-1,0,8,24,11,24,11,23,6,23;1,0,35,6,30,6,30,9,26,9,26,6,29,6;1,0,30,43,30,46,32,46,32,45,33,45;0,-1,37,14,34,14,34,11,35,11,35,9,37,9,37,6;0,-1,32,12,32,7,36,7,36,2;0,-1,13,7,10,7,10,5,6,5,6,4,8,4,8,1;-1,0,4,23,4,20,7,20,7,19,4,19,4,14,2,14;0,-1,35,2,33,2,33,5,35,5,35,4;0,1,3,41,3,44,5,44,5,40,7,40,7,41;1,0,29,40,30,40,30,37,31,37;1,0,36,38,36,42,35,42,35,37,37,37;-1,0,2,29,2,26,3,26,3,23,2,23;1,0,37,0,35,0,35,1,37,1;-1,0,2,16,2,17,3,17,3,15,1,15;0,-1,5,3,7,3,7,0,9,0,9,4,10,4,10,1;0,-1,13,4,13,6,11,6,11,4;1,0,30,24,32,24,32,29,36,29;1,0,28,35,29,35,29,33,30,33,30,36,32,36;1,0,36,30,36,35,31,35,31,33,33,33;-1,0,0,24,2,24,2,25,1,25;0,1,4,43,4,39,2,39,2,43;0,1,10,46,10,44,9,44,9,45;0,-1,24,0,23,0,23,3,24,3,24,2;0,1,1,46,1,44,2,44,2,45;0,1,6,44,6,42,7,42,7,45;-1,0,4,6,4,2,6,2,6,1,4,1;-1,0,6,0,3,0,3,1,2,1;0,-1,10,0,11,0,11,3,13,3,13,2;0,1,35,46,38,46,38,44,35,44,35,45;1,0,37,12,35,12,35,13,36,13;1,0,31,38,33,38,33,36,35,36;1,0,38,13,38,10,36,10,36,11,37,11;-1,0,28,48,25,48,25,47,23,47;-1,0,24,48,22,48,22,47,20,47;0,1,9,48,9,46,7,46,7,47;0,-1,40,33,40,31,39,31,39,27;0,-1,39,7,39,10,40,10,40,15,39,15,39,12;0,1,38,40,38,37,39,37,39,41;0,1,14,48,14,47,12,47,12,45,11,45,11,46;0,1,2,46,2,48,6,48,6,45,3,45,3,46;0,-1,38,1,38,6,39,6,39,3;1,0,39,48,36,48,36,47,39,47;1,0,36,36,37,36,37,35,39,35;0,1,34,44,34,46,33,46,33,47;1,0,38,28,38,25,39,25;1,0,38,30,37,30,37,34,38,34;0,-1,39,24,39,21,42,21,42,26,41,26,41,22;1,0,35,47,35,48,32,48,32,47,31,47,31,49,34,49;0,1,38,32,39,32,39,34,42,34,42,37,40,37,40,39
41,51|-1,0,6,34,5,34;-1,0,7,33,6,33;-1,0,7,32,6,32;0,-1,27,9,27,8;0,-1,26,9,26,8;1,0,30,14,31,14;1,0,30,15,31,15;-1,0,7,30,6,30;-1,0,8,41,7,41;0,-1,25,8,25,7;0,1,10,41,10,42;-1,0,8,31,7,31;0,1,13,41,13,42;0,-1,25,10,25,9;0,-1,24,8,24,7;0,-1,28,10,28,9;-1,0,8,39,7,39;-1,0,8,34,7,34;0,-1,23,8,23,7;-1,0,9,34,9,33,8,33;0,-1,29,11,29,9;0,-1,28,11,27,11,27,10;-1,0,9,41,9,40,6,40;-1,0,5,38,6,38,6,36,5,36;0,-1,27,12,27,13,28,13,28,12;-1,0,11,40,10,40;0,-1,29,15,29,13,30,13,30,9;-1,0,9,37,7,37,7,35,6,35;1,0,21,8,22,8,22,9,24,9;-1,0,14,41,14,40,12,40,12,42,11,42;1,0,29,16,30,16,30,17,32,17;1,0,27,15,28,15;0,1,13,38,13,39;-1,0,8,32,9,32,9,30,8,30;1,0,26,10,26,14,28,14;0,-1,23,13,25,13,25,11;0,-1,22,12,22,10;1,0,22,15,24,15,24,14,25,14;1,0,19,9,21,9;1,0,24,18,24,19,26,19;1,0,17,7,18,7,18,8,20,8;0,1,15,37,15,40;-1,0,13,35,12,35,12,33,10,33;-1,0,9,19,11,19,11,20,10,20;1,0,16,8,16,5,18,5,18,6,21,6;0,-1,18,9,15,9,15,7;-1,0,8,25,7,25;-1,0,10,23,10,24,8,24,8,22,7,22;1,0,24,17,22,17,22,16,23,16;0,-1,16,12,15,12,15,10;0,-1,22,13,19,13,19,12,21,12,21,11;1,0,20,17,20,15,21,15;0,-1,9,11,11,11,11,10,14,10,14,8;1,0,17,10,17,12,18,12;0,-1,10,15,10,12,8,12,8,11;1,0,16,13,18,13;0,-1,11,15,11,12;1,0,22,18,23,18,23,20,25,20;-1,0,13,19,12,19,12,18,9,18;1,0,21,20,22,20;-1,0,11,16,12,16,12,17,8,17;1,0,21,22,21,21,23,21;-1,0,10,25,9,25;0,-1,13,18,13,15,12,15,12,13;0,-1,14,19,14,17,15,17,15,15;0,1,17,40,17,37,16,37,16,39;1,0,23,25,23,26,22,26,22,27,24,27;1,0,20,20,20,18,21,18;1,0,23,34,23,36,25,36;-1,0,16,19,16,20,12,20;1,0,19,15,19,17,17,17,17,14,20,14;1,0,20,24,23,24,23,23,24,23;-1,0,15,18,19,18,19,19,17,19;0,-1,12,25,12,23;-1,0,10,30,11,30,11,31,10,31;0,1,20,38,19,38,19,39;0,-1,9,27,9,26,11,26,11,24;0,-1,10,27,12,27,12,26;1,0,22,36,22,33,25,33;0,-1,20,23,20,21;1,0,18,20,18,21,19,21;1,0,21,28,23,28;1,0,21,35,21,37,23,37;0,1,21,32,21,34,20,34,20,37;-1,0,9,29,11,29,11,28,10,28;0,-1,18,23,18,22;1,0,18,34,18,33,20,33;-1,0,16,21,14,21;0,-1,8,38,10,38,10,36;0,-1,9,39,11,39,11,37;-1,0,12,38,12,37,13,37,13,36,12,36;0,1,19,36,18,36,18,38;0,-1,17,20,17,23,16,23,16,22;0,1,19,35,17,35,17,36,14,36,14,38;1,0,20,31,20,29,21,29;-1,0,14,35,16,35,16,32,15,32;0,1,16,30,16,31,17,31,17,34;1,0,19,29,19,32,20,32;0,-1,14,30,12,30,12,28;1,0,17,30,18,30,18,28,20,28;1,0,18,26,19,26,19,27,21,27;-1,0,15,28,15,31,14,31;0,-1,16,29,16,28,17,28,17,24;1,0,19,22,19,24,18,24,18,25,20,25;0,-1,23,3,27,3,27,6,31,6,31,2;0,1,31,20,35,20,35,16,37,16,37,21,33,21,33,25;-1,0,2,27,2,31,4,31,4,35,1,35;0,1,34,22,35,22,35,26,37,26,37,29,34,29,34,33;0,1,36,35,35,35,35,32,37,32,37,36,32,36,32,39;1,0,15,46,15,47,13,47,13,45,18,45,18,40,21,40;-1,0,10,46,6,46,6,41,4,41,4,38,2,38;-1,0,5,23,5,21,8,21,8,18,6,18;-1,0,13,0,16,0,16,2,11,2;0,-1,35,15,37,15,37,13,34,13,34,16,32,16,32,13;-1,0,16,4,16,3,12,3,12,5,10,5,10,10,7,10;-1,0,4,28,4,23,3,23,3,19,5,19,5,16,3,16;0,1,1,39,3,39,3,41,0,41,0,36,1,36,1,38;1,0,28,43,32,43,32,41,36,41;0,-1,37,11,35,11,35,8,31,8,31,12,33,12,33,10;0,-1,2,15,2,11,5,11,5,7,7,7,7,5;0,1,37,37,37,42,34,42,34,43;0,-1,2,0,5,0,5,3,3,3,3,1;0,-1,6,2,6,0,7,0,7,4,10,4,10,3;0,-1,32,4,32,6,33,6,33,1;0,-1,0,24,0,21,1,21,1,16;1,0,30,45,30,47,32,47,32,44,34,44;0,-1,17,0,17,3,22,3,22,1;0,-1,28,2,26,2,26,0,21,0,21,2,20,2,20,1;0,-1,37,5,37,7,34,7,34,6;0,-1,30,0,34,0,34,3,36,3,36,1;0,1,0,44,2,44,2,42,5,42,5,44;0,1,25,39,27,39,27,41,29,41,29,37,24,37,24,42;1,0,35,43,35,47,33,47,33,45,34,45;-1,0,2,19,2,22,1,22,1,24,3,24,3,25,1,25;0,1,19,43,19,45,20,45,20,43,24,43,24,46;-1,0,2,10,2,7,4,7,4,4,1,4;-1,0,2,2,0,2,0,5,3,5,3,6,2,6;-1,0,2,46,2,45,1,45,1,47,5,47,5,45,3,45;0,1,10,44,11,44,11,45,9,45,9,43,12,43,12,46;0,1,36,47,37,47,37,43,36,43,36,44;0,1,19,46,19,47,21,47,21,44,23,44,23,46;0,-1,11,1,11,0,9,0,9,3,8,3,8,1;0,-1,20,0,19,0,19,2,18,2,18,1;0,1,28,44,28,45,25,45,25,40,26,40,26,43;0,-1,28,3,28,5,29,5,29,3;1,0,37,30,37,31,35,31,35,30,36,30;-1,0,0,29,0,34,3,34,3,32,1,32;0,1,31,46,31,44,29,44,29,45;1,0,34,10,34,12,36,12;1,0,35,6,36,6,36,5,34,5,34,4,35,4;0,-1,32,1,30,1,30,2,29,2,29,1;-1,0,3,28,3,26,1,26;0,-1,39,15,39,17,38,17,38,12;1,0,29,47,27,47,27,46,25,46,25,48,27,48;0,1,39,32,39,35,38,35,38,39;0,1,3,49,6,49,6,47,8,47,8,48;0,1,9,49,9,47,12,47,12,48;0,1,39,37,39,42,38,42,38,46;0,1,13,49,13,48,16,48,16,46,18,46,18,47;1,0,38,25,36,25,36,24,38,24;0,-1,39,14,39,11,38,11,38,9;0,-1,39,10,39,8,38,8,38,7;1,0,31,49,28,49,28,48,31,48;0,-1,39,1,39,5,38,5,38,1;1,0,37,49,32,49,32,48,34,48;0,1,22,45,22,47,23,47,23,48;1,0,39,23,36,23,36,22,38,22;1,0,6,50,6,51,11,51,11,50,13,50;0,1,35,48,38,48,38,51,41,51,41,47,39,47,39,49;0,1,24,51,19,51,19,48,21,48,21,49,25,49,25,50;0,-1,39,27,38,27,38,30,41,30,41,28,40,28,40,23;0,1,18,48,18,51,14,51,14,49,16,49,16,50;-1,0,5,51,2,51,2,49,1,49;0,-1,41,15,41,18,40,18,40,13;0,-1,40,9,41,9,41,12,40,12,40,10;0,-1,40,0,40,3,41,3,41,8,40,8,40,5
43,48|0,1,16,35,16,36;0,1,18,36,18,37;0,1,17,34,17,35;0,1,16,33,16,34;0,1,18,33,18,34;0,1,15,33,15,34;0,1,14,34,14,35;0,1,13,35,13,36;-1,0,6,28,5,28;1,0,31,16,32,16;0,1,13,33,13,34;-1,0,8,17,7,17;-1,0,7,15,6,15;-1,0,8,16,7,16;-1,0,7,27,6,27;1,0,29,16,30,16;1,0,31,17,32,17;-1,0,10,17,9,17;0,1,13,31,13,32;-1,0,8,14,7,14;0,1,16,31,16,32,19,32,19,34;-1,0,7,28,7,29,6,29;0,1,8,32,7,32,7,33;-1,0,8,11,8,13,7,13,7,12,6,12;-1,0,10,12,9,12,9,10,7,10;0,1,14,31,14,33;0,1,13,30,15,30,15,32;-1,0,11,13,10,13;-1,0,9,16,9,15,8,15;0,-1,7,22,7,21,8,21,8,18;-1,0,13,12,11,12,11,11,10,11;-1,0,9,9,11,9,11,10,10,10;0,1,15,29,16,29,16,30;-1,0,8,28,8,30,7,30;0,1,11,33,11,35;-1,0,12,11,12,8,9,8;0,1,26,33,25,33,25,35;-1,0,7,25,8,25,8,26,7,26;0,1,18,30,19,30,19,31;0,1,9,33,9,31,6,31,6,32;1,0,29,20,29,19,30,19;1,0,30,22,28,22,28,23,31,23;1,0,29,11,29,8,30,8;1,0,30,17,29,17,29,18,30,18;-1,0,13,13,12,13,12,14,9,14;-1,0,11,18,11,16,10,16;-1,0,16,12,17,12,17,10,15,10;1,0,27,31,30,31;1,0,26,22,26,21,30,21;-1,0,21,35,21,36,20,36;0,-1,14,9,15,9,15,5;1,0,28,9,28,12,30,12;1,0,28,16,28,14,32,14;-1,0,9,25,9,27,8,27;0,1,12,34,12,32,10,32,10,34;1,0,26,14,26,13,30,13;1,0,27,23,27,24,31,24;1,0,28,25,28,26,30,26;-1,0,11,22,11,24,7,24;-1,0,12,18,12,15,10,15;0,1,27,35,27,32,24,32,24,34;0,1,24,31,24,29,26,29,26,31;1,0,27,20,27,18,28,18;1,0,24,16,25,16,25,17,28,17;0,-1,30,27,30,29,31,29,31,28;0,1,21,31,21,34,22,34,22,36;0,-1,27,10,26,10,26,8;1,0,24,19,24,18,25,18;1,0,27,27,29,27,29,30,31,30;-1,0,17,13,17,14,15,14;0,-1,11,21,11,19,13,19,13,17;-1,0,10,31,12,31,12,30,9,30;1,0,23,19,23,17,24,17;1,0,22,28,25,28,25,27,26,27;1,0,23,9,25,9,25,11,27,11;-1,0,9,29,11,29,11,28,9,28;1,0,27,26,25,26,25,25,27,25;0,1,19,28,18,28,18,29;0,-1,10,25,12,25,12,24;-1,0,14,29,12,29,12,27,10,27;0,1,17,27,17,30;-1,0,16,28,16,27,14,27;1,0,22,10,24,10,24,12,26,12;-1,0,17,16,18,16,18,15,15,15;-1,0,14,23,14,26,10,26;-1,0,20,13,18,13;1,0,22,21,23,21;0,-1,22,16,22,14,25,14,25,13;-1,0,18,11,18,9,16,9;0,-1,17,17,19,17,19,15;1,0,25,22,24,22,24,23,26,23;1,0,24,26,23,26,23,25,24,25;-1,0,15,24,16,24,16,26,15,26;-1,0,23,32,22,32,22,30,20,30;1,0,21,27,21,25,22,25;-1,0,13,20,14,20,14,22,13,22;-1,0,23,29,20,29,20,27,18,27;0,1,17,25,17,26;-1,0,17,24,20,24,20,26,18,26;0,1,14,17,14,19,15,19,15,22;0,1,18,22,19,22,19,23;1,0,26,24,22,24,22,22,23,22;0,1,18,18,18,19,16,19,16,20;1,0,19,18,19,21,20,21,20,22,21,22;1,0,17,37,16,37,16,42,11,42,11,39,15,39;0,-1,32,27,32,24,33,24,33,19,35,19,35,14;-1,0,1,28,1,23,5,23,5,27,2,27;0,-1,5,15,3,15,3,10,5,10,5,7,8,7,8,2;1,0,19,41,23,41,23,39,26,39;0,1,0,27,0,29,1,29,1,31;0,1,6,37,10,37,10,35,6,35,6,33,1,33,1,38;1,0,37,35,37,30,34,30,34,32,32,32,32,29,34,29;-1,0,9,3,12,3,12,0,7,0,7,4,4,4;0,-1,31,9,30,9,30,11,31,11,31,13,32,13,32,9;0,-1,32,5,32,0,37,0,37,5,35,5,35,1;1,0,34,7,37,7,37,9,33,9,33,13,34,13;1,0,37,29,36,29,36,27,33,27,33,25,35,25;0,-1,2,15,0,15,0,10,2,10,2,5;1,0,36,13,36,17,37,17,37,12,34,12,34,10,35,10;1,0,37,26,36,26,36,24,34,24,34,23,35,23;1,0,17,42,18,42,18,38,22,38;1,0,23,34,23,36,26,36,26,38,31,38,31,40,35,40;0,-1,12,7,12,4,15,4,15,3;-1,0,6,0,3,0,3,4,2,4;0,-1,27,8,28,8,28,5,25,5,25,8,24,8,24,5;-1,0,7,18,7,20,6,20,6,17,3,17;0,1,36,35,36,34,33,34,33,36,36,36,36,41;-1,0,6,26,6,21,2,21;0,1,24,41,28,41,28,39,30,39,30,41;-1,0,4,29,4,28,2,28,2,30,5,30,5,32,2,32;0,-1,21,3,21,1,19,1,19,4,24,4,24,2;0,-1,34,6,34,2,33,2,33,7,29,7,29,5;0,-1,18,0,22,0,22,1,25,1,25,4,28,4,28,1;-1,0,3,18,5,18,5,20,2,20,2,17,1,17;0,1,11,37,11,36,12,36,12,38,8,38,8,40;-1,0,9,39,10,39,10,41,9,41;0,1,4,39,2,39,2,36,5,36,5,38,7,38,7,40;0,1,0,38,0,40,3,40,3,41;-1,0,5,41,5,39,6,39,6,42,2,42,2,41,1,41;1,0,37,18,36,18,36,20,34,20,34,22,35,22;0,-1,13,0,13,3,14,3,14,2;0,-1,18,1,18,2,15,2,15,1;0,-1,1,9,0,9,0,8,1,8,1,4;0,-1,31,0,29,0,29,1,31,1,31,4,29,4,29,2;-1,0,0,1,2,1,2,3,1,3;0,-1,28,0,27,0,27,3,26,3,26,1;0,1,5,43,7,43,7,41,8,41,8,42;0,1,37,25,37,24,38,24,38,29;1,0,39,23,36,23,36,21,38,21;0,1,39,35,39,39,37,39,37,43;1,0,39,17,39,14,38,14,38,11,36,11,36,10,37,10;0,1,5,44,10,44,10,42,9,42,9,43;0,-1,39,8,39,10,38,10,38,8;0,-1,39,5,39,7,38,7,38,2;0,1,32,44,30,44,30,42,26,42,26,43;0,1,27,44,24,44,24,42,21,42,21,43;0,1,33,42,33,43,31,43,31,41,34,41,34,43;0,1,22,43,23,43,23,44,20,44,20,42,19,42,19,43;1,0,39,18,39,20,37,20,37,19,38,19;0,1,33,44,35,44,35,42,36,42,36,43;-1,0,0,41,0,44,4,44,4,43,3,43;0,1,39,44,38,44,38,43,39,43,39,40,38,40,38,42;-1,0,35,46,38,46,38,45,33,45;0,-1,39,25,41,25,41,22,40,22,40,18;0,-1,39,11,40,11,40,9,41,9,41,14,40,14,40,12;0,1,41,31,41,28,40,28,40,31;0,1,13,46,17,46,17,43,13,43,13,45;-1,0,8,46,10,46,10,45,6,45;0,-1,40,1,38,1,38,0,41,0,41,4,39,4,39,2;0,1,41,42,41,37,40,37,40,40;-1,0,3,46,5,46,5,45,3,45;0,1,11,45,11,46,12,46,12,43,11,43,11,44;1,0,41,46,39,46,39,45,40,45;1,0,38,38,37,38,37,36,38,36,38,32,39,32;-1,0,40,44,42,44,42,42,43,42,43,47,38,47;0,-1,42,41,43,41,43,38,42,38,42,35
44,50|0,1,7,38,7,39;-1,0,11,41,10,41;0,1,8,38,8,39;0,1,9,39,9,40;0,1,6,35,6,36;-1,0,11,40,10,40;-1,0,11,39,10,39;-1,0,8,37,7,37;-1,0,10,38,9,38;0,1,7,35,7,36;-1,0,13,40,12,40;0,1,9,36,9,37;0,1,10,36,10,37;0,1,11,37,11,38;0,1,12,38,12,39;-1,0,13,37,12,37;0,-1,23,7,23,6;1,0,34,16,35,16;-1,0,6,29,5,29;-1,0,7,28,6,28;0,-1,24,7,24,6;0,-1,22,7,22,6;0,1,12,35,12,36;1,0,34,11,35,11;-1,0,14,39,13,39;-1,0,15,37,14,37;0,-1,23,9,23,8;1,0,32,16,33,16;-1,0,9,26,7,26;1,0,32,18,34,18;0,1,21,34,21,35;-1,0,8,31,7,31;1,0,31,17,34,17;0,1,19,33,19,35;0,-1,20,9,20,8,21,8,21,6;-1,0,17,40,14,40,14,41,13,41;0,1,21,33,21,32,20,32,20,35;0,-1,28,5,27,5,27,7,25,7,25,5;0,1,10,35,8,35,8,36;-1,0,11,36,11,34,7,34;0,1,20,30,20,31,19,31,19,32;0,1,10,33,10,32,8,32,8,33;0,-1,24,8,28,8,28,6;-1,0,18,39,15,39,15,38,13,38;0,1,17,36,16,36,16,38;0,1,17,35,15,35,15,36;0,1,6,30,9,30,9,31;0,1,18,33,16,33,16,34;1,0,33,19,30,19,30,18,31,18;-1,0,7,27,9,27,9,28,8,28;-1,0,12,28,10,28,10,29,7,29;1,0,34,12,34,14,33,14,33,15,34,15;1,0,30,13,29,13,29,14,32,14;-1,0,16,13,16,15,14,15;1,0,30,20,29,20,29,21,32,21;1,0,30,12,33,12,33,10,35,10;1,0,26,12,29,12;0,1,22,32,22,31,23,31,23,33;1,0,28,15,31,15;-1,0,11,26,11,24,10,24;0,1,15,34,15,32,13,32,13,33;1,0,24,29,26,29,26,28,27,28;0,-1,15,10,15,11,17,11,17,10;0,-1,20,10,19,10,19,8;1,0,21,31,21,29,23,29;1,0,31,8,31,10,28,10,28,11,32,11;0,1,11,30,11,33,12,33,12,34;0,-1,25,9,29,9,29,6;0,1,30,17,29,17,29,19;0,1,13,28,13,30,12,30,12,32;1,0,27,22,27,21,28,21;-1,0,12,25,12,27,10,27;1,0,26,21,26,20,28,20;-1,0,14,30,14,28,16,28,16,27,13,27;-1,0,11,19,13,19,13,21,10,21;1,0,18,30,18,29,20,29;0,1,24,24,24,27,25,27,25,28;-1,0,14,26,14,25,13,25;1,0,28,18,28,16,31,16;0,-1,27,10,25,10,25,12,24,12,24,10;-1,0,19,28,19,27,17,27;-1,0,22,27,22,28,20,28;0,1,21,24,21,26,23,26,23,27;0,-1,19,11,18,11,18,10;1,0,25,14,26,14;-1,0,17,13,18,13,18,12,15,12;1,0,23,13,23,14,24,14;-1,0,22,9,22,10,21,10,21,11,20,11;-1,0,15,25,15,24,13,24;0,-1,16,17,13,17,13,16;0,-1,20,13,20,12;0,-1,14,20,14,18,12,18,12,17;-1,0,19,16,19,18,17,18;1,0,18,25,16,25,16,26,18,26;-1,0,21,15,18,15,18,14,17,14;0,-1,22,13,21,13,21,12,23,12,23,10;-1,0,19,12,19,14,22,14,22,17,20,17;0,1,28,19,25,19,25,21,24,21,24,22;0,1,17,21,18,21,18,23;1,0,27,17,27,18,25,18,25,15,27,15;0,1,15,20,15,21,16,21,16,24;1,0,22,22,23,22;0,-1,24,18,24,15;0,1,20,24,20,23,23,23,23,24;0,-1,23,16,23,20,22,20,22,19;0,-1,15,19,16,19,16,20,18,20,18,19;0,-1,21,19,19,19,19,22,21,22,21,21;-1,0,13,44,13,42,11,42,11,44,8,44,8,40,4,40;1,0,26,2,23,2,23,0,18,0,18,3,22,3;0,1,33,9,37,9,37,14,39,14,39,17,35,17,35,18;0,-1,0,26,0,24,1,24,1,28,5,28,5,23;1,0,20,39,20,41,23,41,23,46,26,46,26,45,30,45;0,-1,5,21,5,18,0,18,0,14,3,14,3,12;-1,0,0,34,0,32,2,32,2,37,6,37,6,39,3,39;1,0,20,7,20,5,24,5,24,3,29,3;0,1,40,28,37,28,37,26,33,26,33,30;-1,0,15,7,13,7,13,6,16,6,16,8,12,8;1,0,35,21,35,25,32,25,32,28,31,28,31,31,33,31;-1,0,7,2,7,7,9,7,9,12,4,12,4,7,2,7;1,0,25,43,25,39,22,39,22,37,17,37,17,38,19,38;-1,0,5,31,5,36,3,36,3,33,4,33,4,29,1,29;1,0,30,33,34,33,34,29,39,29;0,1,34,39,30,39,30,36,32,36,32,34,35,34,35,38;0,-1,27,0,27,2,31,2,31,6,35,6,35,4;0,1,32,43,31,43,31,45,33,45,33,40,35,40,35,42;-1,0,1,38,1,37,0,37,0,41,2,41,2,39,1,39;0,1,35,39,38,39,38,43,34,43,34,45;0,-1,28,1,30,1,30,0,32,0,32,3,35,3,35,2;0,1,15,46,15,45,17,45,17,42,22,42,22,43;0,-1,37,8,40,8,40,13,38,13,38,11;1,0,40,29,40,30,35,30,35,33,36,33,36,35,39,35;0,1,16,46,18,46,18,43,20,43,20,44;0,1,36,44,35,44,35,46,40,46,40,44,37,44,37,45;0,-1,3,15,3,17,5,17,5,15,10,15,10,12;0,1,9,46,9,45,4,45,4,42,2,42,2,44;0,-1,12,6,10,6,10,11,14,11,14,9,17,9,17,6;0,-1,12,0,15,0,15,3,17,3,17,5,12,5,12,4;0,1,3,45,0,45,0,42,1,42,1,43;0,-1,33,0,36,0,36,4,38,4,38,2;0,-1,5,9,5,11,6,11,6,8;-1,0,14,4,14,2,11,2,11,0,6,0,6,2,4,2;0,-1,0,8,0,6,3,6,3,3;1,0,38,26,38,23,40,23,40,18,36,18,36,22,38,22;0,-1,16,0,16,2,17,2,17,1;-1,0,4,24,3,24,3,20,1,20;-1,0,0,5,2,5,2,4,1,4;-1,0,4,27,4,25,2,25,2,23,1,23;1,0,30,3,30,7,32,7;1,0,40,38,36,38,36,37,37,37;1,0,37,34,38,34,38,32,36,32,36,31,39,31;1,0,32,10,32,8,33,8,33,7,36,7;0,-1,38,6,38,5,37,5,37,7,39,7,39,5;-1,0,4,23,4,19,3,19;-1,0,1,0,3,0,3,2,2,2;0,-1,40,1,40,4,39,4,39,1;-1,0,0,13,0,11,3,11,3,10,1,10;-1,0,3,32,3,30,1,30;-1,0,0,20,0,22,2,22,2,21,1,21;0,-1,38,27,39,27,39,24,41,24,41,19;0,1,42,39,39,39,39,43,41,43,41,47;-1,0,0,46,2,46,2,48,7,48,7,46,3,46;0,-1,42,14,42,18,41,18,41,14;0,1,16,44,16,42,14,42,14,45;-1,0,1,7,1,8,3,8,3,9,2,9;0,1,29,48,29,46,33,46,33,47;0,-1,40,5,40,7,41,7,41,5;1,0,42,46,42,42,40,42,40,41,41,41;0,1,19,44,19,45,21,45,21,47;0,-1,42,7,42,4,41,4,41,3;1,0,42,22,42,25,40,25,40,26,41,26;1,0,36,36,38,36,38,37,40,37;0,1,8,46,8,48,10,48,10,45,13,45,13,46;1,0,42,32,39,32,39,33,40,33;0,1,12,48,12,46,11,46,11,47;0,-1,41,34,44,34,44,30,43,30,43,26;-1,0,11,48,11,49,8,49;0,-1,43,17,43,15,44,15,44,10,43,10,43,7;1,0,2,49,7,49,7,50,12,50,12,49,14,49;0,1,38,50,38,47,35,47,35,49;0,1,39,50,40,50,40,49,44,49,44,45,43,45,43,48;0,1,13,48,13,47,16,47,16,49;1,0,44,38,44,35,41,35,41,38,42,38;0,1,23,49,20,49,20,46,19,46,19,48;0,1,21,48,22,48,22,47,25,47,25,49;0,1,22,50,27,50,27,46,28,46,28,48
45,45|-1,0,8,12,7,12;-1,0,6,14,5,14;-1,0,9,13,8,13;0,-1,5,16,5,15;-1,0,8,14,7,14;0,-1,7,9,7,8;-1,0,7,15,6,15;-1,0,9,8,8,8;-1,0,7,16,6,16;-1,0,7,17,6,17;-1,0,7,18,6,18;-1,0,9,9,8,9;0,1,35,30,35,31;1,0,33,32,34,32;-1,0,10,14,9,14;-1,0,9,11,8,11;1,0,33,31,34,31;-1,0,10,12,9,12;1,0,34,29,35,29;0,1,17,34,17,35;1,0,32,31,32,30,34,30;1,0,31,32,32,32;1,0,27,30,31,30;1,0,28,31,31,31;-1,0,12,14,11,14;0,-1,10,6,10,8,13,8,13,6;0,1,30,29,30,27,33,27,33,29;0,-1,7,10,10,10,10,9;-1,0,11,13,10,13;0,1,18,33,18,35;0,1,26,34,26,33,24,33,24,34;0,-1,17,8,17,6;1,0,36,26,35,26,35,28,36,28;0,-1,25,6,24,6,24,5;1,0,35,25,36,25;0,-1,17,9,17,10,16,10,16,9;-1,0,7,20,9,20,9,21,8,21;0,1,19,34,21,34,21,35;0,1,33,21,33,25,34,25,34,27;0,1,25,29,25,32,27,32,27,36;0,-1,23,8,23,5;0,-1,19,8,19,9,21,9,21,7;0,-1,22,9,22,6;-1,0,10,25,9,25;0,1,23,28,23,29,24,29,24,30;1,0,35,24,35,20,36,20;0,1,27,28,27,27,26,27,26,28;0,-1,8,19,8,15;1,0,20,32,20,33,22,33;0,1,24,28,25,28,25,26,28,26,28,29;0,1,32,26,32,25,29,25,29,27;1,0,19,33,19,31,21,31;-1,0,11,9,11,11,10,11;0,1,26,25,25,25,25,24,24,24,24,27;0,-1,9,18,10,18,10,16,9,16,9,15;-1,0,11,24,10,24;1,0,17,33,17,32,18,32;1,0,26,6,26,8,27,8;0,1,19,25,19,27,20,27,20,30;-1,0,12,9,12,12,11,12;0,-1,29,10,27,10,27,9;-1,0,14,15,11,15;0,1,13,32,13,33,16,33,16,35;0,-1,26,9,24,9,24,8;0,1,18,30,18,31,16,31,16,32;0,1,30,24,30,23,31,23,31,24;1,0,15,32,15,31,13,31,13,28,15,28;0,1,13,25,11,25,11,27,12,27,12,29;0,-1,27,13,27,11,30,11,30,10;0,1,33,20,34,20,34,23;0,-1,14,11,14,10;0,-1,11,19,11,16;-1,0,13,9,13,13,12,13;1,0,31,16,32,16,32,19,36,19;0,1,15,25,15,26;0,1,29,24,29,23,27,23,27,25;-1,0,15,11,15,12,14,12,14,14,13,14;-1,0,9,22,10,22,10,19,9,19;-1,0,15,13,15,16,12,16;0,-1,25,13,25,10,23,10,23,9;0,-1,11,20,13,20,13,19;0,1,18,25,18,26;0,-1,11,22,11,21,14,21,14,19;-1,0,14,25,14,24,12,24;0,-1,18,14,16,14,16,11,18,11,18,7;-1,0,14,22,13,22,13,23,12,23;0,-1,27,14,26,14,26,11;0,-1,30,18,30,19,31,19,31,17;1,0,26,16,26,15,27,15;0,-1,31,21,31,20,29,20,29,19;-1,0,19,16,19,15,16,15;-1,0,15,24,16,24,16,23,14,23;0,1,22,23,20,23,20,24;0,-1,22,16,25,16,25,15;-1,0,20,17,17,17,17,18,16,18;0,1,28,21,28,22,32,22,32,23;1,0,16,25,17,25,17,24,19,24;0,1,19,23,17,23,17,21,15,21,15,22;0,1,25,21,26,21,26,22,24,22,24,23;0,1,28,18,28,20,27,20,27,22;-1,0,19,18,20,18,20,19,16,19;-1,0,23,17,25,17,25,18,22,18;0,1,24,20,22,20,22,21;1,0,17,20,21,20,21,19,23,19;1,0,16,6,15,6,15,4,18,4,18,1,23,1;0,-1,2,18,0,18,0,14,4,14,4,9;-1,0,22,36,17,36,17,37,12,37;0,1,4,21,7,21,7,24,3,24,3,29;1,0,23,34,22,34,22,35,26,35,26,37,30,37;1,0,39,29,41,29,41,24,37,24,37,20,40,20;1,0,34,8,34,3,30,3,30,0,25,0,25,2,28,2;0,1,41,34,40,34,40,32,35,32,35,33,33,33,33,35;-1,0,7,4,7,0,11,0,11,3,8,3;-1,0,32,36,32,38,36,38,36,41,41,41,41,39,37,39;-1,0,13,38,18,38,18,41,16,41,16,39,12,39;1,0,37,1,34,1,34,0,31,0,31,2,34,2;-1,0,3,7,3,5,6,5,6,3,3,3;0,-1,39,23,39,22,41,22,41,19,38,19,38,18;0,-1,11,6,12,6,12,3,16,3,16,1;1,0,30,12,30,13,28,13,28,15,30,15;-1,0,10,40,10,36,12,36,12,35,9,35,9,32,4,32;0,1,3,32,3,37,6,37,6,40;1,0,37,8,37,5,35,5,35,2,37,2;1,0,33,16,33,17,34,17,34,15,31,15,31,13,32,13;1,0,38,13,38,15,36,15,36,12,38,12;0,-1,17,3,17,0,12,0,12,2,13,2,13,1;0,-1,1,8,3,8,3,13,1,13,1,12;0,-1,39,17,39,12,41,12,41,9,40,9,40,5;0,-1,0,10,0,5,2,5,2,3;0,1,29,38,29,39,33,39,33,40;1,0,33,37,33,36,37,36,37,38,38,38;0,1,22,37,19,37,19,40,23,40,23,36,24,36,24,38;1,0,36,0,41,0,41,4,36,4,36,3,37,3;0,-1,3,2,3,0,0,0,0,4,1,4,1,3;0,1,4,15,1,15,1,17,5,17,5,19,2,19,2,21;0,1,6,33,6,36,9,36,9,39;1,0,38,31,36,31,36,30,38,30;0,1,1,19,0,19,0,20,1,20,1,24;-1,0,2,24,2,28,1,28;0,1,21,41,25,41,25,38,26,38,26,39;-1,0,7,40,9,40,9,41,5,41,5,39,3,39;0,1,2,33,2,29,1,29,1,31;0,1,1,33,0,33,0,35,1,35,1,37;0,1,32,40,30,40,30,41,35,41,35,39,34,39,34,40;0,-1,4,0,6,0,6,2,5,2,5,1;1,0,39,38,39,33,36,33,36,34,34,34,34,35,38,35;0,1,31,43,31,42,29,42,29,40,26,40,26,42;1,0,39,31,39,30,40,30,40,31,42,31;0,1,3,38,1,38,1,41;0,1,43,34,43,32,42,32,42,35;0,-1,43,26,43,28,42,28,42,23;0,-1,43,12,43,17,40,17,40,15,42,15,42,11;0,1,20,43,15,43,15,41,10,41,10,42;1,0,34,43,32,43,32,42,36,42;-1,0,9,43,6,43,6,42,1,42;0,1,37,42,39,42,39,43,43,43,43,40,42,40,42,42;-1,0,1,10,1,9,2,9,2,11,1,11;1,0,43,38,40,38,40,37,42,37;1,0,43,7,41,7,41,5,42,5;0,-1,21,2,21,4,24,4,24,2;0,-1,43,0,43,4,42,4,42,2;0,1,23,43,28,43,28,41,27,41,27,42;0,-1,45,39,45,42,44,42,44,38;0,-1,43,5,45,5,45,8,43,8,43,11,44,11,44,9;-1,0,43,45,40,45,40,44,38,44;-1,0,30,43,29,43,29,44,26,44;-1,0,28,45,25,45,25,44,23,44;-1,0,21,43,21,45,19,45,19,44,17,44;1,0,43,25,45,25,45,20,42,20,42,18,44,18;0,1,9,44,7,44,7,45,11,45,11,42,12,42,12,44;0,1,0,41,0,43,2,43,2,44;0,1,34,44,32,44,32,45,35,45,35,43,37,43,37,44;0,1,18,42,22,42,22,43;0,-1,44,0,45,0,45,4,44,4,44,1;1,0,44,26,45,26,45,29,43,29,43,31,44,31;1,0,41,35,40,35,40,36,42,36;0,1,1,44,0,44,0,45,3,45,3,43,5,43,5,44;0,1,12,45,14,45,14,42,13,42,13,43
44,47|-1,0,10,31,9,31;-1,0,6,22,5,22;-1,0,15,31,14,31;0,1,7,26,7,27;-1,0,15,32,14,32;-1,0,7,21,6,21;-1,0,7,20,6,20;0,-1,6,24,6,23;0,1,7,24,7,25;0,1,7,22,7,23;-1,0,8,19,7,19;-1,0,14,36,13,36;-1,0,17,31,16,31;-1,0,9,24,8,24;-1,0,9,17,8,17;0,1,20,36,20,37;-1,0,13,33,13,34,12,34;-1,0,8,28,8,30,11,30,11,28,9,28;-1,0,19,37,19,38,17,38,17,37,16,37;0,-1,14,9,12,9,12,8;-1,0,8,23,8,20,9,20,9,18,8,18;-1,0,18,29,16,29;0,1,11,27,11,26,9,26,9,27;0,-1,12,12,12,11,14,11,14,10;0,1,10,24,11,24,11,25,8,25,8,27;-1,0,16,30,18,30,18,32,16,32;0,-1,10,13,11,13,11,10;0,-1,12,15,13,15,13,12;-1,0,20,31,19,31;-1,0,17,7,17,6,16,6;0,-1,34,12,34,10;-1,0,14,22,13,22;0,1,12,35,15,35,15,36;0,-1,33,9,30,9,30,7;0,1,23,35,23,33,24,33,24,35;-1,0,18,33,15,33,15,34,14,34;0,1,34,24,35,24,35,27;1,0,31,10,31,11,33,11;0,1,35,21,35,23;-1,0,20,34,17,34,17,36,16,36;0,-1,29,12,30,12,30,10,29,10,29,7;-1,0,12,26,12,24,13,24,13,23,10,23;0,1,32,30,32,29,29,29,29,31;-1,0,18,35,22,35,22,33,19,33;0,1,27,31,27,34;1,0,26,27,28,27,28,28,32,28;-1,0,17,13,19,13,19,14,18,14;-1,0,20,12,18,12;0,1,13,25,14,25,14,28;0,-1,27,11,27,9,28,9,28,8;-1,0,10,18,10,21,9,21;0,1,32,21,32,23;0,1,16,24,15,24,15,25;0,1,25,30,25,31,26,31,26,33;0,1,16,23,14,23,14,24;0,-1,31,14,31,13,33,13,33,12;-1,0,15,20,15,21,14,21;0,-1,12,16,11,16,11,15;-1,0,21,30,21,32,19,32;-1,0,22,30,22,29,20,29,20,28,18,28;-1,0,15,22,18,22,18,23,17,23;0,1,30,22,30,24,31,24,31,26;0,1,29,22,29,24;-1,0,19,7,18,7,18,8,16,8;1,0,32,14,32,17,35,17;-1,0,12,17,10,17,10,15,8,15;0,1,23,29,24,29,24,30,23,30,23,31;0,-1,11,19,11,18,13,18,13,16;0,-1,16,17,15,17,15,16;-1,0,25,29,26,29,26,28,22,28;1,0,31,18,32,18;0,-1,29,13,28,13,28,10;0,-1,21,5,21,6,18,6,18,5;0,1,32,20,33,20,33,24;1,0,24,26,21,26,21,27,25,27;-1,0,19,27,19,26,18,26;0,-1,20,7,22,7,22,5;0,1,19,21,19,25,20,25,20,27;0,-1,17,18,14,18,14,15;0,1,22,23,22,24,21,24,21,25;0,-1,22,8,26,8,26,7;0,1,30,18,30,19,34,19,34,23;0,-1,31,16,31,17,30,17,30,14;0,1,27,22,26,22,26,24;0,1,27,21,28,21,28,25;0,1,22,22,23,22,23,24;0,-1,29,15,29,14;1,0,27,12,27,14,28,14,28,16,29,16;0,-1,27,16,27,15;1,0,19,8,21,8;-1,0,18,11,20,11,20,9,19,9;0,-1,26,14,26,15,25,15,25,12;0,1,25,21,25,22,24,22,24,24;0,1,28,20,28,18,29,18,29,19;0,-1,19,17,18,17,18,15;0,-1,23,11,22,11,22,9;-1,0,21,9,21,12,23,12,23,14,20,14;1,0,26,21,26,20,27,20;0,-1,23,17,20,17,20,16;1,0,24,12,24,16,26,16;0,1,18,20,18,19,16,19,16,21;1,0,27,19,25,19,25,18,27,18;-1,0,19,20,20,20,20,18,18,18;0,-1,23,20,21,20,21,19;1,0,21,23,21,21,24,21,24,17,27,17;0,1,1,17,2,17,2,15,0,15,0,18,3,18,3,23;0,1,7,31,7,35,2,35,2,39;-1,0,33,38,29,38,29,43,27,43,27,42,24,42;-1,0,37,9,34,9,34,8,31,8,31,4,26,4;-1,0,20,42,15,42,15,37,14,37,14,41,10,41;-1,0,18,3,18,4,15,4,15,0,20,0,20,2,17,2;0,-1,16,7,12,7,12,2;0,-1,37,28,35,28,35,30,40,30,40,26,39,26,39,21;0,-1,37,14,40,14,40,10,39,10,39,7;0,-1,32,3,27,3,27,2,25,2,25,4,21,4,21,3;0,1,1,38,0,38,0,43,3,43,3,38,5,38,5,40;0,-1,24,1,26,1,26,0,29,0,29,2,31,2,31,1;1,0,38,18,38,21,36,21,36,17,39,17;-1,0,3,34,5,34,5,30,7,30,7,28,4,28;-1,0,15,5,15,6,14,6,14,1,10,1;0,1,8,31,8,34,9,34,9,37;1,0,36,37,31,37,31,36,28,36,28,32,30,32;0,1,32,32,36,32,36,36,38,36,38,41;-1,0,1,36,1,31,3,31,3,28,2,28;0,-1,9,6,9,9,11,9,11,4,6,4,6,1;0,-1,21,2,21,0,22,0,22,3,23,3,23,1;0,-1,40,1,40,5,35,5,35,2;0,-1,3,14,3,9,5,9,5,5;0,-1,12,0,7,0,7,3,8,3,8,1;0,1,33,40,33,42,35,42,35,39,30,39,30,40;-1,0,0,19,0,22,2,22,2,19,1,19;0,-1,31,0,36,0,36,4,38,4,38,2;-1,0,1,0,5,0,5,3,2,3;1,0,32,40,31,40,31,43,36,43,36,42,39,42;0,1,8,35,8,38,6,38,6,42;-1,0,2,10,0,10,0,8,4,8,4,6,1,6;0,1,23,41,27,41,27,36,25,36,25,38,21,38,21,42;0,1,10,36,12,36,12,38,9,38,9,40;1,0,37,34,37,35,40,35,40,31,37,31,37,33,38,33;-1,0,4,25,2,25,2,27,5,27,5,24,4,24;1,0,39,12,36,12,36,14,33,14,33,16,34,16;-1,0,0,1,4,1,4,2,3,2;1,0,40,17,40,15,37,15,37,16,39,16;-1,0,0,26,0,30,2,30,2,29,1,29;0,1,23,40,26,40,26,39,22,39,22,40;0,1,4,41,5,41,5,43,7,43,7,39,8,39,8,41;1,0,35,8,36,8,36,6,39,6;-1,0,2,7,0,7,0,4,4,4,4,5,3,5;-1,0,0,12,0,14,2,14,2,13,1,13;0,1,11,45,8,45,8,42,11,42,11,43;1,0,41,29,41,33,42,33,42,36,39,36,39,40,41,40;0,-1,42,11,42,14,41,14,41,11;0,-1,42,6,42,10,41,10,41,6;0,1,12,45,14,45,14,42,12,42,12,44;0,1,19,44,19,45,21,45,21,43,16,43,16,44;1,0,41,17,41,15,42,15,42,18,39,18,39,20,40,20;0,-1,42,0,42,5,41,5,41,4;1,0,40,45,37,45,37,44,40,44;1,0,42,37,40,37,40,39,41,39;1,0,41,22,41,24,42,24,42,21,40,21,40,25,41,25;0,1,42,43,42,41,41,41,41,43;-1,0,4,44,7,44,7,45,3,45,3,44,1,44;0,1,30,43,30,45,26,45,26,43,24,43,24,44;1,0,8,46,6,46,6,47,9,47,9,46,13,46;0,1,43,39,43,35,44,35,44,30,43,30,43,32;1,0,44,46,41,46,41,44,42,44;0,-1,43,20,43,23,44,23,44,19,43,19,43,16;0,1,23,44,23,42,22,42,22,46;0,-1,44,11,44,14,43,14,43,10;0,1,11,47,14,47,14,46,17,46,17,44,18,44,18,46;0,-1,44,10,44,6,43,6,43,3;0,1,29,46,27,46,27,47,32,47,32,44,36,44,36,45;0,1,38,47,33,47,33,45,35,45,35,46;0,1,0,47,0,45,2,45,2,46;0,-1,44,5,44,2,43,2,43,1;1,0,41,38,42,38,42,40,43,40;1,0,43,28,44,28,44,26,41,26,41,28,42,28;0,1,25,47,25,45,24,45,24,46
42,50|1,0,31,19,32,19;1,0,31,18,32,18;0,1,5,37,5,38;1,0,32,17,33,17;0,1,6,37,6,38;-1,0,8,14,7,14;0,1,14,40,14,41;0,1,10,40,10,41;0,-1,16,7,16,6;1,0,29,19,30,19;0,1,8,39,8,40;-1,0,7,30,6,30;0,1,5,35,5,36,7,36,7,39;1,0,30,18,29,18,29,17,31,17;1,0,29,20,31,20,31,22,32,22;-1,0,9,41,9,38,8,38;-1,0,10,39,10,38,11,38,11,37,10,37;0,1,5,32,6,32,6,35;1,0,29,24,29,21,30,21;1,0,28,30,29,30;0,1,9,32,9,33;1,0,28,19,28,16,30,16;-1,0,15,6,15,8,12,8;0,-1,9,11,9,10,12,10,12,9;0,1,19,40,20,40,20,41;1,0,28,29,29,29;1,0,28,24,28,23,27,23,27,25,29,25;1,0,26,12,29,12,29,11,30,11;0,1,21,39,18,39,18,40;1,0,27,14,27,15,29,15;0,1,12,40,12,41;-1,0,13,9,13,11,11,11,11,12,8,12;0,1,27,33,27,36,25,36,25,39;-1,0,17,7,19,7,19,6,17,6;1,0,27,19,26,19,26,20,28,20;-1,0,20,8,18,8,18,9,14,9;0,-1,17,12,16,12,16,10;0,1,27,32,28,32,28,33;0,1,26,31,26,34;-1,0,7,31,6,31;-1,0,6,17,6,15,9,15,9,13,8,13;0,1,11,40,11,39,13,39,13,41;-1,0,10,13,10,16,7,16;-1,0,7,17,7,19,6,19;1,0,24,29,27,29,27,31,29,31;0,1,7,32,7,34;1,0,24,36,24,34,25,34;-1,0,23,7,23,6,20,6;0,-1,18,10,20,10,20,9;1,0,29,28,26,28,26,26,28,26;0,-1,27,9,27,10,26,10,26,8;1,0,21,38,23,38;1,0,25,22,27,22,27,21,28,21;1,0,24,11,23,11,23,12,24,12;1,0,24,37,21,37,21,35,23,35;1,0,23,5,24,5,24,8,25,8;1,0,24,9,25,9;-1,0,15,15,13,15;0,1,14,39,15,39,15,41;0,1,20,38,20,35,19,35,19,37;1,0,26,18,26,16,27,16;-1,0,13,38,12,38,12,36,11,36;0,1,14,36,14,38;0,1,12,35,13,35,13,37;0,1,18,35,18,38;-1,0,15,19,15,16,13,16,13,18,11,18;1,0,23,13,23,14,26,14,26,13,27,13;1,0,24,31,24,30,25,30;-1,0,17,38,17,41,16,41,16,37,15,37;-1,0,8,34,8,31,10,31,10,29,9,29;-1,0,15,13,15,12,14,12;-1,0,15,14,17,14,17,15,16,15;0,1,20,32,20,33,21,33,21,34;-1,0,12,31,12,33,10,33;-1,0,17,37,17,36,16,36,16,35,14,35;0,1,16,34,13,34,13,30,14,30,14,33;1,0,21,16,25,16,25,15,26,15;-1,0,14,20,10,20,10,22,9,22;1,0,23,34,22,34,22,32,23,32;0,-1,21,11,21,9,23,9,23,8;-1,0,16,13,18,13,18,16,17,16;0,-1,20,12,20,13,21,13,21,12;0,1,23,29,23,31,21,31,21,32;1,0,25,26,25,25,26,25;1,0,24,17,24,19,25,19;0,1,12,30,12,28,14,28,14,29;0,1,22,28,22,29,20,29,20,30;-1,0,22,15,19,15;1,0,23,22,23,21,25,21;1,0,19,14,22,14,22,10,25,10;0,-1,20,19,20,18;-1,0,16,19,17,19,17,18,16,18;0,1,22,27,22,25,23,25,23,28;0,1,23,24,24,24,24,26;1,0,17,30,17,29,19,29;-1,0,13,21,13,25,12,25,12,27,11,27;-1,0,15,23,14,23;0,-1,19,18,19,20,23,20,23,17;1,0,22,21,22,23,25,23;0,1,15,28,15,25,16,25,16,29;0,-1,19,23,19,21,18,21,18,17;0,1,18,25,18,27,17,27,17,28;0,-1,19,25,19,24,18,24,18,22;-1,0,15,22,15,20,16,20,16,24,14,24;0,1,21,22,21,24,20,24,20,25;0,-1,3,15,3,11,1,11,1,7;0,-1,33,23,33,20,38,20,38,18,37,18,37,15;-1,0,8,43,13,43,13,44,16,44,16,42,13,42;1,0,4,44,4,42,7,42,7,46,12,46,12,45,14,45;0,-1,38,17,38,13,35,13,35,8;1,0,34,31,34,28,38,28,38,25,35,25,35,22,37,22;1,0,21,46,26,46,26,44,30,44;-1,0,1,30,4,30,4,35,2,35;-1,0,0,19,3,19,3,22,5,22,5,17,2,17;-1,0,2,27,2,29,5,29,5,25,1,25;0,1,19,45,24,45,24,43,29,43,29,38,34,38,34,41;1,0,20,5,15,5,15,3,17,3;-1,0,30,10,30,7,26,7,26,4,24,4,24,1,22,1;0,1,1,34,3,34,3,32,0,32,0,36,1,36,1,39;1,0,36,46,34,46,34,44,36,44;0,-1,22,2,22,5,21,5,21,4,18,4,18,1;1,0,22,43,22,41,26,41,26,37,31,37;0,-1,5,4,4,4,4,1,1,1,1,6,6,6,6,4;0,-1,35,4,37,4,37,7,32,7,32,3;0,1,23,44,20,44,20,42,17,42,17,45;1,0,25,0,25,2,28,2,28,0,33,0,33,2,35,2;0,1,35,29,35,31,37,31,37,36;0,1,36,39,38,39,38,42,37,42,37,44;0,1,35,42,33,42,33,39,32,39,32,44;0,-1,24,0,21,0,21,3,19,3,19,2;0,1,1,46,6,46,6,43,5,43,5,45;-1,0,2,10,2,9,7,9,7,13,5,13,5,16,4,16;0,1,30,41,30,39,31,39,31,44;-1,0,3,16,2,16,2,14,1,14;1,0,33,3,33,6,34,6,34,3,37,3;0,-1,20,2,20,0,17,0,17,2,15,2,15,1;1,0,29,32,29,33,32,33,32,37,33,37;0,-1,5,1,5,3,8,3,8,6,13,6,13,1;1,0,38,21,38,24,36,24,36,23,37,23;0,-1,12,5,9,5,9,4,10,4,10,2,8,2,8,1;0,1,19,44,19,43,18,43,18,45;-1,0,8,29,6,29,6,27,8,27,8,24,4,24;1,0,33,35,34,35,34,37,35,37;1,0,36,8,38,8,38,12,36,12,36,9,37,9;-1,0,4,38,4,40,7,40,7,41,3,41;0,-1,12,0,12,3,11,3,11,1;-1,0,4,26,4,28,3,28,3,26,1,26;1,0,34,0,36,0,36,2,37,2;0,-1,9,9,9,7,14,7,14,3;-1,0,4,45,3,45,3,44,1,44;-1,0,0,22,0,24,2,24,2,21,1,21;0,1,35,43,33,43,33,45;-1,0,2,39,2,36,3,36,3,40,1,40;-1,0,0,40,0,43,3,43,3,42,2,42;1,0,38,32,38,30,36,30,36,29,37,29;-1,0,4,21,4,18,2,18;0,-1,2,0,7,0,7,2,6,2,6,1;1,0,36,40,37,40,37,41,35,41,35,38,36,38;1,0,35,34,33,34,33,33,36,33,36,37,37,37;-1,0,0,13,2,13,2,12,1,12;0,1,32,45,29,45,29,46,33,46,33,47;0,-1,40,35,39,35,39,30,40,30,40,26,39,26,39,21;1,0,32,48,34,48,34,47,36,47;1,0,40,4,40,1,38,1,38,5,39,5;0,1,12,47,15,47,15,45,16,45,16,47;1,0,40,45,37,45,37,47,39,47;-1,0,6,48,11,48,11,47,7,47;0,1,24,48,24,47,27,47,27,45,28,45,28,47;0,1,14,48,19,48,19,46,17,46,17,47;-1,0,5,48,4,48,4,47,1,47;-1,0,33,50,29,50,29,49,24,49;-1,0,15,50,17,50,17,49,14,49;0,1,41,4,42,4,42,9,41,9,41,11;0,1,37,38,38,38,38,36,39,36,39,38,41,38,41,42;1,0,42,25,42,22,41,22,41,20,39,20,39,18,40,18;1,0,41,29,42,29,42,32,40,32,40,34,41,34;1,0,34,50,36,50,36,49,39,49;1,0,42,11,42,16,39,16,39,12,40,12;0,1,42,41,42,46,40,46,40,48
42,50|1,0,31,14,32,14;1,0,31,15,32,15;-1,0,9,39,8,39;-1,0,7,33,6,33;1,0,32,16,33,16;-1,0,11,40,10,40;-1,0,6,36,5,36;-1,0,7,34,6,34;-1,0,7,35,6,35;0,-1,29,7,29,6;0,1,15,38,15,39;-1,0,13,40,12,40;0,1,14,38,14,39;-1,0,11,39,10,39;1,0,32,11,33,11;0,1,10,37,10,38;0,1,11,37,11,38;-1,0,8,35,8,36,7,36,7,37,6,37;0,1,13,38,13,39;0,1,14,37,12,37,12,39;0,-1,27,8,27,6;0,1,16,40,16,39,20,39,20,41;0,1,15,35,15,37;0,-1,26,8,26,7,25,7,25,5;0,-1,20,6,19,6,19,5;1,0,30,9,32,9,32,10,33,10;-1,0,12,36,9,36,9,38,7,38;0,1,16,37,16,34,14,34,14,36;-1,0,10,10,11,10,11,11,10,11;0,-1,32,12,31,12,31,10,29,10,29,8;0,1,16,33,17,33,17,35;0,-1,26,9,28,9,28,7;1,0,30,15,30,13,31,13;0,1,17,32,18,32,18,36;0,1,18,31,18,30,19,30,19,32;-1,0,13,36,13,35,9,35;-1,0,22,35,22,38,21,38;0,1,19,29,17,29,17,31;0,-1,18,5,18,6,15,6,15,5;0,1,16,28,16,30;0,1,6,30,7,30,7,32;0,1,15,28,15,30,14,30,14,32;-1,0,10,14,10,16,8,16;-1,0,12,10,13,10,13,9,10,9;-1,0,8,30,8,29,6,29;0,1,20,34,24,34,24,37;0,1,23,31,23,33;0,-1,11,17,11,13,12,13,12,11;1,0,29,13,28,13,28,11,30,11;0,1,22,31,22,29,23,29,23,30;-1,0,8,21,7,21;0,1,9,34,9,32,10,32,10,33;0,1,15,27,14,27,14,29;-1,0,14,11,13,11;0,1,12,34,12,31,8,31,8,34;1,0,28,17,28,21,29,21;-1,0,12,14,12,16,14,16,14,14,13,14;0,1,24,31,24,33,25,33,25,35;-1,0,13,8,16,8,16,10,14,10;1,0,26,10,28,10;1,0,28,15,29,15,29,16,31,16;-1,0,20,8,17,8,17,7,15,7;-1,0,22,8,22,7,21,7;0,-1,14,12,16,12,16,11;0,-1,27,11,25,11,25,8;0,1,11,30,11,29,9,29,9,30;0,1,15,24,16,24,16,27;0,1,17,28,17,25,18,25,18,28;1,0,25,17,25,18,26,18;1,0,24,18,24,19,27,19;0,-1,20,9,23,9,23,8;0,-1,25,13,25,12,24,12,24,9;0,-1,8,17,8,20,9,20,9,18;-1,0,10,23,7,23;1,0,26,12,26,13,27,13;-1,0,16,13,16,15,15,15;0,-1,18,10,18,9;0,-1,19,12,19,9;0,-1,25,14,23,14,23,10;1,0,25,16,28,16;0,-1,18,12,18,13,17,13,17,9;0,1,8,26,10,26,10,28,12,28,12,30;0,-1,12,17,15,17,15,16;0,-1,10,20,10,19,11,19,11,18;1,0,23,26,25,26;0,-1,10,21,11,21,11,20;1,0,22,15,26,15,26,14,27,14;0,1,21,29,21,27,19,27,19,28;1,0,24,16,23,16,23,17,24,17;-1,0,8,22,11,22,11,24,9,24;-1,0,17,14,20,14,20,13,19,13;-1,0,14,23,12,23,12,25,8,25;1,0,21,14,21,16,22,16;0,-1,19,15,19,16,20,16,20,15;-1,0,26,27,22,27,22,26,21,26;0,1,25,21,26,21,26,22,23,22,23,25;0,-1,19,17,22,17,22,19,23,19,23,18;0,1,14,21,12,21,12,22,16,22,16,23;0,1,13,18,15,18,15,21;-1,0,18,16,18,18,16,18;0,1,17,22,19,22,19,23,17,23,17,24;0,1,16,19,18,19,18,20;1,0,20,20,22,20;1,0,22,25,22,21,24,21;0,1,19,20,19,21,21,21,21,25;0,-1,6,40,6,38,3,38,3,34;1,0,38,16,34,16,34,11,35,11;0,-1,24,2,29,2,29,0,33,0,33,3,37,3,37,1;-1,0,2,25,2,23,0,23,0,21,4,21,4,26,1,26;-1,0,21,42,21,44,19,44,19,40,17,40,17,41,14,41;0,-1,8,9,8,13,5,13,5,8;-1,0,16,5,17,5,17,4,19,4,19,3,14,3;0,-1,8,5,8,8,6,8,6,6,4,6,4,1;1,0,38,15,38,10,37,10,37,15,35,15,35,12,36,12;1,0,24,44,24,42,22,42,22,39,25,39,25,44,28,44;0,1,7,46,11,46,11,44,7,44,7,40,9,40,9,42;0,-1,9,15,7,15,7,20,4,20,4,19,2,19,2,14;1,0,21,0,21,3,26,3,26,5,27,5,27,4,31,4;1,0,30,22,30,23,32,23,32,21,30,21,30,17,33,17;1,0,34,17,36,17,36,18,31,18,31,20,36,20;0,1,38,21,38,17,37,17,37,21;-1,0,1,24,0,24,0,27,4,27,4,31,1,31;0,1,0,33,2,33,2,35,1,35,1,39;0,1,33,26,33,21,36,21,36,23;0,1,38,26,38,29,37,29,37,26,35,26,35,30;1,0,33,33,33,38,28,38,28,40,32,40,32,44,37,44;0,-1,4,7,4,9,0,9,0,13,2,13,2,10;0,-1,2,6,0,6,0,8,3,8,3,7;0,-1,15,0,13,0,13,4,14,4,14,6,12,6,12,2;0,1,0,41,2,41,2,39,5,39,5,43;0,1,23,38,27,38,27,41,31,41,31,44;-1,0,5,5,5,0,3,0,3,1,2,1;0,-1,12,7,12,8,10,8,10,5;1,0,30,3,30,1,32,1,32,4,34,4,34,5,37,5;1,0,38,44,38,40,33,40,33,42,35,42;0,1,30,46,30,42,29,42,29,45;0,1,12,42,12,43,10,43,10,41,13,41,13,45;0,-1,12,0,10,0,10,1,6,1,6,4,8,4,8,2;0,1,4,45,4,42,1,42,1,44;-1,0,2,44,2,43,3,43,3,45,1,45;0,1,23,46,23,43,22,43,22,44;-1,0,2,0,0,0,0,2,3,2,3,4,2,4;1,0,22,28,25,28,25,32,27,32;1,0,36,28,36,33,34,33,34,38,37,38;0,1,17,42,17,44,14,44,14,42,16,42,16,43;-1,0,5,27,5,31,6,31,6,32,5,32;-1,0,1,30,1,28,3,28,3,30,2,30;0,-1,28,1,24,1,24,0,22,0,22,2,23,2,23,1;0,1,6,41,6,44,5,44,5,45;1,0,38,5,38,9,33,9,33,8,37,8;1,0,34,30,32,30,32,27,34,27,34,24,36,24;0,-1,23,7,23,5,20,5,20,3;1,0,38,36,38,34,35,34,35,36,37,36;0,-1,14,1,15,1,15,2,19,2,19,1;0,-1,36,0,34,0,34,2,36,2,36,1;1,0,37,46,32,46,32,45,35,45;0,1,10,45,6,45,6,46;-1,0,22,45,17,45,17,47,14,47;0,1,40,26,40,30,37,30,37,32,39,32,39,34;-1,0,2,48,6,48,6,47,3,47;0,-1,40,6,39,6,39,10,40,10,40,15,39,15,39,11;1,0,22,46,22,48,18,48,18,47,19,47;1,0,39,25,37,25,37,23,39,23;0,1,14,45,16,45,16,46,13,46,13,47;0,-1,36,4,38,4,38,1;0,1,40,44,40,41,39,41,39,44;1,0,40,39,38,39,38,38,39,38;0,1,26,48,28,48,28,45,26,45,26,47;1,0,29,46,29,48,30,48,30,47,33,47;0,-1,37,0,40,0,40,5,39,5,39,4;0,1,30,49,28,49,28,50,24,50,24,45,25,45,25,47;0,1,41,37,41,42,42,42,42,47,40,47,40,49;0,1,36,45,39,45,39,46;0,1,35,50,35,47,37,47,37,48;0,1,8,47,8,48,13,48,13,49;1,0,36,37,39,37,39,35,40,35;0,-1,42,29,42,24,41,24,41,22;0,-1,42,23,42,21,41,21,41,20;0,1,14,50,14,48,17,48,17,49;-1,0,5,46,2,46,2,47,1,47
46,45|-1,0,6,12,5,12;0,-1,6,11,6,10;0,-1,6,14,6,13;1,0,35,26,36,26;0,-1,7,11,7,10;0,-1,6,16,6,15;0,-1,7,13,7,12;1,0,35,25,36,25;1,0,34,31,35,31;1,0,34,30,35,30;-1,0,9,11,8,11;0,-1,7,15,7,14;1,0,35,24,36,24;-1,0,9,10,8,10;-1,0,8,16,7,16;1,0,34,27,35,27;-1,0,8,17,7,17;1,0,33,25,34,25;0,-1,22,11,22,10;-1,0,10,20,9,20;0,-1,22,12,21,12,21,10;1,0,31,26,34,26;0,-1,18,9,17,9,17,6;1,0,33,27,33,28,36,28;1,0,29,25,31,25;-1,0,11,26,11,24,10,24;0,-1,25,10,26,10,26,8,24,8,24,6;0,-1,29,10,28,10,28,6;0,-1,19,15,19,12;0,-1,23,13,23,12;1,0,30,27,32,27,32,29,36,29;1,0,15,7,15,8,16,8;0,1,13,32,13,31,15,31,15,32;0,-1,26,12,27,12,27,9;-1,0,13,30,12,30,12,28,10,28;-1,0,7,18,10,18,10,19,8,19;0,-1,14,10,16,10,16,9;-1,0,12,26,12,23,10,23;0,-1,20,14,20,12;0,-1,30,13,30,11;0,-1,18,15,18,12;0,-1,30,14,31,14,31,13;-1,0,9,21,12,21,12,20,11,20;0,1,37,23,34,23,34,24;-1,0,13,23,13,22,10,22;1,0,33,22,33,20,34,20,34,22,35,22;-1,0,17,32,16,32;1,0,28,11,29,11,29,15,30,15;-1,0,16,29,16,30,14,30;1,0,29,28,29,29,31,29;-1,0,13,26,13,27,11,27;0,-1,8,7,8,9,10,9,10,8;0,-1,17,15,17,14;1,0,28,26,30,26;1,0,11,7,11,9,13,9;1,0,13,10,11,10,11,11,12,11;0,-1,8,12,8,13,10,13,10,10;0,1,30,33,30,31,31,31,31,32;0,-1,26,17,26,16,28,16,28,12;1,0,32,22,32,23,33,23;-1,0,13,19,13,18,11,18;0,1,26,32,25,32,25,33;-1,0,16,20,15,20;1,0,31,22,31,19,33,19;0,1,26,31,27,31,27,34;-1,0,18,33,16,33;1,0,21,13,22,13;0,1,15,28,15,25,14,25,14,27;0,1,33,32,33,30,29,30,29,33;0,1,18,32,18,30,20,30,20,31;-1,0,16,31,17,31,17,28,16,28;1,0,22,15,22,14,24,14;-1,0,22,31,22,32,24,32,24,33,21,33;-1,0,16,21,14,21;0,-1,26,18,27,18,27,17;0,1,27,28,27,30,28,30,28,32;1,0,29,19,29,16,30,16;0,-1,27,20,26,20,26,19,28,19,28,17;0,-1,24,17,22,17,22,16,21,16,21,14;-1,0,9,16,9,15,8,15;-1,0,11,12,11,14,8,14;0,-1,27,21,30,21,30,20;0,-1,9,17,10,17,10,15,12,15,12,13;0,-1,13,16,13,13;-1,0,25,31,23,31,23,30,22,30;-1,0,14,16,14,17,11,17;0,-1,21,17,18,17,18,16;1,0,28,25,26,25,26,26,27,26;1,0,25,18,24,18,24,20,25,20;-1,0,26,30,24,30;1,0,24,21,26,21;-1,0,15,23,15,24,13,24;0,1,16,27,18,27,18,25,19,25,19,28;0,1,21,26,21,27;0,1,21,22,21,24,20,24,20,27;1,0,25,25,25,28,26,28;1,0,24,26,24,29,26,29;0,-1,14,19,15,19,15,15,14,15,14,14;0,-1,23,19,23,20,22,20,22,18;0,-1,16,19,17,19,17,16,16,16,16,13;-1,0,17,24,16,24,16,22,14,22;0,-1,19,19,19,18;0,1,28,24,27,24,27,22,24,22,24,23;0,-1,18,19,18,22,17,22,17,20;0,1,18,24,19,24,19,20,20,20,20,22;0,1,22,24,22,25,23,25,23,28;1,0,22,23,22,22,23,22;1,0,21,18,21,21,22,21;0,1,36,22,40,22,40,25,37,25,37,29,40,29,40,33;0,-1,19,9,22,9,22,5,25,5,25,1;-1,0,31,37,26,37,26,39,22,39,22,35,19,35;1,0,27,8,27,7,26,7,26,4,30,4,30,2,35,2;0,-1,4,25,6,25,6,22,4,22,4,18;0,-1,10,5,10,3,6,3,6,6,11,6,11,4;0,1,5,17,5,21,7,21,7,25,9,25,9,30;-1,0,17,41,17,40,14,40,14,37,12,37,12,32,10,32;0,1,5,15,4,15,4,11,0,11,0,15,3,15,3,17;-1,0,10,30,10,29,11,29,11,31,7,31,7,26,3,26;0,-1,41,18,39,18,39,20,42,20,42,16,41,16,41,13;0,-1,36,1,36,6,41,6,41,1;0,-1,21,8,19,8,19,3,14,3,14,8,12,8,12,7;0,1,0,35,0,31,2,31,2,36;1,0,41,41,37,41,37,39,39,39;0,1,1,38,3,38,3,34,6,34,6,38;0,-1,13,7,13,6,12,6,12,5,13,5,13,2;0,-1,26,3,29,3,29,0,24,0,24,4,22,4,22,1;0,1,6,33,6,32,9,32,9,34,7,34,7,36;1,0,40,27,40,26,38,26,38,28,40,28;0,-1,42,0,38,0,38,2,40,2,40,5,37,5,37,3;-1,0,2,25,2,27,5,27,5,28,2,28;-1,0,9,37,7,37,7,40,3,40;-1,0,0,22,0,18,3,18,3,21,2,21;-1,0,0,6,0,10,4,10,4,9,7,9,7,7,6,7;0,1,5,38,5,36,4,36,4,39,1,39,1,40;0,1,17,36,17,39,21,39,21,36,19,36,19,37;0,-1,14,1,12,1,12,3,11,3,11,2;0,-1,2,9,2,8,4,8,4,7;1,0,30,41,30,40,32,40,32,37,34,37;1,0,31,5,29,5,29,8,30,8;1,0,30,7,31,7,31,10,35,10;1,0,37,11,37,9,32,9,32,7,36,7;-1,0,3,2,6,2,6,1,1,1;1,0,24,34,24,36,28,36,28,34,29,34,29,36,32,36;0,-1,17,0,17,2,15,2,15,1;0,1,33,33,33,36,36,36,36,40;0,1,13,41,8,41,8,38,12,38,12,40;-1,0,2,20,2,19,1,19,1,23,5,23,5,24,4,24;1,0,42,7,42,9,40,9,40,13,38,13,38,9,39,9;-1,0,0,16,0,17,2,17,2,16,1,16;1,0,34,35,34,32,36,32,36,30,37,30,37,34,40,34;1,0,42,35,41,35,41,38,37,38,37,37,38,37;0,1,30,39,31,39,31,38,29,38,29,39;0,-1,23,0,18,0,18,2,19,2,19,1;-1,0,1,30,0,30,0,29,4,29,4,30,2,30;1,0,40,17,40,14,39,14,39,16,35,16,35,21,36,21;-1,0,5,6,4,6,4,3,1,3;-1,0,0,2,0,5,1,5,1,6,3,6,3,4,1,4;0,1,36,41,35,41,35,38,33,38,33,39;0,1,29,41,29,40,28,40,28,38,27,38,27,39;1,0,36,17,37,17,37,21,39,21;0,-1,14,0,10,0,10,2,9,2,9,1;0,-1,5,0,7,0,7,2,8,2,8,1;-1,0,17,42,17,43,15,43,15,42,11,42;1,0,41,24,44,24,44,27,41,27,41,29,43,29;-1,0,7,41,5,41,5,43,10,43,10,42,9,42;1,0,42,28,44,28,44,33,41,33,41,30,42,30;0,1,27,40,27,43,22,43,22,40,26,40,26,42;1,0,44,2,44,6,42,6,42,2,43,2;1,0,42,38,44,38,44,43,42,43,42,41,43,41;0,1,19,42,21,42,21,40,18,40,18,42;1,0,42,13,42,15,44,15,44,12,41,12,41,11,43,11;1,0,43,19,43,17,44,17,44,21,41,21,41,23,42,23;-1,0,2,43,4,43,4,42,2,42;0,1,34,39,34,41,32,41,32,42;0,-1,42,22,45,22,45,17;0,-1,41,10,43,10,43,9,45,9,45,4;-1,0,11,45,6,45,6,44,1,44;1,0,31,41,31,44,35,44;0,1,46,40,46,45,41,45,41,42,38,42,38,44;1,0,41,34,43,34,43,37,45,37;0,1,9,44,11,44,11,43,13,43,13,44;0,1,28,45,28,42,30,42,30,43;0,1,37,45,37,42,36,42,36,43;0,1,19,44,20,44,20,45,18,45,18,43,21,43,21,44;1,0,46,11,44,11,44,10,45,10;0,-1,46,0,46,3,45,3,45,2
42,48|0,1,9,39,9,40;1,0,34,12,35,12;1,0,34,14,35,14;1,0,33,13,34,13;1,0,32,14,33,14;0,1,6,34,6,35;0,1,5,32,5,33;0,-1,34,11,34,10;-1,0,6,26,5,26;1,0,34,15,35,15;1,0,32,15,33,15;1,0,34,16,35,16;1,0,32,12,33,12;-1,0,7,27,6,27;1,0,32,11,33,11;0,1,7,35,7,36;-1,0,7,25,6,25;0,1,10,40,10,41;0,1,5,30,5,31;0,1,6,32,6,33;-1,0,7,28,6,28;-1,0,8,26,7,26;0,1,7,33,7,34;-1,0,9,35,8,35;0,1,6,30,6,31;0,1,13,40,13,41;0,1,14,40,14,41;1,0,30,11,31,11;-1,0,9,37,8,37;-1,0,10,35,10,36,8,36;1,0,33,8,32,8,32,9,33,9;0,1,15,40,15,41;1,0,31,8,31,10,33,10;-1,0,11,41,11,39,10,39;-1,0,12,40,12,38,9,38;-1,0,19,5,20,5,20,8,19,8;0,-1,35,18,35,17,33,17,33,16;-1,0,23,7,21,7;1,0,27,5,27,8,29,8;-1,0,8,28,8,29,6,29;-1,0,25,5,22,5,22,6,21,6;0,-1,20,9,20,11,22,11,22,10;0,-1,15,10,15,12,17,12,17,11;0,-1,18,14,19,14,19,11;-1,0,9,28,9,27,8,27;0,-1,17,14,17,13,14,13,14,11;1,0,24,10,24,7,26,7;0,-1,19,16,20,16,20,14;-1,0,13,36,11,36,11,37,10,37;0,-1,31,15,31,12,28,12,28,11;1,0,23,9,23,11,24,11;0,1,11,31,9,31,9,33;0,1,7,30,7,32,8,32,8,34;0,1,10,30,8,30,8,31;-1,0,14,28,11,28,11,29,9,29;-1,0,26,13,24,13,24,12,23,12;0,1,8,23,9,23,9,26;-1,0,15,27,11,27;1,0,30,15,30,16,32,16;0,-1,10,17,10,18,9,18,9,17;0,-1,14,15,14,14;0,-1,11,16,11,17,12,17,12,14;-1,0,20,40,16,40,16,39,13,39;-1,0,14,36,15,36,15,35,14,35;0,-1,25,14,27,14,27,13;-1,0,10,24,11,24,11,23,10,23;0,1,15,38,17,38,17,37,20,37,20,38;1,0,30,18,28,18,28,17,30,17;-1,0,17,30,15,30;-1,0,14,32,15,32,15,33,13,33;1,0,28,14,28,16,29,16;-1,0,13,38,13,37,16,37,16,34,13,34;-1,0,10,19,10,21,9,21,9,22,8,22;0,-1,21,15,23,15,23,14;0,-1,27,15,24,15,24,14;0,1,19,34,17,34,17,36,21,36,21,37;1,0,23,16,27,16;-1,0,16,27,16,28,15,28;0,-1,30,20,30,22,32,22,32,20;-1,0,13,15,13,18,11,18;-1,0,12,26,12,22,10,22;1,0,22,19,22,17,26,17;0,-1,22,21,21,21,21,17;-1,0,18,15,17,15,17,16,14,16;-1,0,17,33,17,32,16,32;1,0,26,26,25,26,25,23,26,23;0,-1,20,19,20,17;0,1,14,23,14,25,13,25,13,26;-1,0,18,17,14,17,14,19,11,19;1,0,22,23,22,22,23,22;-1,0,15,21,15,20,13,20;-1,0,22,34,20,34;0,-1,16,19,19,19,19,17;0,1,23,33,23,35,22,35,22,36;-1,0,21,33,19,33,19,32,18,32;1,0,20,21,20,22,21,22;0,-1,24,27,22,27,22,24,21,24,21,23;1,0,22,28,22,29,24,29;0,-1,23,32,23,30,21,30,21,26;0,-1,19,24,19,22;-1,0,15,25,15,22,13,22;0,-1,18,23,18,21;-1,0,16,20,17,20,17,23,16,23;0,-1,17,28,17,26,16,26,16,24;0,-1,16,29,18,29,18,28;-1,0,20,25,20,28,19,28,19,31,16,31;-1,0,8,38,5,38,5,36,1,36;0,-1,2,25,0,25,0,30,2,30,2,26;1,0,16,3,16,8,14,8,14,5,12,5,12,2,16,2;1,0,10,42,14,42,14,45,17,45,17,41,21,41;0,-1,17,7,19,7,19,6,17,6,17,4,20,4,20,1;0,-1,40,8,36,8,36,12,40,12,40,17,36,17,36,13;0,1,34,29,38,29,38,27,40,27,40,22,35,22,35,24;-1,0,13,13,12,13,12,9,7,9,7,14,2,14;0,-1,32,3,32,7,37,7,37,5;1,0,36,23,37,23,37,26,33,26,33,21,37,21;0,-1,2,18,0,18,0,13,3,13,3,12;0,1,27,34,24,34,24,38,21,38,21,40,24,40,24,44;-1,0,0,9,0,7,4,7,4,9,6,9,6,5,3,5;0,1,8,39,8,40,5,40,5,43,10,43,10,45;-1,0,5,35,0,35,0,37,4,37,4,38,1,38;-1,0,2,19,2,22,6,22,6,20,9,20,9,19,5,19;0,-1,2,3,2,5,1,5,1,2;0,1,21,46,26,46,26,45,22,45,22,41,23,41,23,42;0,-1,40,0,36,0,36,2,40,2,40,7,39,7,39,6;0,1,7,46,3,46,3,44,6,44,6,45;0,1,29,25,29,20,28,20,28,23;0,1,37,41,32,41,32,36,28,36,28,41,31,41,31,43;0,-1,38,5,39,5,39,3,36,3,36,6,34,6,34,5;-1,0,5,34,4,34,4,32,2,32;0,-1,13,10,13,6,12,6,12,8,7,8,7,6;1,0,28,26,28,30,24,30,24,33,28,33;0,-1,10,5,8,5,8,6,11,6,11,4,6,4,6,1;1,0,28,34,32,34,32,32,37,32;-1,0,6,39,4,39,4,41,3,41;1,0,30,42,29,42,29,44,33,44,33,42,35,42;0,1,0,38,0,41,1,41,1,45;-1,0,7,2,7,0,5,0,5,4,4,4,4,1,2,1;0,-1,33,6,33,3,35,3,35,1;0,1,17,46,13,46,13,43,11,43,11,44;0,1,31,25,31,27,33,27,33,30,38,30,38,32;1,0,40,34,38,34,38,37,33,37,33,34,34,34;0,-1,26,8,25,8,25,10,30,10,30,7,28,7,28,6;1,0,31,21,31,17,32,17,32,19,34,19;0,1,3,40,3,39,2,39,2,42;1,0,37,40,37,39,40,39,40,42,36,42,36,45,38,45;0,-1,24,1,24,4,21,4,21,2;0,1,19,44,19,45,18,45,18,43,20,43,20,45;1,0,39,20,36,20,36,18,37,18;0,-1,29,0,31,0,31,4,27,4,27,2;1,0,36,38,36,40,33,40,33,38,34,38;-1,0,4,26,3,26,3,23,1,23;1,0,40,43,37,43,37,44,38,44;0,-1,7,3,10,3,10,1;0,1,3,42,4,42,4,43,2,43,2,45;0,-1,26,6,26,4,25,4,25,2;0,-1,19,1,19,3,18,3,18,1;1,0,35,33,35,35,34,35,34,36,36,36,36,33,39,33;1,0,40,9,37,9,37,11,39,11;0,-1,11,3,11,0,9,0,9,2,8,2,8,1;0,1,25,37,25,42,28,42,28,45;-1,0,5,8,5,6,3,6;-1,0,5,11,4,11,4,13,6,13,6,10,4,10;0,-1,24,0,22,0,22,3,23,3,23,1;-1,0,0,12,0,10,1,10,1,8,3,8,3,11,1,11;0,1,34,46,34,43,35,43,35,45;-1,0,0,31,0,33,3,33,3,34,2,34;0,-1,38,10,40,10,40,11,41,11,41,6;-1,0,25,47,25,48,23,48,23,47,20,47;0,1,12,47,12,45,11,45,11,46;1,0,37,19,38,19,38,18,40,18;0,1,42,25,41,25,41,22,42,22,42,17,41,17,41,21;0,1,42,47,42,42,41,42,41,46;0,1,7,45,7,44,9,44,9,45;0,1,26,44,25,44,25,43,27,43,27,45;1,0,42,35,42,32,39,32,39,28,41,28;0,-1,35,0,32,0,32,2,34,2,34,1;0,1,40,46,40,44,39,44,39,47;0,1,29,45,31,45,31,46,27,46,27,47;-1,0,8,47,11,47,11,48,6,48,6,47,3,47;0,1,32,48,32,45,33,45,33,46
47,48|-1,0,8,20,7,20;-1,0,7,19,6,19;-1,0,7,18,6,18;1,0,34,30,35,30;-1,0,6,12,5,12;-1,0,7,17,6,17;-1,0,6,16,5,16;0,-1,6,11,6,10;0,-1,7,10,7,9;1,0,33,31,34,31;-1,0,6,15,5,15;1,0,35,29,36,29;1,0,32,30,33,30;1,0,32,29,33,29;0,1,6,13,6,14;1,0,35,25,36,25;-1,0,8,11,7,11;1,0,35,27,35,28,36,28;-1,0,9,19,8,19;1,0,34,28,34,26,36,26;-1,0,7,14,7,12,9,12,9,10,8,10;0,-1,18,7,18,5;1,0,31,30,31,31,32,31;-1,0,13,31,13,30,12,30;-1,0,12,8,9,8,9,9,8,9;-1,0,14,11,14,9,10,9;-1,0,11,20,11,19,10,19;1,0,31,12,31,14,32,14;1,0,22,5,24,5,24,6,26,6;1,0,33,32,30,32,30,34,32,34;0,-1,19,9,20,9,20,8;0,-1,14,8,15,8,15,7,17,7,17,6;0,-1,14,15,14,13;0,-1,7,16,7,15,9,15,9,14;0,1,35,24,34,24,34,25;-1,0,12,21,10,21;-1,0,14,20,13,20;0,1,12,32,14,32,14,34;0,-1,8,18,8,16;1,0,26,33,28,33,28,32,29,32;-1,0,15,20,15,21,14,21;0,-1,9,18,9,16,10,16,10,14;1,0,25,9,25,7,28,7;1,0,31,26,33,26;0,-1,15,9,15,10,16,10,16,8;-1,0,17,9,17,11,16,11;1,0,27,32,27,31,29,31;-1,0,11,25,11,23,9,23;0,1,22,35,23,35,23,37;-1,0,12,25,12,22,10,22;1,0,24,35,24,31,26,31;0,-1,24,11,24,8,22,8,22,7;1,0,21,34,23,34;0,1,16,34,18,34,18,35;0,-1,13,15,13,13;1,0,20,34,20,32,21,32,21,33,23,33;1,0,27,30,30,30;1,0,31,24,33,24,33,23,36,23;-1,0,20,36,20,35,19,35,19,33,15,33;1,0,30,25,30,23,31,23;-1,0,16,23,16,22,14,22,14,23,13,23;0,1,23,29,24,29,24,30;0,-1,32,16,32,17,31,17,31,15;1,0,31,29,31,28,32,28;0,1,21,31,21,28,22,28,22,30;-1,0,15,24,13,24,13,26,12,26;0,-1,30,16,30,14,29,14,29,10;0,-1,24,12,25,12,25,10;0,-1,10,18,10,17,11,17,11,15;0,-1,35,20,33,20,33,19;0,-1,30,17,30,18,29,18,29,15;0,-1,14,16,12,16,12,12;-1,0,18,32,16,32,16,31,14,31;0,1,17,30,16,30,16,29,15,29,15,30;-1,0,14,19,12,19,12,18,11,18;0,-1,13,18,13,17,15,17,15,15;0,1,12,29,14,29,14,30;0,-1,21,13,20,13,20,11,18,11,18,9;0,-1,34,21,31,21,31,18;0,-1,26,13,23,13,23,11;-1,0,18,16,18,14,19,14,19,12,17,12;0,1,33,27,30,27,30,29;-1,0,16,18,14,18;0,-1,30,21,30,19;-1,0,22,14,22,15,19,15;0,1,22,24,22,27,20,27,20,28;-1,0,26,30,26,29,25,29;1,0,28,22,28,20,29,20,29,22,30,22;-1,0,15,25,15,28,12,28;0,-1,19,20,18,20,18,17;1,0,27,16,27,14,28,14;-1,0,28,29,27,29,27,28,24,28;-1,0,17,22,17,19,15,19;1,0,26,19,26,22,27,22,27,19,29,19;0,1,17,23,17,24,16,24,16,27;-1,0,29,28,28,28;0,-1,23,14,24,14,24,16,23,16,23,15;0,1,30,26,29,26,29,27;0,-1,18,24,18,21,20,21,20,19;-1,0,26,15,26,17,24,17,24,19,22,19;-1,0,24,20,23,20;0,-1,25,22,23,22,23,21;-1,0,21,21,22,21,22,22,20,22;0,-1,29,25,29,24,27,24,27,23;0,-1,28,27,28,25,26,25,26,23;0,-1,21,23,23,23,23,27,25,27,25,23;0,-1,38,30,36,30,36,34,41,34,41,29,39,29,39,24;0,-1,7,34,11,34,11,29,8,29,8,26,3,26,3,22;0,1,5,14,5,13,4,13,4,16,1,16,1,21;1,0,31,9,29,9,29,7,32,7,32,10,35,10;1,0,16,0,19,0,19,1,24,1;-1,0,18,4,18,3,14,3,14,7,9,7,9,3,6,3;0,-1,0,19,0,14,1,14,1,9;0,-1,41,25,40,25,40,21,38,21,38,19;0,-1,39,4,39,9,35,9,35,6,31,6,31,3;-1,0,14,38,18,38,18,36,16,36;0,1,1,33,2,33,2,29,0,29,0,34,2,34,2,36;-1,0,3,42,0,42,0,39,4,39,4,37,1,37;1,0,25,39,22,39,22,42,17,42,17,40,19,40;0,-1,35,0,40,0,40,1,38,1,38,6,37,6,37,3;1,0,41,10,41,12,38,12,38,14,34,14,34,11,39,11;0,-1,24,0,29,0,29,2,27,2,27,6,30,6,30,4;0,-1,2,0,2,4,6,4,6,7,1,7,1,3;0,1,24,38,24,37,27,37,27,40,23,40,23,41;0,1,35,31,35,33,34,33,34,35;1,0,31,33,33,33,33,35,28,35,28,38,32,38;1,0,38,39,38,37,36,37,36,39,34,39,34,41,38,41;0,1,33,36,33,39,30,39,30,41;-1,0,2,11,2,9,6,9,6,8,1,8;0,1,16,37,12,37,12,40;0,1,7,30,10,30,10,33,6,33,6,37;0,1,10,39,9,39,9,37,11,37,11,41;0,-1,12,0,12,3,10,3,10,6,13,6,13,5;-1,0,8,31,4,31,4,27,2,27;0,1,4,40,4,42,5,42,5,38,6,38,6,41;-1,0,0,26,2,26,2,22,1,22;0,-1,28,3,30,3,30,0,32,0,32,5,33,5,33,4;0,-1,7,2,7,0,11,0,11,2,9,2,9,1;0,1,17,39,15,39,15,41;0,1,7,42,7,40,10,40,10,41;0,-1,12,5,11,5,11,4,13,4,13,2,15,2,15,1;1,0,34,37,35,37,35,35,36,35;0,1,38,36,37,36,37,35,39,35,39,36;1,0,38,17,38,15,34,15,34,18,39,18,39,13,40,13;0,1,40,36,40,35,41,35,41,37,39,37,39,38;1,0,41,2,39,2,39,3,40,3;1,0,37,38,37,40,39,40;-1,0,6,32,3,32,3,28,1,28;0,-1,3,0,3,3,5,3,5,2;0,-1,34,0,33,0,33,3,34,3,34,1;0,1,38,42,40,42,40,40,41,40,41,38,40,38,40,39;0,1,27,42,31,42,31,40,32,40,32,41;1,0,40,14,41,14,41,19,39,19,39,20,40,20;0,1,10,42,14,42,14,39,13,39,13,41;-1,0,34,43,31,43,31,44,27,44,27,43,22,43;0,-1,41,20,41,21,43,21,43,25,42,25,42,23;-1,0,8,41,9,41,9,43,7,43;-1,0,9,44,4,44,4,43,1,43;0,1,43,26,40,26,40,28,42,28,42,32;0,-1,40,11,40,6,43,6,43,4,42,4,42,2;0,1,43,33,43,37,42,37,42,41;1,0,37,44,41,44,41,42,42,42;0,1,16,44,16,42,15,42,15,43;1,0,43,9,41,9,41,8,42,8;1,0,43,3,43,0,41,0,41,1,42,1;0,1,40,43,37,43,37,42,36,42,36,43;0,1,41,45,41,46,36,46,36,44,32,44,32,45;1,0,45,12,45,10,42,10,42,14,43,14;0,1,43,11,43,13,45,13,45,14,44,14,44,19;-1,0,21,46,23,46,23,45,20,45;0,1,45,15,45,20,44,20,44,22;0,1,20,44,21,44,21,43,19,43,19,45;-1,0,18,43,18,46,13,46,13,43,10,43,10,45,5,45;0,1,42,43,45,43,45,38,43,38,43,40,44,40,44,42;1,0,45,4,45,7,43,7,43,8,44,8;1,0,45,44,45,46,42,46,42,44,44,44;0,1,11,46,11,44,12,44,12,45;-1,0,7,46,3,46,3,44,1,44;1,0,44,37,45,37,45,32,43,32,43,31,44,31;1,0,45,30,43,30,43,28,44,28;0,-1,1,0,0,0,0,2,1,2,1,1;1,0,11,48,15,48,15,47,17,47
44,45|-1,0,6,23,5,23;-1,0,6,24,5,24;0,1,24,32,24,33;0,1,14,35,14,36;0,1,25,32,25,33;0,1,15,34,15,35;-1,0,7,25,6,25;-1,0,7,22,6,22;-1,0,8,21,7,21;-1,0,9,22,8,22;-1,0,7,27,6,27;-1,0,10,11,9,11;0,1,26,30,26,31;-1,0,9,19,9,20,8,20;0,1,24,31,24,28,25,28,25,31;0,1,16,35,18,35,18,36;-1,0,9,25,8,25,8,26,7,26;-1,0,8,27,8,28,7,28;-1,0,13,10,13,11,12,11;0,-1,6,18,6,15,9,15,9,13;0,1,16,32,16,33;-1,0,9,33,9,30,7,30;0,1,12,36,13,36,13,33,11,33,11,35;-1,0,13,9,11,9;-1,0,10,22,10,23,7,23;-1,0,10,26,9,26,9,29,7,29;-1,0,14,25,10,25,10,24,7,24;0,1,19,33,19,35;0,1,12,32,14,32,14,34;-1,0,15,6,16,6,16,7,14,7;-1,0,10,14,10,12,14,12,14,13,13,13;-1,0,17,5,15,5;-1,0,19,6,17,6;-1,0,14,10,14,8,12,8;0,1,20,35,21,35,21,33,20,33,20,34;-1,0,13,26,12,26;0,1,22,31,22,34,23,34,23,35;-1,0,9,16,9,17,8,17;0,1,15,33,15,31,11,31,11,32;0,-1,25,7,26,7,26,6;0,-1,24,6,24,7,22,7,22,5;-1,0,13,24,15,24,15,22,13,22;1,0,32,12,32,10,34,10,34,12,35,12;0,-1,12,16,11,16,11,14;1,0,34,15,34,16,35,16;1,0,31,11,31,9,32,9;-1,0,10,27,13,27,13,30,10,30;-1,0,10,18,10,21,9,21;1,0,33,25,33,23,34,23;0,1,18,33,18,31,17,31,17,34;1,0,33,14,33,17,35,17;0,1,12,19,12,18,11,18,11,19;0,1,19,31,19,30,21,30,21,32;1,0,29,26,32,26,32,29,34,29;-1,0,16,31,16,30,14,30;1,0,27,16,28,16,28,17,29,17;-1,0,15,29,15,27,14,27;0,1,16,28,16,29,17,29,17,30;0,-1,17,11,15,11,15,8;1,0,23,17,24,17;0,1,15,25,15,26,16,26,16,27;1,0,30,11,30,8,33,8;1,0,29,11,29,8,28,8,28,6,30,6;0,1,17,28,19,28,19,29,18,29,18,30;-1,0,20,29,20,27,17,27;0,1,24,25,24,27,23,27,23,30;-1,0,19,25,16,25;-1,0,16,13,15,13,15,14,14,14;0,1,21,26,21,29;0,1,30,31,30,27,31,27,31,28;-1,0,18,24,16,24,16,21,15,21;-1,0,18,5,20,5,20,7,19,7;0,1,34,22,34,19,35,19,35,21;0,1,33,19,33,22;0,-1,19,8,21,8,21,5;1,0,27,7,27,8,26,8,26,10,27,10;1,0,32,20,32,18,35,18;0,-1,19,12,19,9,22,9,22,8;0,1,23,23,23,25,22,25,22,27;0,-1,26,12,28,12,28,11;0,1,10,15,10,17,13,17,13,20;-1,0,19,24,19,23,17,23;-1,0,14,19,17,19,17,20,16,20;0,-1,31,19,31,22,30,22,30,20;-1,0,20,22,19,22,19,21,17,21;-1,0,17,16,17,12,15,12;0,-1,29,12,29,15,28,15,28,13;0,1,18,19,18,20;0,-1,27,15,27,13;0,1,22,21,22,23,20,23,20,24;0,-1,19,17,19,16,18,16,18,14;1,0,27,26,27,27,28,27,28,28,29,28;1,0,26,13,26,16,22,16,22,18,23,18;0,-1,28,19,29,19,29,22,26,22,26,20;1,0,32,21,32,23,29,23,29,24,30,24;1,0,27,28,26,28,26,25,28,25;0,1,22,20,21,20,21,22;0,1,28,24,28,23,25,23,25,26;0,1,25,22,25,21,24,21,24,24;0,-1,22,10,25,10,25,8;-1,0,19,20,19,18,18,18;1,0,22,12,22,14,23,14;0,-1,25,20,24,20,24,19;1,0,23,19,20,19,20,16,21,16;0,-1,23,11,21,11,21,10;1,0,20,11,20,12,21,12,21,15,23,15;0,1,0,23,2,23,2,21,4,21,4,23,3,23,3,26;0,-1,2,14,7,14,7,11,3,11,3,7;0,1,37,13,37,16,40,16,40,19,39,19,39,24;0,1,22,39,22,37,26,37,26,32,27,32,27,37;-1,0,6,26,5,26,5,29,2,29;0,1,15,36,16,36,16,37,21,37,21,40;-1,0,23,3,23,0,26,0,26,4,21,4;0,-1,39,12,39,8,35,8,35,3;-1,0,5,7,5,3,7,3,7,8,4,8,4,5,2,5;0,1,35,29,35,32,40,32,40,37,38,37,38,40;-1,0,0,12,0,8,1,8,1,4,4,4,4,3,1,3;-1,0,14,37,14,39,18,39,18,38,20,38,20,40,18,40;0,1,31,33,35,33,35,36,39,36,39,33,36,33,36,34;0,1,3,28,3,27,1,27,1,31;1,0,40,21,40,26,36,26,36,31,39,31;-1,0,10,41,13,41,13,37,9,37;0,-1,38,14,38,9,34,9,34,6;0,1,23,41,28,41,28,36,30,36,30,39;1,0,31,2,34,2,34,0,36,0,36,4,37,4;-1,0,5,22,5,18,4,18,4,16,1,16;0,1,35,41,40,41,40,38,39,38,39,40;0,1,1,36,1,34,5,34,5,38;0,-1,22,0,20,0,20,4,16,4,16,2;0,-1,37,0,37,3,40,3,40,7,38,7,38,6;0,-1,11,8,8,8,8,6,10,6,10,4,15,4,15,3;0,-1,29,7,33,7,33,5,29,5,29,4;0,-1,13,2,9,2,9,5,8,5,8,2,3,2,3,1;-1,0,6,13,6,12,5,12,5,13,2,13;-1,0,0,22,0,19,4,19,4,20,3,20;-1,0,3,41,7,41,7,40,2,40;-1,0,0,32,2,32,2,30,5,30,5,32,3,32;-1,0,0,24,0,26,2,26,2,25,1,25;0,1,4,39,7,39,7,38,6,38,6,36,8,36,8,40;0,1,28,31,27,31,27,30,29,30,29,34,34,34,34,35;0,1,29,41,30,41,30,40,32,40,32,36,34,36,34,37;0,-1,27,0,27,3,29,3,29,2;1,0,40,0,40,2,38,2,38,1,39,1;0,-1,31,3,32,3,32,4,30,4,30,1;-1,0,4,35,3,35,3,39,2,39;0,-1,17,0,19,0,19,3,17,3,17,1;0,1,2,35,2,37,1,37,1,38;0,-1,0,4,0,2,2,2,2,1;-1,0,0,18,3,18,3,17,2,17;0,1,35,37,37,37,37,40,35,40,35,38,33,38,33,40;-1,0,6,29,6,31,8,31,8,33,7,33;0,1,8,41,9,41,9,40,12,40,12,38,9,38,9,39;1,0,40,31,40,30,37,30,37,27,39,27;-1,0,5,17,5,15,3,15;0,-1,12,3,14,3,14,1;1,0,24,43,28,43,28,42,33,42;0,1,17,43,21,43,21,41,19,41,19,42;0,-1,42,10,42,12,41,12,41,9;0,1,9,42,9,43,14,43,14,40,15,40,15,42;1,0,42,25,41,25,41,28,38,28,38,29,41,29;0,-1,40,8,41,8,41,7,42,7,42,5,41,5,41,3;0,1,26,38,26,40,22,40,22,41;0,1,18,41,18,42,17,42,17,40,16,40,16,42;-1,0,5,42,7,42,7,43,4,43,4,42,2,42;-1,0,7,32,6,32,6,33,4,33;1,0,38,15,39,15,39,13,41,13;1,0,42,13,42,14,40,14,40,15,41,15;1,0,34,40,34,42,37,42;0,1,41,30,41,32,42,32,42,36,41,36,41,40;0,1,42,37,42,41,41,41,41,42;0,1,0,37,0,39,1,39,1,40;1,0,1,41,1,43,3,43,3,45,5,45,5,44,10,44;0,1,41,1,42,1,42,3,44,3,44,0,43,0,43,1;1,0,23,45,26,45,26,44,29,44;1,0,42,29,44,29,44,24,41,24,41,22,43,22;1,0,41,43,38,43,38,45,33,45,33,44,36,44;1,0,44,21,41,21,41,19,42,19;1,0,42,20,44,20,44,18,41,18,41,17,42,17;0,1,44,42,44,39,43,39,43,44;1,0,43,17,44,17,44,16,42,16,42,15,43,15;0,1,25,42,22,42,22,44;-1,0,0,43,0,45,2,45,2,44,1,44;0,1,16,45,16,43,15,43,15,44
42,50|-1,0,6,39,5,39;0,1,7,39,7,40;-1,0,6,38,5,38;0,1,5,36,5,37;-1,0,6,35,5,35;0,1,6,36,6,37;0,1,7,37,7,38;-1,0,7,13,6,13;-1,0,7,14,6,14;0,1,10,40,10,41;0,1,10,36,10,37;-1,0,7,33,6,33;0,-1,14,11,14,10;0,1,9,41,9,40,8,40,8,41;0,1,9,36,9,37;0,1,7,36,7,35,8,35,8,39;-1,0,10,35,9,35,9,34,6,34;-1,0,12,39,12,36,11,36;-1,0,13,35,11,35;0,1,8,31,8,33;0,1,8,30,7,30,7,32;0,-1,16,7,17,7,17,5;0,-1,22,7,23,7,23,6;0,1,11,40,15,40,15,38,17,38,17,40;0,1,18,40,19,40,19,41;0,-1,20,9,20,7,21,7,21,6;0,-1,19,12,19,9,18,9,18,6;0,-1,21,10,21,8,24,8,24,7;0,-1,23,11,23,9,25,9,25,8;-1,0,21,41,20,41,20,39,18,39;0,-1,28,10,28,12,24,12,24,10;0,-1,13,9,12,9,12,7;0,1,18,36,18,38,21,38,21,40;0,-1,32,16,32,13,29,13,29,11;-1,0,14,32,12,32;0,1,14,34,14,35;0,-1,13,10,11,10,11,7;-1,0,22,39,22,37,19,37;1,0,28,14,28,15,31,15,31,17,33,17;1,0,25,15,27,15;0,-1,16,12,15,12,15,10;0,-1,27,17,27,16;1,0,28,17,30,17;0,-1,20,10,20,12,21,12,21,11;-1,0,8,13,8,12,7,12;-1,0,12,34,12,33,10,33;1,0,23,12,23,13,24,13;1,0,31,18,31,19,32,19;0,1,16,36,16,34,15,34,15,36;0,1,16,31,16,33,13,33,13,34;-1,0,19,34,18,34,18,33,17,33;0,-1,8,11,11,11,11,14,10,14,10,13;0,-1,9,14,9,12;-1,0,23,36,23,34,22,34;0,1,13,29,17,29,17,32;0,1,12,28,12,27,13,27,13,28;1,0,24,15,24,14,25,14;0,-1,10,15,8,15,8,14;0,-1,7,16,7,15;0,-1,16,13,14,13,14,12,13,12,13,11;1,0,22,16,26,16;-1,0,20,31,20,33,19,33;-1,0,25,33,25,34,24,34;1,0,22,12,22,13,21,13,21,14,23,14;0,1,20,29,20,30,21,30,21,31;1,0,19,15,23,15;1,0,27,18,27,20,29,20;0,-1,25,19,25,18,26,18,26,17;0,-1,12,17,11,17,11,16;0,-1,25,22,25,20;-1,0,15,25,15,23,13,23,13,22,10,22;-1,0,16,25,16,27,14,27;-1,0,11,18,11,21,8,21;1,0,30,25,28,25,28,24,29,24;-1,0,18,20,15,20;-1,0,24,31,24,30,23,30;0,1,13,15,13,18,12,18,12,19;1,0,18,15,18,13,20,13;-1,0,14,16,16,16,16,18,14,18;-1,0,23,39,23,37,25,37,25,41,23,41;0,1,22,28,19,28,19,29;-1,0,17,18,17,14,15,14;0,-1,26,22,26,19;-1,0,17,27,17,28,15,28;-1,0,18,18,20,18,20,17,19,17;-1,0,21,18,21,19,17,19;-1,0,26,40,26,36,24,36;-1,0,18,21,18,22,16,22;-1,0,27,36,27,35,25,35;0,-1,25,23,29,23,29,22;-1,0,17,26,18,26,18,25,17,25;-1,0,23,19,23,17,21,17,21,16,18,16;0,1,29,34,27,34,27,33,26,33,26,34;-1,0,19,25,19,27,18,27;0,-1,27,26,27,24;-1,0,20,21,19,21,19,23,17,23;-1,0,25,30,25,32,24,32;0,-1,29,28,28,28,28,26;0,1,22,27,21,27,21,25,20,25,20,26;0,-1,23,21,23,20;0,1,30,29,28,29,28,31,27,31,27,32;0,1,24,27,27,27,27,30,26,30,26,32;0,-1,23,22,24,22,24,19;0,1,19,24,22,24,22,26;-1,0,23,24,26,24,26,26,24,26;-1,0,24,23,22,23,22,20,20,20;-1,0,8,0,8,1,12,1,12,0,17,0,17,2,12,2;0,-1,8,46,8,42,4,42,4,37,2,37,2,35;0,-1,4,14,2,14,2,12,6,12,6,11,4,11,4,6;-1,0,4,21,4,18,7,18,7,23,12,23,12,26,9,26;0,-1,28,6,24,6,24,4,22,4,22,1;0,-1,24,0,19,0,19,3,17,3,17,4,21,4,21,1;1,0,18,42,23,42,23,43,25,43,25,45,29,45;-1,0,4,33,4,29,7,29,7,27,5,27,5,24,3,24;1,0,38,20,38,17,34,17,34,12,30,12,30,11,31,11;-1,0,0,3,3,3,3,5,6,5,6,2,1,2;0,1,36,22,34,22,34,20,31,20,31,22;1,0,25,2,25,0,27,0,27,2,32,2;1,0,36,41,36,46,31,46,31,44,26,44,26,41,28,41;1,0,35,44,32,44,32,40,37,40;0,-1,32,11,32,10,37,10,37,5;1,0,32,26,30,26,30,28,33,28,33,23,36,23;0,-1,29,5,29,7,32,7,32,5,35,5,35,2;0,1,11,41,13,41,13,42,9,42,9,43;1,0,36,16,38,16,38,12,35,12,35,15,37,15;0,1,0,35,0,32,1,32,1,35;0,1,13,45,18,45,18,43,21,43,21,45;-1,0,1,44,1,41,3,41,3,45,7,45,7,43,6,43;1,0,27,42,27,43,31,43,31,40,29,40,29,35,31,35;1,0,24,1,24,3,28,3,28,4,33,4,33,1,37,1;-1,0,0,30,3,30,3,25,1,25;1,0,38,40,38,37,33,37,33,39,30,39,30,36,32,36;-1,0,3,13,5,13,5,17,2,17;-1,0,0,23,3,23,3,20,1,20;-1,0,2,42,2,45,1,45;1,0,28,33,29,33,29,31,32,31;1,0,35,31,35,33,33,33,33,36,36,36;-1,0,0,26,2,26,2,28,1,28;1,0,34,24,34,26,35,26,35,29,32,29,32,30,36,30;-1,0,3,8,3,11,1,11,1,15,4,15,4,16,1,16;1,0,35,0,38,0,38,2,36,2,36,4,37,4;-1,0,0,2,0,0,3,0,3,1,1,1;1,0,35,25,35,24,36,24,36,27,37,27;0,-1,8,5,8,2,11,2,11,6,7,6,7,2;-1,0,0,17,1,17,1,19,3,19,3,18,2,18;0,1,9,44,9,45,10,45,10,43,11,43,11,45;0,1,38,46,38,41,37,41,37,45;-1,0,1,36,0,36,0,40,3,40,3,38,1,38;1,0,36,33,36,31,38,31,38,34,34,34,34,35,37,35;-1,0,0,18,0,22,2,22,2,21,1,21;0,1,22,43,22,44,24,44,24,45;-1,0,0,6,3,6,3,7,1,7;-1,0,0,7,0,8,2,8,2,10,1,10;-1,0,0,5,0,4,2,4,2,5,1,5;-1,0,4,34,4,35,3,35,3,31,1,31;1,0,33,18,33,19,35,19,35,21,37,21;0,1,13,44,14,44,14,43,12,43,12,45;1,0,38,28,36,28,36,29,37,29;0,1,37,25,38,25,38,27,40,27,40,29,39,29,39,33;-1,0,23,45,22,45,22,48,17,48,17,47,15,47;-1,0,15,46,12,46,12,47,9,47;0,-1,40,22,40,25,39,25,39,22;0,-1,36,11,38,11,38,10,39,10,39,6;-1,0,0,46,3,46,3,48,8,48,8,47,6,47;0,1,26,48,26,46,23,46,23,47;1,0,30,45,30,46,27,46,27,47,30,47;0,1,37,36,39,36,39,41;0,1,40,40,40,42,39,42,39,45;1,0,28,48,32,48,32,47,36,47;0,1,40,44,40,46,39,46,39,47;1,0,37,24,38,24,38,21,39,21;0,-1,37,3,38,3,38,4,39,4,39,1;-1,0,37,46,37,49,33,49;-1,0,25,48,23,48,23,50,28,50,28,49,24,49;0,-1,41,39,40,39,40,37,42,37,42,42,41,42,41,40;1,0,42,15,42,11,39,11,39,14,40,14;1,0,42,10,42,6,40,6,40,3,41,3;0,-1,39,0,42,0,42,2,41,2,41,1;-1,0,6,50,9,50,9,49,5,49;0,1,15,50,15,48,12,48,12,49;1,0,41,22,42,22,42,17,39,17,39,19,41,19;-1,0,5,50,2,50,2,47,1,47;1,0,34,50,39,50,39,48,41,48
45,46|-1,0,7,26,6,26;-1,0,6,24,5,24;-1,0,6,23,5,23;-1,0,6,22,5,22;-1,0,8,25,7,25;-1,0,8,24,7,24;0,-1,6,20,6,19;-1,0,7,21,6,21;1,0,35,18,36,18;-1,0,8,20,7,20;-1,0,8,23,7,23;-1,0,8,19,7,19;-1,0,8,22,7,22;-1,0,8,27,7,27;-1,0,9,28,8,28;1,0,35,20,36,20;1,0,35,21,36,21;0,1,19,36,19,37;1,0,33,18,34,18;-1,0,7,18,9,18,9,21,8,21;0,1,9,31,10,31,10,33;0,1,22,37,22,35,21,35,21,37;0,1,23,35,23,34,20,34,20,36;-1,0,9,24,9,26,8,26;-1,0,9,22,12,22,12,20,11,20;-1,0,16,8,15,8;0,1,11,33,11,32,12,32,12,35;0,1,14,36,14,34,13,34,13,35;-1,0,16,9,14,9;1,0,35,14,35,12,36,12;0,1,33,28,33,29;0,1,11,29,11,30,8,30,8,33;1,0,25,33,27,33;-1,0,11,25,10,25;1,0,31,29,31,28,32,28;0,1,22,31,22,32,24,32,24,35;0,1,35,26,34,26,34,27;-1,0,13,26,11,26,11,27,10,27;1,0,34,11,34,15,35,15;1,0,29,28,30,28,30,30,32,30;0,1,26,27,27,27,27,28;1,0,18,37,18,35,19,35;1,0,18,34,19,34,19,33,21,33;0,1,24,26,24,30,21,30,21,31;-1,0,15,22,13,22;-1,0,15,36,15,37,17,37,17,35,15,35;-1,0,13,25,12,25;-1,0,17,8,19,8,19,9,17,9;0,1,28,26,30,26,30,27;0,1,17,33,17,34;1,0,16,32,20,32;-1,0,9,12,9,14,10,14,10,16,9,16;-1,0,14,26,14,24,10,24,10,23,9,23;1,0,18,31,16,31,16,29,17,29;0,-1,28,7,28,8,26,8,26,5;0,1,34,25,33,25,33,27;1,0,33,14,32,14,32,13,33,13;-1,0,13,28,10,28,10,29,8,29;-1,0,14,11,14,10,13,10;0,1,8,17,10,17,10,19;0,1,24,25,26,25,26,26;0,1,13,30,13,33,16,33,16,34;0,-1,13,13,12,13,12,12,15,12,15,10;-1,0,15,20,15,21,13,21;-1,0,16,22,16,19,15,19;0,-1,18,7,18,6,20,6,20,5;0,1,30,24,27,24,27,26;1,0,15,30,15,31,14,31,14,28,17,28;1,0,33,10,31,10,31,8,34,8;0,1,21,24,21,25,19,25,19,27;0,-1,25,8,25,6,21,6,21,5;0,-1,33,12,31,12,31,11;-1,0,18,21,17,21,17,23,16,23;0,1,35,23,35,25;-1,0,17,25,15,25,15,27,12,27;-1,0,17,20,20,20,20,22,18,22;0,-1,11,18,11,16,13,16,13,15;0,1,34,24,34,22,36,22,36,26;-1,0,18,19,18,18,17,18;0,-1,25,15,25,14;-1,0,21,8,21,9,20,9;0,1,32,22,32,23,31,23,31,25;-1,0,21,19,20,19;0,1,35,19,34,19,34,21;-1,0,19,11,19,12,16,12;-1,0,17,14,17,16,14,16;1,0,30,15,32,15,32,16,34,16;-1,0,23,7,22,7,22,10,19,10;-1,0,23,11,20,11,20,13,18,13;0,-1,24,15,21,15,21,12;-1,0,15,17,19,17,19,15,18,15;0,-1,16,24,18,24,18,23;1,0,30,9,30,13,31,13;1,0,35,17,32,17,32,19,33,19;0,1,31,18,29,18,29,20,33,20,33,24;-1,0,21,17,21,18,19,18;0,-1,23,19,23,18;0,-1,28,12,28,13,29,13,29,10;0,-1,26,17,26,14,27,14,27,13;0,1,26,24,23,24,23,25;0,1,25,20,25,23;1,0,23,23,23,22,24,22;1,0,19,24,19,23,21,23,21,21,24,21;1,0,28,20,28,17,29,17;0,-1,22,20,22,16,20,16,20,14;1,0,31,14,28,14,28,16,30,16;0,-1,26,18,27,18,27,16;0,1,23,20,24,20,24,17,25,17,25,19;0,1,41,15,41,17,39,17,39,22;0,1,6,27,4,27,4,23,2,23,2,26;0,-1,5,33,5,28,0,28,0,24,1,24,1,22;-1,0,37,42,41,42,41,37,38,37,38,40,33,40;-1,0,14,42,14,40,11,40,11,38,6,38;-1,0,7,8,3,8,3,5,8,5,8,10,6,10;-1,0,7,12,7,17,5,17,5,21,2,21;1,0,40,28,41,28,41,33,37,33,37,28,39,28;-1,0,0,22,0,20,4,20,4,18,2,18;0,-1,19,0,22,0,22,5,24,5,24,4;1,0,25,5,25,3,27,3,27,1,31,1;0,1,17,41,21,41,21,38,16,38,16,39;0,-1,4,11,0,11,0,8,1,8,1,4,6,4,6,1;0,-1,41,10,41,13,40,13,40,9;0,-1,41,6,39,6,39,10,38,10,38,5;0,1,22,39,23,39,23,37,25,37,25,34,26,34,26,38;1,0,29,4,32,4,32,1,36,1;-1,0,8,39,4,39,4,37,7,37,7,35,4,35;0,1,4,34,4,33,3,33,3,38;0,1,36,28,34,28,34,29,35,29,35,32,30,32,30,34;1,0,25,38,25,41,27,41,27,36,31,36;1,0,31,35,31,33,34,33,34,35,36,35;-1,0,11,14,11,11,6,11,6,14,4,14;0,1,31,39,33,39,33,35,32,35,32,37;-1,0,6,16,6,15,4,15,4,17,3,17,3,14,2,14;-1,0,1,14,0,14,0,17,2,17,2,16,1,16;-1,0,0,35,2,35,2,37,1,37;0,1,1,36,0,36,0,39,3,39,3,40;0,-1,21,1,21,3,19,3,19,5,18,5,18,4;0,-1,26,2,25,2,25,0,23,0,23,3,24,3,24,1;1,0,35,36,35,38,37,38,37,35,38,35;0,1,32,38,31,38,31,37,30,37,30,39;0,-1,9,6,9,9,13,9,13,7,17,7,17,6;0,1,24,38,24,42,28,42,28,40,30,40,30,41;-1,0,12,0,12,3,9,3,9,0,5,0,5,2,3,2;0,1,8,36,13,36,13,39,15,39,15,41;1,0,34,5,37,5,37,1,40,1;-1,0,1,9,1,10,5,10,5,12,1,12;1,0,38,17,36,17,36,14,39,14;0,-1,15,4,15,6,13,6,13,4;0,-1,17,2,16,2,16,0,18,0,18,3,13,3,13,2;0,-1,5,3,1,3,1,1;-1,0,13,41,12,41,12,42,10,42,10,41,7,41;-1,0,2,29,0,29,0,30,4,30,4,32,2,32;1,0,38,19,38,18,37,18,37,20,38,20,38,23,40,23;0,1,9,39,10,39,10,40,5,40,5,41;0,1,21,42,23,42,23,40,22,40,22,41;0,-1,11,0,10,0,10,2,11,2,11,1;-1,0,0,40,0,42,2,42,2,40,1,40;0,1,32,42,32,40,31,40,31,41;1,0,41,2,38,2,38,4,39,4;1,0,37,21,37,24,38,24;1,0,36,30,36,33,35,33,35,34,38,34;-1,0,0,34,0,33,2,33,2,34,1,34;0,1,17,39,20,39,20,40,16,40,16,41;1,0,41,19,41,24,39,24,39,27,37,27,37,26,38,26;0,-1,43,36,43,33,42,33,42,28;0,-1,43,29,43,25,42,25,42,20;0,-1,13,0,15,0,15,2,14,2,14,1;1,0,29,42,31,42,31,44,27,44,27,43,29,43;-1,0,17,42,17,44,21,44,21,43,18,43;1,0,43,3,43,6,42,6,42,8,40,8,40,7,41,7;-1,0,15,42,16,42,16,43,11,43;1,0,41,44,38,44,38,43,42,43;0,1,37,41,33,41,33,43;-1,0,9,44,9,42,7,42,7,43,2,43;1,0,43,0,41,0,41,1,42,1;1,0,40,22,40,18,42,18;0,1,32,43,32,44,34,44,34,42,36,42,36,43;1,0,37,15,37,16,40,16,40,14,41,14;0,-1,45,32,43,32,43,30,45,30,45,27,44,27,44,23;1,0,35,43,35,45,39,45;0,-1,44,13,42,13,42,16,45,16,45,11,44,11,44,9;0,1,26,46,26,43,22,43,22,44;1,0,44,33,45,33,45,38,42,38,42,40,44,40;1,0,42,19,45,19,45,17,43,17,43,18,44,18;-1,0,10,44,11,44,11,46,9,46,9,45,4,45;1,0,42,4,42,2,43,2,43,1,44,1;1,0,45,26,45,22,43,22,43,20,44,20
43,48|-1,0,8,20,7,20;-1,0,6,30,5,30;-1,0,7,17,6,17;-1,0,6,29,5,29;-1,0,8,18,7,18;-1,0,11,25,10,25;-1,0,7,31,6,31;-1,0,9,19,8,19;0,1,26,37,26,38;-1,0,10,24,9,24;-1,0,9,17,8,17;-1,0,10,18,9,18;-1,0,7,15,6,15;-1,0,12,24,11,24,11,23,8,23;1,0,25,38,25,39,24,39,24,37,25,37;1,0,29,36,29,34,31,34;0,1,22,38,22,39;1,0,30,31,31,31;0,1,13,37,13,36,14,36,14,37;1,0,27,31,28,31,28,32,31,32;0,1,25,36,23,36,23,39;1,0,31,28,31,29,32,29;-1,0,9,15,10,15,10,16,7,16;0,1,26,35,27,35,27,36;1,0,28,35,28,33,30,33;0,-1,15,9,15,7;0,1,15,39,19,39,19,38,21,38,21,39;0,1,27,33,27,34,24,34,24,35;0,1,13,35,12,35,12,39;-1,0,10,19,11,19,11,17,10,17;0,1,23,34,23,35,22,35,22,36;1,0,33,16,32,16,32,18,33,18;1,0,31,30,30,30,30,27,31,27;0,1,21,36,21,34,19,34,19,37;0,1,20,32,22,32,22,34;1,0,24,29,25,29;0,1,27,30,25,30,25,33;0,1,31,24,30,24,30,26,29,26,29,28;0,1,29,21,30,21,30,23,33,23,33,24;0,1,27,20,27,21;-1,0,10,20,9,20;1,0,28,16,31,16,31,15,34,15;1,0,28,17,30,17;0,1,18,34,18,38;0,1,22,28,22,31,24,31,24,33;0,1,29,19,29,20,28,20,28,21;-1,0,13,24,13,25,12,25;0,1,16,35,16,36,17,36,17,38;0,1,13,33,12,33,12,34;0,1,20,31,18,31,18,33;0,1,30,19,30,18,27,18,27,19;-1,0,10,21,9,21;1,0,25,18,26,18;-1,0,14,24,14,23,13,23;1,0,26,7,27,7;1,0,27,17,25,17,25,15,27,15;-1,0,12,19,12,22,9,22;0,1,9,35,11,35,11,32,8,32,8,35;0,1,30,14,31,14,31,11,29,11,29,12;0,-1,12,5,13,5,13,8,12,8,12,7;1,0,17,32,17,30,19,30;0,1,15,33,15,34,17,34,17,35;0,1,7,30,7,29,8,29,8,31;0,1,16,33,16,32,14,32,14,35;-1,0,13,16,11,16;-1,0,14,20,13,20,13,18,12,18;0,1,20,27,21,27,21,28;0,-1,28,13,28,10,26,10,26,8;-1,0,5,14,5,11,8,11,8,9,7,9;0,1,18,28,16,28,16,31;-1,0,8,12,8,13,6,13;0,-1,16,11,16,8,17,8,17,6;0,1,14,31,14,30,13,30,13,32;1,0,27,11,25,11,25,14,27,14;0,1,14,29,12,29,12,32;0,1,6,26,6,28,9,28,9,31;0,-1,11,10,11,7,9,7,9,6;0,-1,14,11,14,7;1,0,24,15,24,14,22,14,22,12,23,12;1,0,23,24,23,23,24,23;1,0,22,23,22,25,23,25;-1,0,12,9,12,10,13,10,13,11,10,11;0,-1,9,13,9,12;0,1,14,27,14,28,10,28,10,29;-1,0,13,22,16,22,16,23,15,23;1,0,23,29,23,26,24,26;1,0,21,16,21,17,23,17;0,1,17,25,17,27;-1,0,15,28,15,26,14,26;0,1,14,25,16,25,16,27;-1,0,12,13,10,13,10,14,7,14;0,-1,11,12,15,12,15,10;0,1,18,26,22,26,22,27;-1,0,13,14,14,14,14,17,12,17;-1,0,16,18,16,19,14,19;0,-1,13,13,17,13,17,10;1,0,20,15,22,15;0,1,20,25,20,23,21,23,21,25;1,0,18,8,18,10,20,10;1,0,19,11,20,11;-1,0,17,18,17,17,16,17;-1,0,17,20,17,24,15,24;0,-1,21,14,20,14,20,12;-1,0,18,11,18,14,15,14;0,-1,19,13,19,16,15,16,15,15;1,0,18,18,18,17,20,17,20,18,21,18;-1,0,20,22,18,22,18,19,17,19;0,1,0,18,4,18,4,13,0,13,0,8,3,8,3,10;-1,0,18,6,18,3,15,3,15,0,12,0,12,4,10,4;-1,0,28,42,23,42,23,44,19,44,19,42,17,42;0,1,5,23,5,19,0,19,0,22,1,22,1,25;1,0,32,38,32,33,35,33,35,29,37,29;0,1,2,26,5,26,5,28,4,28,4,32,6,32,6,34;-1,0,3,42,3,39,7,39,7,37,11,37,11,39,10,39;1,0,9,44,9,42,12,42,12,40,17,40;0,-1,35,19,35,14,32,14,32,12,36,12,36,7;-1,0,1,39,1,35,6,35,6,38,2,38,2,40,1,40;1,0,28,36,28,39,26,39,26,41,28,41,28,40,33,40;-1,0,10,6,11,6,11,5,9,5,9,4,5,4;0,1,31,37,29,37,29,39,33,39,33,38,34,38,34,40;0,-1,34,42,39,42,39,44,38,44,38,43;0,-1,39,20,39,16,37,16,37,12;1,0,35,0,33,0,33,3,37,3,37,8,38,8;0,-1,4,9,6,9,6,5,1,5,1,1;1,0,31,18,31,22,33,22;1,0,39,29,38,29,38,25,33,25,33,26,36,26;-1,0,11,40,11,41,10,41,10,40,6,40,6,43,1,43;1,0,36,24,36,23,34,23,34,19,32,19,32,21,33,21;1,0,33,34,33,37,35,37,35,40,36,40;1,0,36,21,37,21,37,20,35,20,35,22,38,22;0,1,34,34,36,34,36,37,37,37,37,41,32,41,32,43;0,-1,19,1,19,4,23,4,23,6,27,6,27,5;0,1,22,43,20,43,20,41,16,41,16,43;0,-1,37,11,37,9,39,9,39,5,38,5,38,2;1,0,39,4,39,0,37,0,37,2,34,2,34,1,36,1;0,-1,31,0,27,0,27,4,31,4,31,8,28,8,28,5;-1,0,0,24,0,28,3,28,3,32,1,32;0,-1,0,4,0,0,2,0,2,4,3,4,3,3;0,-1,5,0,7,0,7,3,10,3,10,1;-1,0,1,33,5,33,5,34,1,34;-1,0,0,34,0,29,2,29,2,31,1,31;-1,0,2,14,0,14,0,17,3,17,3,15,1,15;0,-1,25,2,26,2,26,5,24,5,24,2;0,-1,20,2,21,2,21,0,23,0,23,3,22,3,22,1;0,-1,16,0,16,2,18,2,18,1;0,1,16,44,13,44,13,41,14,41,14,42;1,0,36,30,38,30,38,31,36,31,36,33,38,33;0,-1,29,10,30,10,30,9,32,9,32,6;0,1,28,44,28,43,31,43,31,41,29,41,29,42;-1,0,0,40,0,42,2,42,2,41,1,41;1,0,39,26,39,24,37,24,37,23,38,23;0,1,9,41,7,41,7,43;0,-1,31,10,33,10,33,6,36,6,36,5,32,5,32,2;0,-1,11,3,11,0,8,0,8,2,9,2,9,1;-1,0,0,7,1,7,1,6,5,6,5,7,3,7;0,-1,4,3,6,3,6,2,3,2,3,1;1,0,39,34,37,34,37,36,38,36;0,-1,40,18,40,20,41,20,41,17,40,17,40,14;1,0,22,46,22,45,24,45,24,43,25,43,25,45,30,45;0,1,41,32,41,34,40,34,40,37;-1,0,10,46,7,46,7,45,5,45;1,0,41,38,38,38,38,41,39,41;0,1,29,44,32,44,32,45;1,0,40,3,40,8,41,8,41,13,38,13,38,11,40,11;0,1,19,46,17,46,17,43,18,43,18,45;0,1,41,43,41,39,40,39,40,41;1,0,40,31,40,33,39,33,39,30,40,30;-1,0,8,42,8,44,3,44;0,1,37,45,37,43,35,43,35,45;-1,0,0,43,0,46,2,46,2,44,1,44;0,1,37,46,34,46,34,45,33,45,33,43,34,43,34,44;1,0,41,46,38,46,38,45,40,45;0,-1,41,4,41,2,40,2,40,1;1,0,41,28,39,28,39,27,40,27;1,0,36,19,38,19,38,21,39,21,39,23,40,23;0,1,15,48,11,48,11,45,10,45,10,43,12,43,12,45;1,0,20,46,20,48,16,48,16,46,12,46,12,47,15,47;0,1,40,22,43,22,43,25,41,25,41,27,42,27,42,30;0,-1,43,21,43,17,42,17,42,13;0,1,28,46,28,48,33,48,33,46,32,46,32,47;0,1,42,34,43,34,43,39,42,39,42,44;1,0,43,11,43,7,41,7,41,5,42,5;-1,0,5,48,8,48,8,47,4,47;1,0,37,47,37,48,34,48,34,47,35,47;0,1,27,48,27,46,26,46,26,47
44,50|0,1,7,38,7,39;-1,0,11,41,10,41;0,1,8,38,8,39;0,1,9,39,9,40;0,1,6,35,6,36;-1,0,11,40,10,40;-1,0,11,39,10,39;-1,0,8,37,7,37;-1,0,10,38,9,38;0,1,7,35,7,36;-1,0,13,40,12,40;0,1,9,36,9,37;0,1,10,36,10,37;0,1,11,37,11,38;0,1,12,38,12,39;-1,0,13,37,12,37;0,-1,23,7,23,6;1,0,34,16,35,16;-1,0,6,29,5,29;-1,0,7,28,6,28;0,-1,24,7,24,6;0,-1,22,7,22,6;0,1,12,35,12,36;1,0,34,11,35,11;-1,0,14,39,13,39;-1,0,15,37,14,37;0,-1,23,9,23,8;1,0,32,16,33,16;-1,0,9,26,7,26;1,0,32,18,34,18;0,1,21,34,21,35;-1,0,8,31,7,31;1,0,31,17,34,17;0,1,19,33,19,35;0,-1,20,9,20,8,21,8,21,6;-1,0,17,40,14,40,14,41,13,41;0,1,21,33,21,32,20,32,20,35;0,-1,28,5,27,5,27,7,25,7,25,5;0,1,10,35,8,35,8,36;-1,0,11,36,11,34,7,34;0,1,20,30,20,31,19,31,19,32;0,1,10,33,10,32,8,32,8,33;0,-1,24,8,28,8,28,6;-1,0,18,39,15,39,15,38,13,38;0,1,17,36,16,36,16,38;0,1,17,35,15,35,15,36;0,1,6,30,9,30,9,31;0,1,18,33,16,33,16,34;1,0,33,19,30,19,30,18,31,18;-1,0,7,27,9,27,9,28,8,28;-1,0,12,28,10,28,10,29,7,29;1,0,34,12,34,14,33,14,33,15,34,15;1,0,30,13,29,13,29,14,32,14;-1,0,16,13,16,15,14,15;1,0,30,20,29,20,29,21,32,21;1,0,30,12,33,12,33,10,35,10;1,0,26,12,29,12;0,1,22,32,22,31,23,31,23,33;1,0,28,15,31,15;-1,0,11,26,11,24,10,24;0,1,15,34,15,32,13,32,13,33;1,0,24,29,26,29,26,28,27,28;0,-1,15,10,15,11,17,11,17,10;0,-1,20,10,19,10,19,8;1,0,21,31,21,29,23,29;1,0,31,8,31,10,28,10,28,11,32,11;0,1,11,30,11,33,12,33,12,34;0,-1,25,9,29,9,29,6;0,1,30,17,29,17,29,19;0,1,13,28,13,30,12,30,12,32;1,0,27,22,27,21,28,21;-1,0,12,25,12,27,10,27;1,0,26,21,26,20,28,20;-1,0,14,30,14,28,16,28,16,27,13,27;-1,0,11,19,13,19,13,21,10,21;1,0,18,30,18,29,20,29;0,1,24,24,24,27,25,27,25,28;-1,0,14,26,14,25,13,25;1,0,28,18,28,16,31,16;0,-1,27,10,25,10,25,12,24,12,24,10;-1,0,19,28,19,27,17,27;-1,0,22,27,22,28,20,28;0,1,21,24,21,26,23,26,23,27;0,-1,19,11,18,11,18,10;1,0,25,14,26,14;-1,0,17,13,18,13,18,12,15,12;1,0,23,13,23,14,24,14;-1,0,22,9,22,10,21,10,21,11,20,11;-1,0,15,25,15,24,13,24;0,-1,16,17,13,17,13,16;0,-1,20,13,20,12;0,-1,14,20,14,18,12,18,12,17;-1,0,19,16,19,18,17,18;1,0,18,25,16,25,16,26,18,26;-1,0,21,15,18,15,18,14,17,14;0,-1,22,13,21,13,21,12,23,12,23,10;-1,0,19,12,19,14,22,14,22,17,20,17;0,1,28,19,25,19,25,21,24,21,24,22;0,1,17,21,18,21,18,23;1,0,27,17,27,18,25,18,25,15,27,15;0,1,15,20,15,21,16,21,16,24;1,0,22,22,23,22;0,-1,24,18,24,15;0,1,20,24,20,23,23,23,23,24;0,-1,23,16,23,20,22,20,22,19;0,-1,15,19,16,19,16,20,18,20,18,19;0,-1,21,19,19,19,19,22,21,22,21,21;-1,0,13,44,13,42,11,42,11,44,8,44,8,40,4,40;1,0,26,2,23,2,23,0,18,0,18,3,22,3;0,1,33,9,37,9,37,14,39,14,39,17,35,17,35,18;0,-1,0,26,0,24,1,24,1,28,5,28,5,23;1,0,20,39,20,41,23,41,23,46,26,46,26,45,30,45;0,-1,5,21,5,18,0,18,0,14,3,14,3,12;-1,0,0,34,0,32,2,32,2,37,6,37,6,39,3,39;1,0,20,7,20,5,24,5,24,3,29,3;0,1,40,28,37,28,37,26,33,26,33,30;-1,0,15,7,13,7,13,6,16,6,16,8,12,8;1,0,35,21,35,25,32,25,32,28,31,28,31,31,33,31;-1,0,7,2,7,7,9,7,9,12,4,12,4,7,2,7;1,0,25,43,25,39,22,39,22,37,17,37,17,38,19,38;-1,0,5,31,5,36,3,36,3,33,4,33,4,29,1,29;1,0,30,33,34,33,34,29,39,29;0,1,34,39,30,39,30,36,32,36,32,34,35,34,35,38;0,-1,27,0,27,2,31,2,31,6,35,6,35,4;0,1,32,43,31,43,31,45,33,45,33,40,35,40,35,42;-1,0,1,38,1,37,0,37,0,41,2,41,2,39,1,39;0,1,35,39,38,39,38,43,34,43,34,45;0,-1,28,1,30,1,30,0,32,0,32,3,35,3,35,2;0,1,15,46,15,45,17,45,17,42,22,42,22,43;0,-1,37,8,40,8,40,13,38,13,38,11;1,0,40,29,40,30,35,30,35,33,36,33,36,35,39,35;0,1,16,46,18,46,18,43,20,43,20,44;0,1,36,44,35,44,35,46,40,46,40,44,37,44,37,45;0,-1,3,15,3,17,5,17,5,15,10,15,10,12;0,1,9,46,9,45,4,45,4,42,2,42,2,44;0,-1,12,6,10,6,10,11,14,11,14,9,17,9,17,6;0,-1,12,0,15,0,15,3,17,3,17,5,12,5,12,4;0,1,3,45,0,45,0,42,1,42,1,43;0,-1,33,0,36,0,36,4,38,4,38,2;0,-1,5,9,5,11,6,11,6,8;-1,0,14,4,14,2,11,2,11,0,6,0,6,2,4,2;0,-1,0,8,0,6,3,6,3,3;1,0,38,26,38,23,40,23,40,18,36,18,36,22,38,22;0,-1,16,0,16,2,17,2,17,1;-1,0,4,24,3,24,3,20,1,20;-1,0,0,5,2,5,2,4,1,4;-1,0,4,27,4,25,2,25,2,23,1,23;1,0,30,3,30,7,32,7;1,0,40,38,36,38,36,37,37,37;1,0,37,34,38,34,38,32,36,32,36,31,39,31;1,0,32,10,32,8,33,8,33,7,36,7;0,-1,38,6,38,5,37,5,37,7,39,7,39,5;-1,0,4,23,4,19,3,19;-1,0,1,0,3,0,3,2,2,2;0,-1,40,1,40,4,39,4,39,1;-1,0,0,13,0,11,3,11,3,10,1,10;-1,0,3,32,3,30,1,30;-1,0,0,20,0,22,2,22,2,21,1,21;0,-1,38,27,39,27,39,24,41,24,41,19;0,1,42,39,39,39,39,43,41,43,41,47;-1,0,0,46,2,46,2,48,7,48,7,46,3,46;0,-1,42,14,42,18,41,18,41,14;0,1,16,44,16,42,14,42,14,45;-1,0,1,7,1,8,3,8,3,9,2,9;0,1,29,48,29,46,33,46,33,47;0,-1,40,5,40,7,41,7,41,5;1,0,42,46,42,42,40,42,40,41,41,41;0,1,19,44,19,45,21,45,21,47;0,-1,42,7,42,4,41,4,41,3;1,0,42,22,42,25,40,25,40,26,41,26;1,0,36,36,38,36,38,37,40,37;0,1,8,46,8,48,10,48,10,45,13,45,13,46;1,0,42,32,39,32,39,33,40,33;0,1,12,48,12,46,11,46,11,47;0,-1,41,34,44,34,44,30,43,30,43,26;-1,0,11,48,11,49,8,49;0,-1,43,17,43,15,44,15,44,10,43,10,43,7;1,0,2,49,7,49,7,50,12,50,12,49,14,49;0,1,38,50,38,47,35,47,35,49;0,1,39,50,40,50,40,49,44,49,44,45,43,45,43,48;0,1,13,48,13,47,16,47,16,49;1,0,44,38,44,35,41,35,41,38,42,38;0,1,23,49,20,49,20,46,19,46,19,48;0,1,21,48,22,48,22,47,25,47,25,49;0,1,22,50,27,50,27,46,28,46,28,48
46,45|-1,0,6,12,5,12;0,-1,6,11,6,10;0,-1,6,14,6,13;1,0,35,26,36,26;0,-1,7,11,7,10;0,-1,6,16,6,15;0,-1,7,13,7,12;1,0,35,25,36,25;1,0,34,31,35,31;1,0,34,30,35,30;-1,0,9,11,8,11;0,-1,7,15,7,14;1,0,35,24,36,24;-1,0,9,10,8,10;-1,0,8,16,7,16;1,0,34,27,35,27;-1,0,8,17,7,17;1,0,33,25,34,25;0,-1,22,11,22,10;-1,0,10,20,9,20;0,-1,22,12,21,12,21,10;1,0,31,26,34,26;0,-1,18,9,17,9,17,6;1,0,33,27,33,28,36,28;1,0,29,25,31,25;-1,0,11,26,11,24,10,24;0,-1,25,10,26,10,26,8,24,8,24,6;0,-1,29,10,28,10,28,6;0,-1,19,15,19,12;0,-1,23,13,23,12;1,0,30,27,32,27,32,29,36,29;1,0,15,7,15,8,16,8;0,1,13,32,13,31,15,31,15,32;0,-1,26,12,27,12,27,9;-1,0,13,30,12,30,12,28,10,28;-1,0,7,18,10,18,10,19,8,19;0,-1,14,10,16,10,16,9;-1,0,12,26,12,23,10,23;0,-1,20,14,20,12;0,-1,30,13,30,11;0,-1,18,15,18,12;0,-1,30,14,31,14,31,13;-1,0,9,21,12,21,12,20,11,20;0,1,37,23,34,23,34,24;-1,0,13,23,13,22,10,22;1,0,33,22,33,20,34,20,34,22,35,22;-1,0,17,32,16,32;1,0,28,11,29,11,29,15,30,15;-1,0,16,29,16,30,14,30;1,0,29,28,29,29,31,29;-1,0,13,26,13,27,11,27;0,-1,8,7,8,9,10,9,10,8;0,-1,17,15,17,14;1,0,28,26,30,26;1,0,11,7,11,9,13,9;1,0,13,10,11,10,11,11,12,11;0,-1,8,12,8,13,10,13,10,10;0,1,30,33,30,31,31,31,31,32;0,-1,26,17,26,16,28,16,28,12;1,0,32,22,32,23,33,23;-1,0,13,19,13,18,11,18;0,1,26,32,25,32,25,33;-1,0,16,20,15,20;1,0,31,22,31,19,33,19;0,1,26,31,27,31,27,34;-1,0,18,33,16,33;1,0,21,13,22,13;0,1,15,28,15,25,14,25,14,27;0,1,33,32,33,30,29,30,29,33;0,1,18,32,18,30,20,30,20,31;-1,0,16,31,17,31,17,28,16,28;1,0,22,15,22,14,24,14;-1,0,22,31,22,32,24,32,24,33,21,33;-1,0,16,21,14,21;0,-1,26,18,27,18,27,17;0,1,27,28,27,30,28,30,28,32;1,0,29,19,29,16,30,16;0,-1,27,20,26,20,26,19,28,19,28,17;0,-1,24,17,22,17,22,16,21,16,21,14;-1,0,9,16,9,15,8,15;-1,0,11,12,11,14,8,14;0,-1,27,21,30,21,30,20;0,-1,9,17,10,17,10,15,12,15,12,13;0,-1,13,16,13,13;-1,0,25,31,23,31,23,30,22,30;-1,0,14,16,14,17,11,17;0,-1,21,17,18,17,18,16;1,0,28,25,26,25,26,26,27,26;1,0,25,18,24,18,24,20,25,20;-1,0,26,30,24,30;1,0,24,21,26,21;-1,0,15,23,15,24,13,24;0,1,16,27,18,27,18,25,19,25,19,28;0,1,21,26,21,27;0,1,21,22,21,24,20,24,20,27;1,0,25,25,25,28,26,28;1,0,24,26,24,29,26,29;0,-1,14,19,15,19,15,15,14,15,14,14;0,-1,23,19,23,20,22,20,22,18;0,-1,16,19,17,19,17,16,16,16,16,13;-1,0,17,24,16,24,16,22,14,22;0,-1,19,19,19,18;0,1,28,24,27,24,27,22,24,22,24,23;0,-1,18,19,18,22,17,22,17,20;0,1,18,24,19,24,19,20,20,20,20,22;0,1,22,24,22,25,23,25,23,28;1,0,22,23,22,22,23,22;1,0,21,18,21,21,22,21;0,1,36,22,40,22,40,25,37,25,37,29,40,29,40,33;0,-1,19,9,22,9,22,5,25,5,25,1;-1,0,31,37,26,37,26,39,22,39,22,35,19,35;1,0,27,8,27,7,26,7,26,4,30,4,30,2,35,2;0,-1,4,25,6,25,6,22,4,22,4,18;0,-1,10,5,10,3,6,3,6,6,11,6,11,4;0,1,5,17,5,21,7,21,7,25,9,25,9,30;-1,0,17,41,17,40,14,40,14,37,12,37,12,32,10,32;0,1,5,15,4,15,4,11,0,11,0,15,3,15,3,17;-1,0,10,30,10,29,11,29,11,31,7,31,7,26,3,26;0,-1,41,18,39,18,39,20,42,20,42,16,41,16,41,13;0,-1,36,1,36,6,41,6,41,1;0,-1,21,8,19,8,19,3,14,3,14,8,12,8,12,7;0,1,0,35,0,31,2,31,2,36;1,0,41,41,37,41,37,39,39,39;0,1,1,38,3,38,3,34,6,34,6,38;0,-1,13,7,13,6,12,6,12,5,13,5,13,2;0,-1,26,3,29,3,29,0,24,0,24,4,22,4,22,1;0,1,6,33,6,32,9,32,9,34,7,34,7,36;1,0,40,27,40,26,38,26,38,28,40,28;0,-1,42,0,38,0,38,2,40,2,40,5,37,5,37,3;-1,0,2,25,2,27,5,27,5,28,2,28;-1,0,9,37,7,37,7,40,3,40;-1,0,0,22,0,18,3,18,3,21,2,21;-1,0,0,6,0,10,4,10,4,9,7,9,7,7,6,7;0,1,5,38,5,36,4,36,4,39,1,39,1,40;0,1,17,36,17,39,21,39,21,36,19,36,19,37;0,-1,14,1,12,1,12,3,11,3,11,2;0,-1,2,9,2,8,4,8,4,7;1,0,30,41,30,40,32,40,32,37,34,37;1,0,31,5,29,5,29,8,30,8;1,0,30,7,31,7,31,10,35,10;1,0,37,11,37,9,32,9,32,7,36,7;-1,0,3,2,6,2,6,1,1,1;1,0,24,34,24,36,28,36,28,34,29,34,29,36,32,36;0,-1,17,0,17,2,15,2,15,1;0,1,33,33,33,36,36,36,36,40;0,1,13,41,8,41,8,38,12,38,12,40;-1,0,2,20,2,19,1,19,1,23,5,23,5,24,4,24;1,0,42,7,42,9,40,9,40,13,38,13,38,9,39,9;-1,0,0,16,0,17,2,17,2,16,1,16;1,0,34,35,34,32,36,32,36,30,37,30,37,34,40,34;1,0,42,35,41,35,41,38,37,38,37,37,38,37;0,1,30,39,31,39,31,38,29,38,29,39;0,-1,23,0,18,0,18,2,19,2,19,1;-1,0,1,30,0,30,0,29,4,29,4,30,2,30;1,0,40,17,40,14,39,14,39,16,35,16,35,21,36,21;-1,0,5,6,4,6,4,3,1,3;-1,0,0,2,0,5,1,5,1,6,3,6,3,4,1,4;0,1,36,41,35,41,35,38,33,38,33,39;0,1,29,41,29,40,28,40,28,38,27,38,27,39;1,0,36,17,37,17,37,21,39,21;0,-1,14,0,10,0,10,2,9,2,9,1;0,-1,5,0,7,0,7,2,8,2,8,1;-1,0,17,42,17,43,15,43,15,42,11,42;1,0,41,24,44,24,44,27,41,27,41,29,43,29;-1,0,7,41,5,41,5,43,10,43,10,42,9,42;1,0,42,28,44,28,44,33,41,33,41,30,42,30;0,1,27,40,27,43,22,43,22,40,26,40,26,42;1,0,44,2,44,6,42,6,42,2,43,2;1,0,42,38,44,38,44,43,42,43,42,41,43,41;0,1,19,42,21,42,21,40,18,40,18,42;1,0,42,13,42,15,44,15,44,12,41,12,41,11,43,11;1,0,43,19,43,17,44,17,44,21,41,21,41,23,42,23;-1,0,2,43,4,43,4,42,2,42;0,1,34,39,34,41,32,41,32,42;0,-1,42,22,45,22,45,17;0,-1,41,10,43,10,43,9,45,9,45,4;-1,0,11,45,6,45,6,44,1,44;1,0,31,41,31,44,35,44;0,1,46,40,46,45,41,45,41,42,38,42,38,44;1,0,41,34,43,34,43,37,45,37;0,1,9,44,11,44,11,43,13,43,13,44;0,1,28,45,28,42,30,42,30,43;0,1,37,45,37,42,36,42,36,43;0,1,19,44,20,44,20,45,18,45,18,43,21,43,21,44;1,0,46,11,44,11,44,10,45,10;0,-1,46,0,46,3,45,3,45,2
45,46|-1,0,7,26,6,26;-1,0,6,24,5,24;-1,0,6,23,5,23;-1,0,6,22,5,22;-1,0,8,25,7,25;-1,0,8,24,7,24;0,-1,6,20,6,19;-1,0,7,21,6,21;1,0,35,18,36,18;-1,0,8,20,7,20;-1,0,8,23,7,23;-1,0,8,19,7,19;-1,0,8,22,7,22;-1,0,8,27,7,27;-1,0,9,28,8,28;1,0,35,20,36,20;1,0,35,21,36,21;0,1,19,36,19,37;1,0,33,18,34,18;-1,0,7,18,9,18,9,21,8,21;0,1,9,31,10,31,10,33;0,1,22,37,22,35,21,35,21,37;0,1,23,35,23,34,20,34,20,36;-1,0,9,24,9,26,8,26;-1,0,9,22,12,22,12,20,11,20;-1,0,16,8,15,8;0,1,11,33,11,32,12,32,12,35;0,1,14,36,14,34,13,34,13,35;-1,0,16,9,14,9;1,0,35,14,35,12,36,12;0,1,33,28,33,29;0,1,11,29,11,30,8,30,8,33;1,0,25,33,27,33;-1,0,11,25,10,25;1,0,31,29,31,28,32,28;0,1,22,31,22,32,24,32,24,35;0,1,35,26,34,26,34,27;-1,0,13,26,11,26,11,27,10,27;1,0,34,11,34,15,35,15;1,0,29,28,30,28,30,30,32,30;0,1,26,27,27,27,27,28;1,0,18,37,18,35,19,35;1,0,18,34,19,34,19,33,21,33;0,1,24,26,24,30,21,30,21,31;-1,0,15,22,13,22;-1,0,15,36,15,37,17,37,17,35,15,35;-1,0,13,25,12,25;-1,0,17,8,19,8,19,9,17,9;0,1,28,26,30,26,30,27;0,1,17,33,17,34;1,0,16,32,20,32;-1,0,9,12,9,14,10,14,10,16,9,16;-1,0,14,26,14,24,10,24,10,23,9,23;1,0,18,31,16,31,16,29,17,29;0,-1,28,7,28,8,26,8,26,5;0,1,34,25,33,25,33,27;1,0,33,14,32,14,32,13,33,13;-1,0,13,28,10,28,10,29,8,29;-1,0,14,11,14,10,13,10;0,1,8,17,10,17,10,19;0,1,24,25,26,25,26,26;0,1,13,30,13,33,16,33,16,34;0,-1,13,13,12,13,12,12,15,12,15,10;-1,0,15,20,15,21,13,21;-1,0,16,22,16,19,15,19;0,-1,18,7,18,6,20,6,20,5;0,1,30,24,27,24,27,26;1,0,15,30,15,31,14,31,14,28,17,28;1,0,33,10,31,10,31,8,34,8;0,1,21,24,21,25,19,25,19,27;0,-1,25,8,25,6,21,6,21,5;0,-1,33,12,31,12,31,11;-1,0,18,21,17,21,17,23,16,23;0,1,35,23,35,25;-1,0,17,25,15,25,15,27,12,27;-1,0,17,20,20,20,20,22,18,22;0,-1,11,18,11,16,13,16,13,15;0,1,34,24,34,22,36,22,36,26;-1,0,18,19,18,18,17,18;0,-1,25,15,25,14;-1,0,21,8,21,9,20,9;0,1,32,22,32,23,31,23,31,25;-1,0,21,19,20,19;0,1,35,19,34,19,34,21;-1,0,19,11,19,12,16,12;-1,0,17,14,17,16,14,16;1,0,30,15,32,15,32,16,34,16;-1,0,23,7,22,7,22,10,19,10;-1,0,23,11,20,11,20,13,18,13;0,-1,24,15,21,15,21,12;-1,0,15,17,19,17,19,15,18,15;0,-1,16,24,18,24,18,23;1,0,30,9,30,13,31,13;1,0,35,17,32,17,32,19,33,19;0,1,31,18,29,18,29,20,33,20,33,24;-1,0,21,17,21,18,19,18;0,-1,23,19,23,18;0,-1,28,12,28,13,29,13,29,10;0,-1,26,17,26,14,27,14,27,13;0,1,26,24,23,24,23,25;0,1,25,20,25,23;1,0,23,23,23,22,24,22;1,0,19,24,19,23,21,23,21,21,24,21;1,0,28,20,28,17,29,17;0,-1,22,20,22,16,20,16,20,14;1,0,31,14,28,14,28,16,30,16;0,-1,26,18,27,18,27,16;0,1,23,20,24,20,24,17,25,17,25,19;0,1,41,15,41,17,39,17,39,22;0,1,6,27,4,27,4,23,2,23,2,26;0,-1,5,33,5,28,0,28,0,24,1,24,1,22;-1,0,37,42,41,42,41,37,38,37,38,40,33,40;-1,0,14,42,14,40,11,40,11,38,6,38;-1,0,7,8,3,8,3,5,8,5,8,10,6,10;-1,0,7,12,7,17,5,17,5,21,2,21;1,0,40,28,41,28,41,33,37,33,37,28,39,28;-1,0,0,22,0,20,4,20,4,18,2,18;0,-1,19,0,22,0,22,5,24,5,24,4;1,0,25,5,25,3,27,3,27,1,31,1;0,1,17,41,21,41,21,38,16,38,16,39;0,-1,4,11,0,11,0,8,1,8,1,4,6,4,6,1;0,-1,41,10,41,13,40,13,40,9;0,-1,41,6,39,6,39,10,38,10,38,5;0,1,22,39,23,39,23,37,25,37,25,34,26,34,26,38;1,0,29,4,32,4,32,1,36,1;-1,0,8,39,4,39,4,37,7,37,7,35,4,35;0,1,4,34,4,33,3,33,3,38;0,1,36,28,34,28,34,29,35,29,35,32,30,32,30,34;1,0,25,38,25,41,27,41,27,36,31,36;1,0,31,35,31,33,34,33,34,35,36,35;-1,0,11,14,11,11,6,11,6,14,4,14;0,1,31,39,33,39,33,35,32,35,32,37;-1,0,6,16,6,15,4,15,4,17,3,17,3,14,2,14;-1,0,1,14,0,14,0,17,2,17,2,16,1,16;-1,0,0,35,2,35,2,37,1,37;0,1,1,36,0,36,0,39,3,39,3,40;0,-1,21,1,21,3,19,3,19,5,18,5,18,4;0,-1,26,2,25,2,25,0,23,0,23,3,24,3,24,1;1,0,35,36,35,38,37,38,37,35,38,35;0,1,32,38,31,38,31,37,30,37,30,39;0,-1,9,6,9,9,13,9,13,7,17,7,17,6;0,1,24,38,24,42,28,42,28,40,30,40,30,41;-1,0,12,0,12,3,9,3,9,0,5,0,5,2,3,2;0,1,8,36,13,36,13,39,15,39,15,41;1,0,34,5,37,5,37,1,40,1;-1,0,1,9,1,10,5,10,5,12,1,12;1,0,38,17,36,17,36,14,39,14;0,-1,15,4,15,6,13,6,13,4;0,-1,17,2,16,2,16,0,18,0,18,3,13,3,13,2;0,-1,5,3,1,3,1,1;-1,0,13,41,12,41,12,42,10,42,10,41,7,41;-1,0,2,29,0,29,0,30,4,30,4,32,2,32;1,0,38,19,38,18,37,18,37,20,38,20,38,23,40,23;0,1,9,39,10,39,10,40,5,40,5,41;0,1,21,42,23,42,23,40,22,40,22,41;0,-1,11,0,10,0,10,2,11,2,11,1;-1,0,0,40,0,42,2,42,2,40,1,40;0,1,32,42,32,40,31,40,31,41;1,0,41,2,38,2,38,4,39,4;1,0,37,21,37,24,38,24;1,0,36,30,36,33,35,33,35,34,38,34;-1,0,0,34,0,33,2,33,2,34,1,34;0,1,17,39,20,39,20,40,16,40,16,41;1,0,41,19,41,24,39,24,39,27,37,27,37,26,38,26;0,-1,43,36,43,33,42,33,42,28;0,-1,43,29,43,25,42,25,42,20;0,-1,13,0,15,0,15,2,14,2,14,1;1,0,29,42,31,42,31,44,27,44,27,43,29,43;-1,0,17,42,17,44,21,44,21,43,18,43;1,0,43,3,43,6,42,6,42,8,40,8,40,7,41,7;-1,0,15,42,16,42,16,43,11,43;1,0,41,44,38,44,38,43,42,43;0,1,37,41,33,41,33,43;-1,0,9,44,9,42,7,42,7,43,2,43;1,0,43,0,41,0,41,1,42,1;1,0,40,22,40,18,42,18;0,1,32,43,32,44,34,44,34,42,36,42,36,43;1,0,37,15,37,16,40,16,40,14,41,14;0,-1,45,32,43,32,43,30,45,30,45,27,44,27,44,23;1,0,35,43,35,45,39,45;0,-1,44,13,42,13,42,16,45,16,45,11,44,11,44,9;0,1,26,46,26,43,22,43,22,44;1,0,44,33,45,33,45,38,42,38,42,40,44,40;1,0,42,19,45,19,45,17,43,17,43,18,44,18;-1,0,10,44,11,44,11,46,9,46,9,45,4,45;1,0,42,4,42,2,43,2,43,1,44,1;1,0,45,26,45,22,43,22,43,20,44,20
44,51|-1,0,13,40,12,40;0,1,5,32,5,33;0,1,8,37,8,38;-1,0,10,38,9,38;0,1,6,33,6,34;0,1,7,35,7,36;0,1,6,31,6,32;-1,0,13,39,12,39;0,1,7,33,7,34;0,1,8,35,8,36;0,1,27,38,27,39;-1,0,12,38,11,38;-1,0,10,36,9,36;0,1,8,33,8,34;0,1,13,37,13,38;0,1,14,38,14,40,15,40,15,41;-1,0,11,36,11,37,9,37;0,-1,14,7,15,7,15,6;0,1,7,29,7,32,9,32,9,35;1,0,32,15,34,15,34,16,35,16;-1,0,12,33,10,33;-1,0,16,42,16,39,15,39;0,1,23,36,23,38,25,38,25,39;0,1,28,37,26,37,26,39;1,0,32,17,32,18,33,18;-1,0,12,37,12,35,11,35;0,1,10,34,13,34,13,36;-1,0,12,31,12,30,11,30;1,0,30,11,30,10,32,10,32,9,33,9;0,-1,28,10,28,7;0,1,29,38,29,34,28,34,28,36;0,1,26,35,26,34,27,34,27,35;-1,0,14,29,11,29;0,-1,23,8,23,10,24,10,24,8;0,-1,15,8,17,8,17,7,16,7,16,5;0,-1,14,14,14,12;0,-1,27,9,27,11,29,11,29,8;0,-1,11,12,11,8,13,8,13,7;-1,0,12,32,16,32,16,31,14,31;0,-1,25,11,25,9;0,-1,28,13,28,12,26,12,26,11;0,-1,30,12,30,13,31,13,31,12;0,-1,18,10,18,8,21,8,21,5;0,-1,26,13,27,13,27,14,29,14,29,12;1,0,31,15,31,16,32,16;0,-1,21,12,21,10,22,10,22,8;0,-1,33,12,33,14,34,14,34,12;0,1,24,36,24,34,23,34,23,35;-1,0,15,38,15,36,14,36,14,33,13,33;0,-1,29,17,30,17,30,14,32,14,32,12;0,-1,30,19,30,18,31,18,31,17;-1,0,10,9,10,13,7,13;0,-1,7,17,8,17,8,14;0,-1,17,11,17,9;-1,0,9,15,11,15,11,14,9,14;0,-1,9,17,9,16,12,16,12,14;0,1,26,30,26,31;0,1,20,40,20,38,22,38,22,40;-1,0,17,41,17,40,19,40,19,37,16,37;0,1,19,34,19,36,22,36,22,37;-1,0,15,29,15,28,13,28;0,1,30,32,29,32,29,33;0,-1,23,13,23,11;-1,0,14,17,11,17;0,-1,31,20,31,19;0,1,30,31,28,31,28,32;0,-1,25,14,25,12,24,12,24,11;0,1,29,29,29,30,27,30,27,33;-1,0,12,18,15,18,15,15,13,15;-1,0,16,23,15,23,15,22,13,22;-1,0,16,26,15,26;0,1,30,29,30,26,29,26,29,28;0,-1,16,10,16,12,18,12,18,11;0,-1,18,13,20,13,20,11;0,-1,23,14,22,14,22,12;0,-1,17,15,17,14,15,14,15,11;-1,0,16,17,16,19,15,19;0,1,15,35,15,34,18,34,18,36;-1,0,18,14,18,16,16,16;-1,0,20,33,16,33;0,1,17,28,17,31,19,31,19,32;0,-1,25,16,26,16,26,17,27,17,27,15;0,-1,21,14,20,14,20,17,19,17,19,15;-1,0,18,20,16,20;-1,0,24,13,24,15,22,15;0,1,26,27,28,27,28,28;-1,0,22,16,21,16;0,1,22,35,22,33,25,33,25,34;-1,0,17,24,16,24;0,-1,25,17,25,18,24,18,24,16;-1,0,17,19,19,19,19,18,18,18;1,0,30,20,30,21,32,21;0,-1,27,25,27,21,29,21,29,20;-1,0,18,26,18,27,14,27;-1,0,23,32,21,32,21,34,20,34;-1,0,24,32,24,31,21,31;-1,0,22,29,23,29,23,30,19,30;0,-1,25,26,28,26,28,23;-1,0,22,17,22,18,20,18;1,0,18,28,22,28;0,-1,24,19,23,19,23,16;-1,0,22,19,21,19,21,20,19,20;1,0,20,21,22,21,22,20,24,20;-1,0,21,22,18,22;-1,0,16,25,20,25,20,27,19,27;-1,0,20,24,18,24;-1,0,25,27,22,27;1,0,17,23,21,23,21,26,24,26;0,-1,10,28,7,28,7,27,2,27,2,23,6,23,6,18;-1,0,23,0,18,0,18,4,13,4;0,1,6,35,4,35,4,37,7,37,7,39,4,39,4,43;1,0,24,6,22,6,22,3,27,3,27,1,29,1;1,0,25,45,29,45,29,40,24,40,24,43,28,43;1,0,35,0,35,3,30,3,30,8,32,8,32,4,36,4;0,-1,1,17,4,17,4,15,6,15,6,13;0,-1,12,4,12,7,8,7,8,10,4,10,4,8;0,1,40,9,37,9,37,11,35,11,35,15,37,15,37,18;0,1,37,23,39,23,39,20,40,20,40,18,38,18,38,20;0,1,35,27,35,31,38,31,38,26,34,26,34,31;0,1,40,37,38,37,38,35,36,35,36,38,31,38,31,43;-1,0,9,39,9,43,6,43,6,47,10,47,10,44,7,44;-1,0,3,2,3,0,8,0,8,3,13,3,13,2,11,2;1,0,28,38,28,39,30,39,30,44,32,44;-1,0,5,43,5,46,2,46;1,0,33,46,33,44,36,44,36,39,32,39,32,43,34,43;0,1,0,31,0,27,1,27,1,32;0,1,22,46,22,41,20,41,20,46;-1,0,0,14,0,19,3,19,3,18,5,18,5,20,3,20;-1,0,1,20,1,21,5,21,5,22,3,22;-1,0,7,6,11,6,11,4,9,4,9,5,6,5;-1,0,0,3,4,3,4,7,1,7;0,1,14,44,18,44,18,41,19,41,19,44;-1,0,9,9,9,11,5,11;-1,0,0,35,3,35,3,37,2,37;0,-1,36,10,36,8,40,8,40,3,36,3,36,1;0,1,39,40,37,40,37,38,40,38,40,41,37,41,37,44;0,-1,2,0,2,2,1,2,1,1;-1,0,2,36,0,36,0,38,3,38,3,39,1,39;1,0,33,26,31,26,31,28,32,28,32,33,37,33;0,-1,29,7,29,6,28,6,28,2,31,2,31,1;-1,0,0,32,0,34,4,34,4,33,2,33;1,0,36,0,37,0,37,2,39,2;0,-1,9,0,14,0,14,3,17,3,17,2;0,1,17,43,14,43,14,41,13,41,13,43;-1,0,0,13,0,9,1,9,1,8,3,8,3,10,1,10;1,0,40,43,40,46,37,46,37,47,35,47,35,45,38,45;0,-1,30,0,34,0,34,2,32,2,32,1;1,0,39,45,39,44,38,44,38,42,39,42;-1,0,0,39,0,40,3,40,3,43,2,43;1,0,39,13,39,12,37,12,37,14,39,14;0,1,1,45,1,46,0,46,0,41,1,41,1,44;1,0,31,25,30,25,30,22,32,22,32,25,36,25;1,0,39,29,39,24,36,24,36,22,33,22,33,24,35,24;0,1,11,41,11,44,13,44,13,46;-1,0,0,6,3,6,3,4,2,4;1,0,33,29,33,32,35,32;1,0,36,32,38,32,38,33,39,33;1,0,40,12,40,15,38,15,38,17,39,17;0,-1,17,1,17,0,15,0,15,2,16,2,16,1;0,-1,23,1,22,1,22,2,24,2,24,1;1,0,30,38,30,34,33,34;0,1,34,45,34,47,32,47,32,45,30,45,30,46;0,1,28,44,24,44,24,45;0,1,24,39,23,39,23,42;1,0,34,35,33,35,33,37,35,37,35,34,39,34;0,-1,29,0,26,0,26,2,25,2,25,1;0,1,13,47,11,47,11,45,12,45,12,46;0,1,15,47,15,45,17,45,17,46;0,1,23,43,23,47,19,47,19,45,18,45,18,46;1,0,40,2,40,0,38,0,38,1,39,1;1,0,42,36,42,32,39,32,39,30,40,30;0,-1,42,26,42,29,40,29,40,27,41,27,41,22;0,-1,41,4,41,2,42,2,42,7,41,7,41,5;0,1,40,42,41,42,41,45;1,0,5,48,5,47,1,47,1,49,6,49,6,48,10,48;1,0,41,10,38,10,38,11,39,11;1,0,11,48,12,48,12,49,14,49,14,48,18,48;1,0,22,49,27,49,27,46,29,46,29,48,31,48;0,1,42,42,42,46,41,46,41,48;1,0,40,25,40,21,41,21;0,1,40,49,40,47,38,47,38,48;1,0,40,11,41,11,41,14,43,14;-1,0,41,49,43,49,43,51,39,51,39,50,36,50;0,1,25,47,24,47,24,46,26,46,26,48,21,48,21,50;1,0,39,16,41,16,41,20,42,20,42,25,43,25;0,1,28,51,31,51,31,49,29,49,29,50;0,1,7,51,10,51,10,49,7,49,7,50;1,0,44,14,44,9,41,9,41,8,43,8
